,seqnames,start,end,width,strand,sumReadsM,sumReadsN,Propdiff.CG.Fvb5,context,group
1,Fvb5,1,50000,50000,*,19894,30693,0.0214522048455326,CG,AL_FL
2,Fvb5,50001,100000,50000,*,6877,30093,0.0748969095490054,CG,AL_FL
3,Fvb5,100001,150000,50000,*,6433,38565,0.0100520116429244,CG,AL_FL
4,Fvb5,150001,200000,50000,*,10813,35802,-0.00794106252521332,CG,AL_FL
5,Fvb5,200001,250000,50000,*,5842,30588,0.0166095841245449,CG,AL_FL
6,Fvb5,250001,300000,50000,*,7699,39770,0.0397523128673738,CG,AL_FL
7,Fvb5,300001,350000,50000,*,4094,38523,0.00147979276266363,CG,AL_FL
8,Fvb5,350001,400000,50000,*,4958,45828,0.0208864801398504,CG,AL_FL
9,Fvb5,400001,450000,50000,*,11688,40921,0.033183867742105,CG,AL_FL
10,Fvb5,450001,500000,50000,*,5399,34122,0.00909118106944146,CG,AL_FL
11,Fvb5,500001,550000,50000,*,4386,31644,0.00795651053170091,CG,AL_FL
12,Fvb5,550001,600000,50000,*,7737,25532,0.0408978257610594,CG,AL_FL
13,Fvb5,600001,650000,50000,*,25440,35983,0.495584623344386,CG,AL_FL
14,Fvb5,650001,700000,50000,*,8422,22724,0.0751268871548599,CG,AL_FL
15,Fvb5,700001,750000,50000,*,6452,32364,0.0285649516002672,CG,AL_FL
16,Fvb5,750001,800000,50000,*,16391,35232,0.157627589247458,CG,AL_FL
17,Fvb5,800001,850000,50000,*,7488,37141,0.0439973405129551,CG,AL_FL
18,Fvb5,850001,900000,50000,*,9307,31009,-0.0307883309862478,CG,AL_FL
19,Fvb5,900001,950000,50000,*,6325,34546,0.0360716258006573,CG,AL_FL
20,Fvb5,950001,1000000,50000,*,7589,16585,-0.00361975196931053,CG,AL_FL
21,Fvb5,1000001,1050000,50000,*,10263,16301,-0.254020569179185,CG,AL_FL
22,Fvb5,1050001,1100000,50000,*,8659,31136,0.0788814073967443,CG,AL_FL
23,Fvb5,1100001,1150000,50000,*,7782,40253,0.0342387509489572,CG,AL_FL
24,Fvb5,1150001,1200000,50000,*,7655,26418,-0.00320943319381634,CG,AL_FL
25,Fvb5,1200001,1250000,50000,*,18715,32337,0.195943086043221,CG,AL_FL
26,Fvb5,1250001,1300000,50000,*,5538,32231,0.0416340743108224,CG,AL_FL
27,Fvb5,1300001,1350000,50000,*,8250,36099,0.0413140632590337,CG,AL_FL
28,Fvb5,1350001,1400000,50000,*,6594,29431,-0.093377180881851,CG,AL_FL
29,Fvb5,1400001,1450000,50000,*,11209,24012,0.134250123000515,CG,AL_FL
30,Fvb5,1450001,1500000,50000,*,14650,27050,0.11640424818779,CG,AL_FL
31,Fvb5,1500001,1550000,50000,*,7515,31862,0.0485483126726327,CG,AL_FL
32,Fvb5,1550001,1600000,50000,*,6515,20066,-0.0194445063124076,CG,AL_FL
33,Fvb5,1600001,1650000,50000,*,7432,23695,0.0523020398088097,CG,AL_FL
34,Fvb5,1650001,1700000,50000,*,10342,23428,0.0108684903478709,CG,AL_FL
35,Fvb5,1700001,1750000,50000,*,7899,31832,0.00280167370424678,CG,AL_FL
36,Fvb5,1750001,1800000,50000,*,3152,35821,0.0177331641432543,CG,AL_FL
37,Fvb5,1800001,1850000,50000,*,11378,34227,0.0928012636093588,CG,AL_FL
38,Fvb5,1850001,1900000,50000,*,13360,38452,0.232125027878871,CG,AL_FL
39,Fvb5,1900001,1950000,50000,*,12886,41634,0.0363937971377125,CG,AL_FL
40,Fvb5,1950001,2000000,50000,*,5928,35682,0.0794509855803469,CG,AL_FL
41,Fvb5,2000001,2050000,50000,*,3849,28846,0.0841958069705252,CG,AL_FL
42,Fvb5,2050001,2100000,50000,*,4413,45076,0.0157726938676086,CG,AL_FL
43,Fvb5,2100001,2150000,50000,*,6626,28923,-0.00279088400260621,CG,AL_FL
44,Fvb5,2150001,2200000,50000,*,6264,24366,0.0177155943471163,CG,AL_FL
45,Fvb5,2200001,2250000,50000,*,5458,25657,0.0161898255853751,CG,AL_FL
46,Fvb5,2250001,2300000,50000,*,5795,15627,-0.0670384405839353,CG,AL_FL
47,Fvb5,2300001,2350000,50000,*,4386,28347,0.00853511378071675,CG,AL_FL
48,Fvb5,2350001,2400000,50000,*,8288,28513,0.0713543349633676,CG,AL_FL
49,Fvb5,2400001,2450000,50000,*,11399,28724,0.0570880155839423,CG,AL_FL
50,Fvb5,2450001,2500000,50000,*,10616,39853,0.0782465467986378,CG,AL_FL
51,Fvb5,2500001,2550000,50000,*,16691,36969,0.245817852401711,CG,AL_FL
52,Fvb5,2550001,2600000,50000,*,3738,28832,0.0409211659711949,CG,AL_FL
53,Fvb5,2600001,2650000,50000,*,10905,41280,0.114632099636071,CG,AL_FL
54,Fvb5,2650001,2700000,50000,*,4700,35465,0.021087604766189,CG,AL_FL
55,Fvb5,2700001,2750000,50000,*,11419,30776,0.0960251685260041,CG,AL_FL
56,Fvb5,2750001,2800000,50000,*,15595,32148,0.127690353194198,CG,AL_FL
57,Fvb5,2800001,2850000,50000,*,39542,46821,0.144331455298885,CG,AL_FL
58,Fvb5,2850001,2900000,50000,*,8045,24852,0.0885521725545952,CG,AL_FL
59,Fvb5,2900001,2950000,50000,*,10722,34951,0.0481316640225414,CG,AL_FL
60,Fvb5,2950001,3000000,50000,*,9434,28861,0.064910973928717,CG,AL_FL
61,Fvb5,3000001,3050000,50000,*,10086,43804,0.054598302929577,CG,AL_FL
62,Fvb5,3050001,3100000,50000,*,8087,26133,0.0170977037599118,CG,AL_FL
63,Fvb5,3100001,3150000,50000,*,8137,33758,0.101552693357,CG,AL_FL
64,Fvb5,3150001,3200000,50000,*,7979,27759,0.0432809969923061,CG,AL_FL
65,Fvb5,3200001,3250000,50000,*,7162,30464,-0.0117618104934281,CG,AL_FL
66,Fvb5,3250001,3300000,50000,*,4453,24925,0.0577954724669445,CG,AL_FL
67,Fvb5,3300001,3350000,50000,*,10721,20425,0.0730962738213587,CG,AL_FL
68,Fvb5,3350001,3400000,50000,*,2434,7848,-0.00560593083955907,CG,AL_FL
69,Fvb5,3400001,3450000,50000,*,6330,31217,0.0236945319335506,CG,AL_FL
70,Fvb5,3450001,3500000,50000,*,8401,32553,0.0240872838424564,CG,AL_FL
71,Fvb5,3500001,3550000,50000,*,5539,30923,0.0476082617114093,CG,AL_FL
72,Fvb5,3550001,3600000,50000,*,10336,34816,0.0959385527893565,CG,AL_FL
73,Fvb5,3600001,3650000,50000,*,9058,36361,0.049766801797514,CG,AL_FL
74,Fvb5,3650001,3700000,50000,*,8242,28912,-0.00631798141593642,CG,AL_FL
75,Fvb5,3700001,3750000,50000,*,10530,33191,0.0313072507665083,CG,AL_FL
76,Fvb5,3750001,3800000,50000,*,10879,37703,0.0806514041011889,CG,AL_FL
77,Fvb5,3800001,3850000,50000,*,17478,26301,0.295536403581102,CG,AL_FL
78,Fvb5,3850001,3900000,50000,*,7667,33049,0.0587587261613358,CG,AL_FL
79,Fvb5,3900001,3950000,50000,*,8102,31401,-0.031283396904698,CG,AL_FL
80,Fvb5,3950001,4000000,50000,*,4808,35699,0.0189768966475742,CG,AL_FL
81,Fvb5,4000001,4050000,50000,*,5879,18645,0.0564097366938341,CG,AL_FL
82,Fvb5,4050001,4100000,50000,*,876,974,0.0266177219574557,CG,AL_FL
83,Fvb5,4100001,4150000,50000,*,3137,10277,-0.02011319209419,CG,AL_FL
84,Fvb5,4150001,4200000,50000,*,14049,31507,0.0941669194812289,CG,AL_FL
85,Fvb5,4200001,4250000,50000,*,14247,24226,0.0867524219896032,CG,AL_FL
86,Fvb5,4250001,4300000,50000,*,5760,19567,0.0153053614098403,CG,AL_FL
87,Fvb5,4300001,4350000,50000,*,14832,29130,0.0931210323254991,CG,AL_FL
88,Fvb5,4350001,4400000,50000,*,9888,31962,0.149461073670033,CG,AL_FL
89,Fvb5,4400001,4450000,50000,*,6931,25620,0.0804606537409397,CG,AL_FL
90,Fvb5,4450001,4500000,50000,*,40380,48274,0.197238344993471,CG,AL_FL
91,Fvb5,4500001,4550000,50000,*,11105,37275,0.0480170863518292,CG,AL_FL
92,Fvb5,4550001,4600000,50000,*,8701,31541,0.0577808428527166,CG,AL_FL
93,Fvb5,4600001,4650000,50000,*,9769,24311,0.0224778281891135,CG,AL_FL
94,Fvb5,4650001,4700000,50000,*,5670,11137,0.0362701036065279,CG,AL_FL
95,Fvb5,4700001,4750000,50000,*,13881,25475,0.0444888285654391,CG,AL_FL
96,Fvb5,4750001,4800000,50000,*,9333,38594,0.0753021583777533,CG,AL_FL
97,Fvb5,4800001,4850000,50000,*,5397,26776,-0.00207427019494774,CG,AL_FL
98,Fvb5,4850001,4900000,50000,*,8003,35300,0.0276229265220527,CG,AL_FL
99,Fvb5,4900001,4950000,50000,*,6647,36397,0.0417303896785705,CG,AL_FL
100,Fvb5,4950001,5000000,50000,*,3138,26544,0.031814489584439,CG,AL_FL
101,Fvb5,5000001,5050000,50000,*,7151,24610,0.0151531121375266,CG,AL_FL
102,Fvb5,5050001,5100000,50000,*,14785,27693,0.159032483872296,CG,AL_FL
103,Fvb5,5100001,5150000,50000,*,20301,36559,0.113554357585778,CG,AL_FL
104,Fvb5,5150001,5200000,50000,*,11381,31218,0.0305367093997221,CG,AL_FL
105,Fvb5,5200001,5250000,50000,*,6728,24544,0.0478469943275399,CG,AL_FL
106,Fvb5,5250001,5300000,50000,*,6164,35502,0.0157867453825811,CG,AL_FL
107,Fvb5,5300001,5350000,50000,*,11410,31068,0.0299749364774994,CG,AL_FL
108,Fvb5,5350001,5400000,50000,*,9885,26181,0.0616296063162303,CG,AL_FL
109,Fvb5,5400001,5450000,50000,*,6813,34171,0.030465281178685,CG,AL_FL
110,Fvb5,5450001,5500000,50000,*,9964,31861,0.0115538657764021,CG,AL_FL
111,Fvb5,5500001,5550000,50000,*,10031,31451,0.0423498951003322,CG,AL_FL
112,Fvb5,5550001,5600000,50000,*,9070,34809,0.0131095086350486,CG,AL_FL
113,Fvb5,5600001,5650000,50000,*,6925,23656,0.105865712566893,CG,AL_FL
114,Fvb5,5650001,5700000,50000,*,8084,28921,0.0445242480326938,CG,AL_FL
115,Fvb5,5700001,5750000,50000,*,5856,28979,0.0314869559163894,CG,AL_FL
116,Fvb5,5750001,5800000,50000,*,8085,38856,0.021894981373118,CG,AL_FL
117,Fvb5,5800001,5850000,50000,*,6924,31867,0.0246372467737162,CG,AL_FL
118,Fvb5,5850001,5900000,50000,*,9839,25591,0.10009116347569,CG,AL_FL
119,Fvb5,5900001,5950000,50000,*,5760,34130,0.00908033965325528,CG,AL_FL
120,Fvb5,5950001,6000000,50000,*,11985,33224,0.155496120694136,CG,AL_FL
121,Fvb5,6000001,6050000,50000,*,11098,38640,0.0395791864979391,CG,AL_FL
122,Fvb5,6050001,6100000,50000,*,3605,31988,-0.00841568404363915,CG,AL_FL
123,Fvb5,6100001,6150000,50000,*,5992,35663,0.0537035169279261,CG,AL_FL
124,Fvb5,6150001,6200000,50000,*,6228,36166,0.0396732801986551,CG,AL_FL
125,Fvb5,6200001,6250000,50000,*,7657,32871,0.0187373721453432,CG,AL_FL
126,Fvb5,6250001,6300000,50000,*,4168,7200,0.0376652178758498,CG,AL_FL
127,Fvb5,6300001,6350000,50000,*,1962,2613,-0.10151478837281,CG,AL_FL
128,Fvb5,6350001,6400000,50000,*,4388,14449,0.160733114918562,CG,AL_FL
129,Fvb5,6400001,6450000,50000,*,6359,19693,0.071431235607686,CG,AL_FL
130,Fvb5,6450001,6500000,50000,*,5781,31484,0.0337093763497368,CG,AL_FL
131,Fvb5,6500001,6550000,50000,*,10862,33454,0.0132118646821649,CG,AL_FL
132,Fvb5,6550001,6600000,50000,*,14175,31670,0.101993347876132,CG,AL_FL
133,Fvb5,6600001,6650000,50000,*,6791,25118,-0.0873576524119227,CG,AL_FL
134,Fvb5,6650001,6700000,50000,*,1992,24547,0.0325848578684618,CG,AL_FL
135,Fvb5,6700001,6750000,50000,*,9297,25833,0.0602778902989115,CG,AL_FL
136,Fvb5,6750001,6800000,50000,*,7417,22493,0.152071808873885,CG,AL_FL
137,Fvb5,6800001,6850000,50000,*,9593,31706,0.0663116221561078,CG,AL_FL
138,Fvb5,6850001,6900000,50000,*,5754,32084,0.0753537905648326,CG,AL_FL
139,Fvb5,6900001,6950000,50000,*,15021,36022,0.129031661672716,CG,AL_FL
140,Fvb5,6950001,7000000,50000,*,11099,23462,0.218997491852148,CG,AL_FL
141,Fvb5,7000001,7050000,50000,*,12657,28815,0.0245900292866597,CG,AL_FL
142,Fvb5,7050001,7100000,50000,*,5249,48456,0.00797441066071185,CG,AL_FL
143,Fvb5,7100001,7150000,50000,*,9872,28103,0.0185631020394199,CG,AL_FL
144,Fvb5,7150001,7200000,50000,*,8936,23518,0.0563969104520081,CG,AL_FL
145,Fvb5,7200001,7250000,50000,*,11800,33363,0.0694092723604022,CG,AL_FL
146,Fvb5,7250001,7300000,50000,*,10446,31854,0.0837572455747947,CG,AL_FL
147,Fvb5,7300001,7350000,50000,*,9325,29806,0.0538904086586294,CG,AL_FL
148,Fvb5,7350001,7400000,50000,*,9188,65183,0.00616048887422757,CG,AL_FL
149,Fvb5,7400001,7450000,50000,*,6733,26782,0.0417094967593395,CG,AL_FL
150,Fvb5,7450001,7500000,50000,*,4756,20655,0.0513838653254767,CG,AL_FL
151,Fvb5,7500001,7550000,50000,*,7647,43769,0.018803151515408,CG,AL_FL
152,Fvb5,7550001,7600000,50000,*,8253,31138,-0.009657632718509,CG,AL_FL
153,Fvb5,7600001,7650000,50000,*,5407,22230,0.0317925839947631,CG,AL_FL
154,Fvb5,7650001,7700000,50000,*,8639,27719,0.0856844797254068,CG,AL_FL
155,Fvb5,7700001,7750000,50000,*,11156,21697,0.0417413885453367,CG,AL_FL
156,Fvb5,7750001,7800000,50000,*,8645,29141,0.133218256279275,CG,AL_FL
157,Fvb5,7800001,7850000,50000,*,7538,23496,0.023434944287555,CG,AL_FL
158,Fvb5,7850001,7900000,50000,*,11514,24438,0.140189590839415,CG,AL_FL
159,Fvb5,7900001,7950000,50000,*,16210,31441,0.0608363329421113,CG,AL_FL
160,Fvb5,7950001,8000000,50000,*,13383,27923,0.0642153073640461,CG,AL_FL
161,Fvb5,8000001,8050000,50000,*,10015,26034,0.035021478429562,CG,AL_FL
162,Fvb5,8050001,8100000,50000,*,8307,20373,0.0947401875623614,CG,AL_FL
163,Fvb5,8100001,8150000,50000,*,10416,21148,0.062994577012178,CG,AL_FL
164,Fvb5,8150001,8200000,50000,*,8466,25870,0.0228332112712401,CG,AL_FL
165,Fvb5,8200001,8250000,50000,*,9914,35427,0.0385031071827638,CG,AL_FL
166,Fvb5,8250001,8300000,50000,*,9346,22272,0.126822835928439,CG,AL_FL
167,Fvb5,8300001,8350000,50000,*,6414,26923,0.0629316917204475,CG,AL_FL
168,Fvb5,8350001,8400000,50000,*,7823,24921,0.0356286630961261,CG,AL_FL
169,Fvb5,8400001,8450000,50000,*,7450,32377,-0.00028146001584109,CG,AL_FL
170,Fvb5,8450001,8500000,50000,*,8767,32655,0.0333816912705671,CG,AL_FL
171,Fvb5,8500001,8550000,50000,*,7067,25003,0.00889236837304186,CG,AL_FL
172,Fvb5,8550001,8600000,50000,*,6650,33745,0.0298271303170703,CG,AL_FL
173,Fvb5,8600001,8650000,50000,*,9688,29430,0.0841195184393357,CG,AL_FL
174,Fvb5,8650001,8700000,50000,*,21370,43193,0.0663269839993182,CG,AL_FL
175,Fvb5,8700001,8750000,50000,*,9190,41664,0.0261061265583277,CG,AL_FL
176,Fvb5,8750001,8800000,50000,*,5973,36679,0.00499531469055259,CG,AL_FL
177,Fvb5,8800001,8850000,50000,*,6169,19450,0.0661752576518923,CG,AL_FL
178,Fvb5,8850001,8900000,50000,*,9590,33435,-0.00352542183510629,CG,AL_FL
179,Fvb5,8900001,8950000,50000,*,12827,33151,0.0718677481237105,CG,AL_FL
180,Fvb5,8950001,9000000,50000,*,10263,32869,0.0121703558268921,CG,AL_FL
181,Fvb5,9000001,9050000,50000,*,17096,37896,0.105495817359179,CG,AL_FL
182,Fvb5,9050001,9100000,50000,*,10210,29861,0.0302344626422553,CG,AL_FL
183,Fvb5,9100001,9150000,50000,*,17291,31899,0.203324206367133,CG,AL_FL
184,Fvb5,9150001,9200000,50000,*,14533,22556,-0.0287215443131306,CG,AL_FL
185,Fvb5,9200001,9250000,50000,*,10688,38199,0.122828644714553,CG,AL_FL
186,Fvb5,9250001,9300000,50000,*,9673,38831,0.11219841255593,CG,AL_FL
187,Fvb5,9300001,9350000,50000,*,6300,33968,0.0232128636157015,CG,AL_FL
188,Fvb5,9350001,9400000,50000,*,9219,33893,0.128212218807015,CG,AL_FL
189,Fvb5,9400001,9450000,50000,*,10306,28793,0.0822787311320495,CG,AL_FL
190,Fvb5,9450001,9500000,50000,*,10327,28070,0.184143010239277,CG,AL_FL
191,Fvb5,9500001,9550000,50000,*,10216,22051,0.109395518343494,CG,AL_FL
192,Fvb5,9550001,9600000,50000,*,11997,34242,0.0900240740468516,CG,AL_FL
193,Fvb5,9600001,9650000,50000,*,8952,26633,0.0506003514306946,CG,AL_FL
194,Fvb5,9650001,9700000,50000,*,6597,26808,0.0489563632778199,CG,AL_FL
195,Fvb5,9700001,9750000,50000,*,9227,29432,0.0682616168248914,CG,AL_FL
196,Fvb5,9750001,9800000,50000,*,6468,30893,0.0410284018938928,CG,AL_FL
197,Fvb5,9800001,9850000,50000,*,11179,31655,0.057973528531309,CG,AL_FL
198,Fvb5,9850001,9900000,50000,*,5191,41412,0.0248672277231844,CG,AL_FL
199,Fvb5,9900001,9950000,50000,*,20870,33532,0.45726394724404,CG,AL_FL
200,Fvb5,9950001,10000000,50000,*,13424,30156,0.075367704244881,CG,AL_FL
201,Fvb5,10000001,10050000,50000,*,9900,30906,0.0125509662074971,CG,AL_FL
202,Fvb5,10050001,10100000,50000,*,6713,31838,0.0378122585190294,CG,AL_FL
203,Fvb5,10100001,10150000,50000,*,11415,35114,0.0435145503955846,CG,AL_FL
204,Fvb5,10150001,10200000,50000,*,7472,39286,0.0483302456212014,CG,AL_FL
205,Fvb5,10200001,10250000,50000,*,9658,33198,0.0319401712542348,CG,AL_FL
206,Fvb5,10250001,10300000,50000,*,10611,19173,0.0628064016368981,CG,AL_FL
207,Fvb5,10300001,10350000,50000,*,10184,26327,0.127500948351461,CG,AL_FL
208,Fvb5,10350001,10400000,50000,*,7385,20024,0.0705442380299285,CG,AL_FL
209,Fvb5,10400001,10450000,50000,*,13755,34338,0.0897416399512536,CG,AL_FL
210,Fvb5,10450001,10500000,50000,*,10164,25688,0.0511494160410306,CG,AL_FL
211,Fvb5,10500001,10550000,50000,*,13561,39653,0.0950316504870058,CG,AL_FL
212,Fvb5,10550001,10600000,50000,*,12506,31054,0.0585510340542527,CG,AL_FL
213,Fvb5,10600001,10650000,50000,*,7640,12441,-0.0215397527393125,CG,AL_FL
214,Fvb5,10650001,10700000,50000,*,10095,24399,0.0728795281501978,CG,AL_FL
215,Fvb5,10700001,10750000,50000,*,13206,29525,0.0306577606152618,CG,AL_FL
216,Fvb5,10750001,10800000,50000,*,8773,31278,0.0760285145108048,CG,AL_FL
217,Fvb5,10800001,10850000,50000,*,11074,25619,0.0402237660515162,CG,AL_FL
218,Fvb5,10850001,10900000,50000,*,5943,26433,0.0629203168954683,CG,AL_FL
219,Fvb5,10900001,10950000,50000,*,10931,27125,0.104341259972463,CG,AL_FL
220,Fvb5,10950001,11000000,50000,*,6039,32185,-0.0198114840668137,CG,AL_FL
221,Fvb5,11000001,11050000,50000,*,13141,23380,0.00152674507433381,CG,AL_FL
222,Fvb5,11050001,11100000,50000,*,15157,29698,0.126107573790861,CG,AL_FL
223,Fvb5,11100001,11150000,50000,*,11096,28631,0.0301636380243412,CG,AL_FL
224,Fvb5,11150001,11200000,50000,*,16422,32217,0.27054598680168,CG,AL_FL
225,Fvb5,11200001,11250000,50000,*,10574,30478,0.109417568259557,CG,AL_FL
226,Fvb5,11250001,11300000,50000,*,16386,35778,0.253781498570411,CG,AL_FL
227,Fvb5,11300001,11350000,50000,*,15323,27227,0.202346736864025,CG,AL_FL
228,Fvb5,11350001,11400000,50000,*,11795,26189,0.111422543527021,CG,AL_FL
229,Fvb5,11400001,11450000,50000,*,1254,5967,0.0948234284494162,CG,AL_FL
230,Fvb5,11450001,11500000,50000,*,13788,27836,0.187145214832137,CG,AL_FL
231,Fvb5,11500001,11550000,50000,*,11652,22959,0.148458402310018,CG,AL_FL
232,Fvb5,11550001,11600000,50000,*,13923,26343,0.150954755933536,CG,AL_FL
233,Fvb5,11600001,11650000,50000,*,6892,27700,0.0778362802401923,CG,AL_FL
234,Fvb5,11650001,11700000,50000,*,13935,32190,0.0570458088361818,CG,AL_FL
235,Fvb5,11700001,11750000,50000,*,5054,12909,-0.0444745552636382,CG,AL_FL
236,Fvb5,11750001,11800000,50000,*,10682,28804,0.0886328049078393,CG,AL_FL
237,Fvb5,11800001,11850000,50000,*,8602,29636,0.0583978905346912,CG,AL_FL
238,Fvb5,11850001,11900000,50000,*,12251,24733,0.166102171629345,CG,AL_FL
239,Fvb5,11900001,11950000,50000,*,13535,26573,0.209032772978269,CG,AL_FL
240,Fvb5,11950001,12000000,50000,*,13353,25207,0.0549565745564133,CG,AL_FL
241,Fvb5,12000001,12050000,50000,*,9868,19753,0.0540330437249427,CG,AL_FL
242,Fvb5,12050001,12100000,50000,*,9693,22883,0.251841452038675,CG,AL_FL
243,Fvb5,12100001,12150000,50000,*,12021,25394,0.0102315796913064,CG,AL_FL
244,Fvb5,12150001,12200000,50000,*,6265,18687,0.12225349649209,CG,AL_FL
245,Fvb5,12200001,12250000,50000,*,12589,29670,0.0828438301960613,CG,AL_FL
246,Fvb5,12250001,12300000,50000,*,6844,28540,0.0412828689788488,CG,AL_FL
247,Fvb5,12300001,12350000,50000,*,11092,27190,0.0756876537030347,CG,AL_FL
248,Fvb5,12350001,12400000,50000,*,10657,20080,0.0194167699176484,CG,AL_FL
249,Fvb5,12400001,12450000,50000,*,10603,35056,0.121682467011544,CG,AL_FL
250,Fvb5,12450001,12500000,50000,*,11780,23070,0.056381447481997,CG,AL_FL
251,Fvb5,12500001,12550000,50000,*,18709,29706,0.0640466716493491,CG,AL_FL
252,Fvb5,12550001,12600000,50000,*,19960,26761,0.0811190637365435,CG,AL_FL
253,Fvb5,12600001,12650000,50000,*,12283,24900,0.182067645964931,CG,AL_FL
254,Fvb5,12650001,12700000,50000,*,11396,26022,0.00737932898889676,CG,AL_FL
255,Fvb5,12700001,12750000,50000,*,15432,29736,0.0984508871578001,CG,AL_FL
256,Fvb5,12750001,12800000,50000,*,29256,34367,0.0687420703046158,CG,AL_FL
257,Fvb5,12800001,12850000,50000,*,8655,22412,0.155014348816605,CG,AL_FL
258,Fvb5,12850001,12900000,50000,*,8302,25654,0.0590687966434439,CG,AL_FL
259,Fvb5,12900001,12950000,50000,*,13389,22410,0.0723134373224938,CG,AL_FL
260,Fvb5,12950001,13000000,50000,*,11598,29330,0.187520773864966,CG,AL_FL
261,Fvb5,13000001,13050000,50000,*,13547,23202,0.0588720799931041,CG,AL_FL
262,Fvb5,13050001,13100000,50000,*,12638,29454,0.0931042313630639,CG,AL_FL
263,Fvb5,13100001,13150000,50000,*,8783,23403,0.0225774531784192,CG,AL_FL
264,Fvb5,13150001,13200000,50000,*,26956,42569,0.156005761338004,CG,AL_FL
265,Fvb5,13200001,13250000,50000,*,12988,23120,0.0961409924200228,CG,AL_FL
266,Fvb5,13250001,13300000,50000,*,21612,27162,0.0612472994301427,CG,AL_FL
267,Fvb5,13300001,13350000,50000,*,17471,26027,0.0993220100985336,CG,AL_FL
268,Fvb5,13350001,13400000,50000,*,9342,28676,0.0695123922526319,CG,AL_FL
269,Fvb5,13400001,13450000,50000,*,15395,37874,0.0765458293103028,CG,AL_FL
270,Fvb5,13450001,13500000,50000,*,11864,26893,0.105108526557708,CG,AL_FL
271,Fvb5,13500001,13550000,50000,*,20991,38819,0.0907289980481956,CG,AL_FL
272,Fvb5,13550001,13600000,50000,*,10992,12922,0.0956394011120271,CG,AL_FL
273,Fvb5,13600001,13650000,50000,*,13436,21147,0.0770421565084567,CG,AL_FL
274,Fvb5,13650001,13700000,50000,*,7409,21313,0.15237518529665,CG,AL_FL
275,Fvb5,13700001,13750000,50000,*,18727,25376,0.0932017243269917,CG,AL_FL
276,Fvb5,13750001,13800000,50000,*,14888,31951,0.13677798625752,CG,AL_FL
277,Fvb5,13800001,13850000,50000,*,9875,31851,0.0892814051736393,CG,AL_FL
278,Fvb5,13850001,13900000,50000,*,6726,23153,0.0198956354436843,CG,AL_FL
279,Fvb5,13900001,13950000,50000,*,21629,30154,0.0493243996652458,CG,AL_FL
280,Fvb5,13950001,14000000,50000,*,11163,25067,0.154788606726475,CG,AL_FL
281,Fvb5,14000001,14050000,50000,*,11204,22702,-0.0467022283456476,CG,AL_FL
282,Fvb5,14050001,14100000,50000,*,13231,22942,0.0849900644200196,CG,AL_FL
283,Fvb5,14100001,14150000,50000,*,13597,23309,0.201633438458737,CG,AL_FL
284,Fvb5,14150001,14200000,50000,*,13664,29459,0.0560521722277789,CG,AL_FL
285,Fvb5,14200001,14250000,50000,*,14881,16153,0.0220435318492215,CG,AL_FL
286,Fvb5,14250001,14300000,50000,*,11429,23923,0.126053696996633,CG,AL_FL
287,Fvb5,14300001,14350000,50000,*,8448,26558,0.0189248509963317,CG,AL_FL
288,Fvb5,14350001,14400000,50000,*,12332,18902,0.0603307770514278,CG,AL_FL
289,Fvb5,14400001,14450000,50000,*,14203,25613,0.0712412352749628,CG,AL_FL
290,Fvb5,14450001,14500000,50000,*,11784,24204,0.0926081011812953,CG,AL_FL
291,Fvb5,14500001,14550000,50000,*,20326,28325,0.0181270164786803,CG,AL_FL
292,Fvb5,14550001,14600000,50000,*,16773,26867,0.0890947216970777,CG,AL_FL
293,Fvb5,14600001,14650000,50000,*,17047,31286,0.0643083362837179,CG,AL_FL
294,Fvb5,14650001,14700000,50000,*,17431,23332,0.0606743979198014,CG,AL_FL
295,Fvb5,14700001,14750000,50000,*,10448,20087,0.0662666920047038,CG,AL_FL
296,Fvb5,14750001,14800000,50000,*,16157,28346,0.101316863008825,CG,AL_FL
297,Fvb5,14800001,14850000,50000,*,17718,26021,0.0555068025093339,CG,AL_FL
298,Fvb5,14850001,14900000,50000,*,13412,22104,0.106094945047075,CG,AL_FL
299,Fvb5,14900001,14950000,50000,*,14433,25122,0.00409039949254442,CG,AL_FL
300,Fvb5,14950001,15000000,50000,*,19851,25952,0.0517979759208339,CG,AL_FL
301,Fvb5,15000001,15050000,50000,*,14009,20763,0.152170566596971,CG,AL_FL
302,Fvb5,15050001,15100000,50000,*,17209,42203,0.10379135469973,CG,AL_FL
303,Fvb5,15100001,15150000,50000,*,14700,23760,0.060336540112203,CG,AL_FL
304,Fvb5,15150001,15200000,50000,*,15730,22359,0.0612945887304877,CG,AL_FL
305,Fvb5,15200001,15250000,50000,*,13519,25773,0.0363139534246906,CG,AL_FL
306,Fvb5,15250001,15300000,50000,*,11462,27398,0.0813508631344877,CG,AL_FL
307,Fvb5,15300001,15350000,50000,*,27145,31018,0.269688321206501,CG,AL_FL
308,Fvb5,15350001,15400000,50000,*,24828,30399,0.0658712983860817,CG,AL_FL
309,Fvb5,15400001,15450000,50000,*,15591,24955,0.160546850791271,CG,AL_FL
310,Fvb5,15450001,15500000,50000,*,15543,24149,0.132713370712468,CG,AL_FL
311,Fvb5,15500001,15550000,50000,*,16281,17273,0.105157072113769,CG,AL_FL
312,Fvb5,15550001,15600000,50000,*,18763,26356,0.100709757409095,CG,AL_FL
313,Fvb5,15600001,15650000,50000,*,17818,22478,0.221738551121973,CG,AL_FL
314,Fvb5,15650001,15700000,50000,*,20988,26353,0.127168853280986,CG,AL_FL
315,Fvb5,15700001,15750000,50000,*,17265,26753,0.111101609907787,CG,AL_FL
316,Fvb5,15750001,15800000,50000,*,12257,32975,0.133934576758808,CG,AL_FL
317,Fvb5,15800001,15850000,50000,*,11547,23069,0.103321836817138,CG,AL_FL
318,Fvb5,15850001,15900000,50000,*,16636,26444,0.19603664857856,CG,AL_FL
319,Fvb5,15900001,15950000,50000,*,11155,103640,0.0859981410372456,CG,AL_FL
320,Fvb5,15950001,16000000,50000,*,11698,24327,-0.0384484220803427,CG,AL_FL
321,Fvb5,16000001,16050000,50000,*,11819,25591,0.0901903891686043,CG,AL_FL
322,Fvb5,16050001,16100000,50000,*,12844,34494,0.182848323678506,CG,AL_FL
323,Fvb5,16100001,16150000,50000,*,23582,31633,0.162825710600387,CG,AL_FL
324,Fvb5,16150001,16200000,50000,*,19000,23298,0.110360406548431,CG,AL_FL
325,Fvb5,16200001,16250000,50000,*,26816,28861,0.0441344228722768,CG,AL_FL
326,Fvb5,16250001,16300000,50000,*,17984,31533,0.0567576477173956,CG,AL_FL
327,Fvb5,16300001,16350000,50000,*,32085,40405,0.089497463432067,CG,AL_FL
328,Fvb5,16350001,16400000,50000,*,17346,19189,0.0163439410860267,CG,AL_FL
329,Fvb5,16400001,16450000,50000,*,23955,26733,-0.0212718795879547,CG,AL_FL
330,Fvb5,16450001,16500000,50000,*,17659,26225,0.00709937311951725,CG,AL_FL
331,Fvb5,16500001,16550000,50000,*,7051,11432,-0.0677497538704005,CG,AL_FL
332,Fvb5,16550001,16600000,50000,*,16936,27218,0.0427603107144471,CG,AL_FL
333,Fvb5,16600001,16650000,50000,*,10669,35043,0.0951790058899881,CG,AL_FL
334,Fvb5,16650001,16700000,50000,*,20736,25305,0.0540966942526255,CG,AL_FL
335,Fvb5,16700001,16750000,50000,*,13246,24522,0.155871137397031,CG,AL_FL
336,Fvb5,16750001,16800000,50000,*,13676,25015,0.0386315340594546,CG,AL_FL
337,Fvb5,16800001,16850000,50000,*,10579,23953,0.114717838888506,CG,AL_FL
338,Fvb5,16850001,16900000,50000,*,12651,27444,0.0266738954170956,CG,AL_FL
339,Fvb5,16900001,16950000,50000,*,12723,24006,0.0293989126382829,CG,AL_FL
340,Fvb5,16950001,17000000,50000,*,16733,26829,0.158473391058021,CG,AL_FL
341,Fvb5,17000001,17050000,50000,*,16433,21496,0.0454035547621976,CG,AL_FL
342,Fvb5,17050001,17100000,50000,*,7826,10498,-0.038926284992151,CG,AL_FL
343,Fvb5,17100001,17150000,50000,*,13388,19738,0.102364606170119,CG,AL_FL
344,Fvb5,17150001,17200000,50000,*,19187,23953,0.124478016965846,CG,AL_FL
345,Fvb5,17200001,17250000,50000,*,15981,24413,0.0515659387878454,CG,AL_FL
346,Fvb5,17250001,17300000,50000,*,13400,22888,0.0900062429105597,CG,AL_FL
347,Fvb5,17300001,17350000,50000,*,15208,25077,0.0904974372868044,CG,AL_FL
348,Fvb5,17350001,17400000,50000,*,14710,23641,0.0661623261335625,CG,AL_FL
349,Fvb5,17400001,17450000,50000,*,24431,33032,0.111664260564431,CG,AL_FL
350,Fvb5,17450001,17500000,50000,*,23072,33042,0.175306746245899,CG,AL_FL
351,Fvb5,17500001,17550000,50000,*,10042,24903,0.0653831637947465,CG,AL_FL
352,Fvb5,17550001,17600000,50000,*,18172,29526,0.0860381661344496,CG,AL_FL
353,Fvb5,17600001,17650000,50000,*,18961,32820,0.163720816537604,CG,AL_FL
354,Fvb5,17650001,17700000,50000,*,20310,34195,0.139240704790168,CG,AL_FL
355,Fvb5,17700001,17750000,50000,*,26160,33132,0.0936102909616384,CG,AL_FL
356,Fvb5,17750001,17800000,50000,*,31838,35655,0.0892519771883261,CG,AL_FL
357,Fvb5,17800001,17850000,50000,*,16446,22798,0.13472902518214,CG,AL_FL
358,Fvb5,17850001,17900000,50000,*,12860,25468,0.153814077231808,CG,AL_FL
359,Fvb5,17900001,17950000,50000,*,16077,37923,0.128683239626235,CG,AL_FL
360,Fvb5,17950001,18000000,50000,*,15802,27996,0.0660619737501146,CG,AL_FL
361,Fvb5,18000001,18050000,50000,*,19978,37485,0.0330509529452028,CG,AL_FL
362,Fvb5,18050001,18100000,50000,*,16379,23559,0.188365229520908,CG,AL_FL
363,Fvb5,18100001,18150000,50000,*,12772,23623,0.165352903674368,CG,AL_FL
364,Fvb5,18150001,18200000,50000,*,9780,24936,0.0259031471708203,CG,AL_FL
365,Fvb5,18200001,18250000,50000,*,13893,30451,0.0156364227257997,CG,AL_FL
366,Fvb5,18250001,18300000,50000,*,13204,124238,0.0265249246956992,CG,AL_FL
367,Fvb5,18300001,18350000,50000,*,14272,25931,-0.0446583061900861,CG,AL_FL
368,Fvb5,18350001,18400000,50000,*,15586,26373,0.0744822784659797,CG,AL_FL
369,Fvb5,18400001,18450000,50000,*,7149,23922,0.0461266469685918,CG,AL_FL
370,Fvb5,18450001,18500000,50000,*,15726,28354,0.107199278658582,CG,AL_FL
371,Fvb5,18500001,18550000,50000,*,11759,27462,-0.0275196440141243,CG,AL_FL
372,Fvb5,18550001,18600000,50000,*,9699,27535,0.0787941635559748,CG,AL_FL
373,Fvb5,18600001,18650000,50000,*,13942,23660,0.129127907312593,CG,AL_FL
374,Fvb5,18650001,18700000,50000,*,16424,23377,0.0979567423242605,CG,AL_FL
375,Fvb5,18700001,18750000,50000,*,13355,22180,0.0620946103840757,CG,AL_FL
376,Fvb5,18750001,18800000,50000,*,12459,20484,0.0527387689477938,CG,AL_FL
377,Fvb5,18800001,18850000,50000,*,8357,18136,0.104327266692448,CG,AL_FL
378,Fvb5,18850001,18900000,50000,*,15279,23755,0.154989543779429,CG,AL_FL
379,Fvb5,18900001,18950000,50000,*,16540,21188,0.0582735615611187,CG,AL_FL
380,Fvb5,18950001,19000000,50000,*,11285,22912,0.0626073214997331,CG,AL_FL
381,Fvb5,19000001,19050000,50000,*,17250,23525,0.126189795164196,CG,AL_FL
382,Fvb5,19050001,19100000,50000,*,13375,19094,0.0570975075733374,CG,AL_FL
383,Fvb5,19100001,19150000,50000,*,14242,21756,0.0525997934404637,CG,AL_FL
384,Fvb5,19150001,19200000,50000,*,11133,19991,0.146619827734576,CG,AL_FL
385,Fvb5,19200001,19250000,50000,*,12855,16753,0.0805157250304331,CG,AL_FL
386,Fvb5,19250001,19300000,50000,*,16545,31265,0.103385477870221,CG,AL_FL
387,Fvb5,19300001,19350000,50000,*,11968,24156,0.122074016274845,CG,AL_FL
388,Fvb5,19350001,19400000,50000,*,16002,24236,0.0653207593683213,CG,AL_FL
389,Fvb5,19400001,19450000,50000,*,8346,17293,0.0228261582705426,CG,AL_FL
390,Fvb5,19450001,19500000,50000,*,12339,19160,0.0979741177024248,CG,AL_FL
391,Fvb5,19500001,19550000,50000,*,10379,13408,0.136467475730829,CG,AL_FL
392,Fvb5,19550001,19600000,50000,*,9389,11795,0.0641452968248327,CG,AL_FL
393,Fvb5,19600001,19650000,50000,*,8978,13259,0.0279606702351418,CG,AL_FL
394,Fvb5,19650001,19700000,50000,*,7900,10007,0.176544161022768,CG,AL_FL
395,Fvb5,19700001,19750000,50000,*,7999,9076,0.0595115741919449,CG,AL_FL
396,Fvb5,19750001,19800000,50000,*,15726,25884,0.0978194061810327,CG,AL_FL
397,Fvb5,19800001,19850000,50000,*,12508,24298,0.0473783626886409,CG,AL_FL
398,Fvb5,19850001,19900000,50000,*,11269,20195,0.122156553218129,CG,AL_FL
399,Fvb5,19900001,19950000,50000,*,11450,26881,0.0457419535983326,CG,AL_FL
400,Fvb5,19950001,20000000,50000,*,11035,23001,0.0893526462650941,CG,AL_FL
401,Fvb5,20000001,20050000,50000,*,14697,22276,0.102680660622584,CG,AL_FL
402,Fvb5,20050001,20100000,50000,*,17537,27127,-4.29752181998477e-05,CG,AL_FL
403,Fvb5,20100001,20150000,50000,*,11313,16583,0.012089941081056,CG,AL_FL
404,Fvb5,20150001,20200000,50000,*,8773,38055,0.0189339302266473,CG,AL_FL
405,Fvb5,20200001,20250000,50000,*,12645,28487,0.115387129072951,CG,AL_FL
406,Fvb5,20250001,20300000,50000,*,9393,16609,0.0725774240718103,CG,AL_FL
407,Fvb5,20300001,20350000,50000,*,13344,29650,0.0369214595634033,CG,AL_FL
408,Fvb5,20350001,20400000,50000,*,10853,19939,-0.0126243870986155,CG,AL_FL
409,Fvb5,20400001,20450000,50000,*,13578,27909,-0.162823149136262,CG,AL_FL
410,Fvb5,20450001,20500000,50000,*,11534,29014,-0.0353583718710973,CG,AL_FL
411,Fvb5,20500001,20550000,50000,*,14100,21788,0.158145113286531,CG,AL_FL
412,Fvb5,20550001,20600000,50000,*,9985,21380,0.0249601842085975,CG,AL_FL
413,Fvb5,20600001,20650000,50000,*,10344,16654,0.0533777884999135,CG,AL_FL
414,Fvb5,20650001,20700000,50000,*,12095,32435,0.0198833139260155,CG,AL_FL
415,Fvb5,20700001,20750000,50000,*,15080,27793,0.0851746939057075,CG,AL_FL
416,Fvb5,20750001,20800000,50000,*,13415,21920,0.0676020249185886,CG,AL_FL
417,Fvb5,20800001,20850000,50000,*,20146,31150,0.112447534133007,CG,AL_FL
418,Fvb5,20850001,20900000,50000,*,29113,32332,0.0985848887330372,CG,AL_FL
419,Fvb5,20900001,20950000,50000,*,18892,23841,0.224178212086004,CG,AL_FL
420,Fvb5,20950001,21000000,50000,*,17301,23888,0.127957536293067,CG,AL_FL
421,Fvb5,21000001,21050000,50000,*,10880,25752,0.123634625183252,CG,AL_FL
422,Fvb5,21050001,21100000,50000,*,20826,25612,0.0576658750010852,CG,AL_FL
423,Fvb5,21100001,21150000,50000,*,15829,27551,-0.0260646499389395,CG,AL_FL
424,Fvb5,21150001,21200000,50000,*,11719,21645,0.0386120298648097,CG,AL_FL
425,Fvb5,21200001,21250000,50000,*,16493,28055,0.102143070941971,CG,AL_FL
426,Fvb5,21250001,21300000,50000,*,17528,26613,0.115848805448473,CG,AL_FL
427,Fvb5,21300001,21350000,50000,*,12262,25688,0.100648200297949,CG,AL_FL
428,Fvb5,21350001,21400000,50000,*,19323,27876,0.0364549284819055,CG,AL_FL
429,Fvb5,21400001,21450000,50000,*,14178,21392,0.0883330687147991,CG,AL_FL
430,Fvb5,21450001,21500000,50000,*,10543,14723,0.0207846734130361,CG,AL_FL
431,Fvb5,21500001,21550000,50000,*,16800,24741,0.116534800533527,CG,AL_FL
432,Fvb5,21550001,21600000,50000,*,13688,19358,0.132155785573995,CG,AL_FL
433,Fvb5,21600001,21650000,50000,*,15740,27907,0.176022157059045,CG,AL_FL
434,Fvb5,21650001,21700000,50000,*,13861,29026,0.0213136425928993,CG,AL_FL
435,Fvb5,21700001,21750000,50000,*,12805,23466,-0.00846596979704184,CG,AL_FL
436,Fvb5,21750001,21800000,50000,*,14573,23956,0.179504949968651,CG,AL_FL
437,Fvb5,21800001,21850000,50000,*,13716,22299,0.142066591189926,CG,AL_FL
438,Fvb5,21850001,21900000,50000,*,24233,29777,0.100409953007143,CG,AL_FL
439,Fvb5,21900001,21950000,50000,*,10590,17403,0.157902474240044,CG,AL_FL
440,Fvb5,21950001,22000000,50000,*,16235,26709,0.208867128826066,CG,AL_FL
441,Fvb5,22000001,22050000,50000,*,13906,20295,0.112652783670108,CG,AL_FL
442,Fvb5,22050001,22100000,50000,*,16457,28016,0.213845430072266,CG,AL_FL
443,Fvb5,22100001,22150000,50000,*,11595,24547,0.0230029919784689,CG,AL_FL
444,Fvb5,22150001,22200000,50000,*,22699,28737,0.130484561613864,CG,AL_FL
445,Fvb5,22200001,22250000,50000,*,16130,26670,0.141063527511139,CG,AL_FL
446,Fvb5,22250001,22300000,50000,*,21083,39013,0.0318454285808087,CG,AL_FL
447,Fvb5,22300001,22350000,50000,*,24389,30424,0.11644833956348,CG,AL_FL
448,Fvb5,22350001,22400000,50000,*,16880,24981,-0.0115402008126649,CG,AL_FL
449,Fvb5,22400001,22450000,50000,*,22077,27997,0.124552908518343,CG,AL_FL
450,Fvb5,22450001,22500000,50000,*,17105,23322,0.0684530455764518,CG,AL_FL
451,Fvb5,22500001,22550000,50000,*,28194,30071,0.0799867097704547,CG,AL_FL
452,Fvb5,22550001,22600000,50000,*,21526,32487,0.179215199504676,CG,AL_FL
453,Fvb5,22600001,22650000,50000,*,19877,20844,0.0488911305407067,CG,AL_FL
454,Fvb5,22650001,22700000,50000,*,26626,28638,0.0296546896199146,CG,AL_FL
455,Fvb5,22700001,22750000,50000,*,26808,33341,0.0897548850375716,CG,AL_FL
456,Fvb5,22750001,22800000,50000,*,12999,24369,0.0597217974330347,CG,AL_FL
457,Fvb5,22800001,22850000,50000,*,13667,21619,0.181439591877074,CG,AL_FL
458,Fvb5,22850001,22900000,50000,*,25769,36257,0.213980945055454,CG,AL_FL
459,Fvb5,22900001,22950000,50000,*,16775,31078,0.154832382263568,CG,AL_FL
460,Fvb5,22950001,23000000,50000,*,13549,29616,0.0722840561983834,CG,AL_FL
461,Fvb5,23000001,23050000,50000,*,11696,23070,0.0403952191476229,CG,AL_FL
462,Fvb5,23050001,23100000,50000,*,15237,31459,0.0635244235060614,CG,AL_FL
463,Fvb5,23100001,23150000,50000,*,9894,26165,0.0223915207854946,CG,AL_FL
464,Fvb5,23150001,23200000,50000,*,14348,19292,0.242704594079292,CG,AL_FL
465,Fvb5,23200001,23250000,50000,*,10597,22115,0.0691709278844556,CG,AL_FL
466,Fvb5,23250001,23300000,50000,*,10365,26039,0.0225551924707066,CG,AL_FL
467,Fvb5,23300001,23350000,50000,*,12002,28058,0.0596343557635145,CG,AL_FL
468,Fvb5,23350001,23400000,50000,*,17535,26910,0.120701961704382,CG,AL_FL
469,Fvb5,23400001,23450000,50000,*,12128,23621,0.146566429236696,CG,AL_FL
470,Fvb5,23450001,23500000,50000,*,12575,35563,0.0257043467867055,CG,AL_FL
471,Fvb5,23500001,23550000,50000,*,13670,27025,0.0788066930176419,CG,AL_FL
472,Fvb5,23550001,23600000,50000,*,13046,25899,0.0279003401324727,CG,AL_FL
473,Fvb5,23600001,23650000,50000,*,8804,20514,0.109742053781087,CG,AL_FL
474,Fvb5,23650001,23700000,50000,*,10391,22736,0.127342350753262,CG,AL_FL
475,Fvb5,23700001,23750000,50000,*,10856,29206,0.0361141854738784,CG,AL_FL
476,Fvb5,23750001,23800000,50000,*,11084,27655,0.148652022114714,CG,AL_FL
477,Fvb5,23800001,23850000,50000,*,14497,24870,0.196470459951068,CG,AL_FL
478,Fvb5,23850001,23900000,50000,*,14016,23419,0.0549107995372414,CG,AL_FL
479,Fvb5,23900001,23950000,50000,*,14402,25054,0.0864144204916575,CG,AL_FL
480,Fvb5,23950001,24000000,50000,*,13958,21733,0.0948996968860302,CG,AL_FL
481,Fvb5,24000001,24050000,50000,*,16107,27739,0.0702555036803829,CG,AL_FL
482,Fvb5,24050001,24100000,50000,*,2695,8596,0.00413888453738065,CG,AL_FL
483,Fvb5,24100001,24150000,50000,*,11417,23457,-0.00334167396475271,CG,AL_FL
484,Fvb5,24150001,24200000,50000,*,10366,35124,0.0453642155616343,CG,AL_FL
485,Fvb5,24200001,24250000,50000,*,14088,28329,0.145540793025809,CG,AL_FL
486,Fvb5,24250001,24300000,50000,*,9910,28746,0.0536355972772612,CG,AL_FL
487,Fvb5,24300001,24350000,50000,*,8871,28411,0.073446660135577,CG,AL_FL
488,Fvb5,24350001,24400000,50000,*,6358,33382,0.0129281110681093,CG,AL_FL
489,Fvb5,24400001,24450000,50000,*,12037,25740,0.0779865314177694,CG,AL_FL
490,Fvb5,24450001,24500000,50000,*,12306,31638,0.0338684207641261,CG,AL_FL
491,Fvb5,24500001,24550000,50000,*,4129,15568,0.106269372893078,CG,AL_FL
492,Fvb5,24550001,24600000,50000,*,13407,20837,0.138968307934734,CG,AL_FL
493,Fvb5,24600001,24650000,50000,*,12064,31131,0.106093393687439,CG,AL_FL
494,Fvb5,24650001,24700000,50000,*,13354,25909,0.265276530182605,CG,AL_FL
495,Fvb5,24700001,24750000,50000,*,14754,18087,0.249130413379273,CG,AL_FL
496,Fvb5,24750001,24800000,50000,*,12595,24709,0.145236254140204,CG,AL_FL
497,Fvb5,24800001,24850000,50000,*,7654,22389,0.111175217727227,CG,AL_FL
498,Fvb5,24850001,24900000,50000,*,15098,25340,0.11754385784145,CG,AL_FL
499,Fvb5,24900001,24950000,50000,*,9113,22867,0.0887341142336359,CG,AL_FL
500,Fvb5,24950001,25000000,50000,*,15291,24622,0.0287052076759812,CG,AL_FL
501,Fvb5,25000001,25050000,50000,*,10137,23911,-0.049382704847751,CG,AL_FL
502,Fvb5,25050001,25100000,50000,*,11775,20614,0.123717384322684,CG,AL_FL
503,Fvb5,25100001,25150000,50000,*,17139,27520,0.119067020855771,CG,AL_FL
504,Fvb5,25150001,25200000,50000,*,17718,28407,0.0465972507572624,CG,AL_FL
505,Fvb5,25200001,25250000,50000,*,12984,28914,0.00466633512461451,CG,AL_FL
506,Fvb5,25250001,25300000,50000,*,16015,22112,0.163303510714348,CG,AL_FL
507,Fvb5,25300001,25350000,50000,*,24471,31875,0.146762072876091,CG,AL_FL
508,Fvb5,25350001,25400000,50000,*,12753,20476,0.0449558756204458,CG,AL_FL
509,Fvb5,25400001,25450000,50000,*,8160,18918,0.00540931035697922,CG,AL_FL
510,Fvb5,25450001,25500000,50000,*,10205,23524,0.00259899087109855,CG,AL_FL
511,Fvb5,25500001,25550000,50000,*,12435,33317,0.0910475670016829,CG,AL_FL
512,Fvb5,25550001,25600000,50000,*,10899,21863,0.141393300844735,CG,AL_FL
513,Fvb5,25600001,25650000,50000,*,15779,22159,0.291360522321276,CG,AL_FL
514,Fvb5,25650001,25700000,50000,*,12082,25270,0.0315816900249581,CG,AL_FL
515,Fvb5,25700001,25750000,50000,*,18019,26405,0.11761263660415,CG,AL_FL
516,Fvb5,25750001,25800000,50000,*,9896,20628,0.0306382842282384,CG,AL_FL
517,Fvb5,25800001,25850000,50000,*,14200,21172,0.204345198601791,CG,AL_FL
518,Fvb5,25850001,25900000,50000,*,7097,19102,0.0804785491442317,CG,AL_FL
519,Fvb5,25900001,25950000,50000,*,12053,23746,0.0685756257147681,CG,AL_FL
520,Fvb5,25950001,26000000,50000,*,7938,33215,0.0420451188661699,CG,AL_FL
521,Fvb5,26000001,26050000,50000,*,13306,39282,0.0691503252692916,CG,AL_FL
522,Fvb5,26050001,26100000,50000,*,8919,28503,0.037952458657499,CG,AL_FL
523,Fvb5,26100001,26150000,50000,*,13525,51031,-0.00885184871984213,CG,AL_FL
524,Fvb5,26150001,26200000,50000,*,6852,26593,-0.082637209881378,CG,AL_FL
525,Fvb5,26200001,26250000,50000,*,9200,26354,0.0871205782813536,CG,AL_FL
526,Fvb5,26250001,26300000,50000,*,10200,23796,0.0522475077288553,CG,AL_FL
527,Fvb5,26300001,26350000,50000,*,12716,40008,0.0822981570869139,CG,AL_FL
528,Fvb5,26350001,26400000,50000,*,10788,29559,0.037868618412293,CG,AL_FL
529,Fvb5,26400001,26450000,50000,*,9314,30424,-0.0164899964992044,CG,AL_FL
530,Fvb5,26450001,26500000,50000,*,13698,29350,0.083978620923747,CG,AL_FL
531,Fvb5,26500001,26550000,50000,*,11653,43052,0.130541095957398,CG,AL_FL
532,Fvb5,26550001,26600000,50000,*,10721,31192,0.0466381610945685,CG,AL_FL
533,Fvb5,26600001,26650000,50000,*,4976,15940,0.0922310628603487,CG,AL_FL
534,Fvb5,26650001,26700000,50000,*,4256,8902,0.0860930026538917,CG,AL_FL
535,Fvb5,26700001,26750000,50000,*,13053,27223,0.111727430083571,CG,AL_FL
536,Fvb5,26750001,26800000,50000,*,13782,30116,0.228084020339137,CG,AL_FL
537,Fvb5,26800001,26850000,50000,*,10020,29159,0.0511537730898702,CG,AL_FL
538,Fvb5,26850001,26900000,50000,*,6613,18523,0.0408220912161505,CG,AL_FL
539,Fvb5,26900001,26950000,50000,*,10969,49201,0.0602740519289107,CG,AL_FL
540,Fvb5,26950001,27000000,50000,*,8480,27861,0.0208077710361259,CG,AL_FL
541,Fvb5,27000001,27050000,50000,*,6351,30348,0.0699968281847042,CG,AL_FL
542,Fvb5,27050001,27100000,50000,*,17593,38022,0.351679852051976,CG,AL_FL
543,Fvb5,27100001,27150000,50000,*,10984,26778,0.284196100995241,CG,AL_FL
544,Fvb5,27150001,27200000,50000,*,13956,29082,0.050975415291986,CG,AL_FL
545,Fvb5,27200001,27250000,50000,*,12630,37986,0.0738583210214406,CG,AL_FL
546,Fvb5,27250001,27300000,50000,*,21689,26465,0.181241624160846,CG,AL_FL
547,Fvb5,27300001,27350000,50000,*,23668,26423,0.156023615321691,CG,AL_FL
548,Fvb5,27350001,27400000,50000,*,24723,29917,0.0888325555651727,CG,AL_FL
549,Fvb5,27400001,27450000,50000,*,8681,26741,0.058113575959615,CG,AL_FL
550,Fvb5,27450001,27500000,50000,*,9123,30708,0.0500533408003072,CG,AL_FL
551,Fvb5,27500001,27550000,50000,*,21355,23352,0.0232649618099685,CG,AL_FL
552,Fvb5,27550001,27600000,50000,*,13626,29256,0.110306688610705,CG,AL_FL
553,Fvb5,27600001,27650000,50000,*,18844,25560,0.167519271692622,CG,AL_FL
554,Fvb5,27650001,27700000,50000,*,14537,26406,0.142293777179908,CG,AL_FL
555,Fvb5,27700001,27750000,50000,*,11114,27199,0.0772521350051501,CG,AL_FL
556,Fvb5,27750001,27800000,50000,*,16859,28803,0.0652730558153906,CG,AL_FL
557,Fvb5,27800001,27850000,50000,*,8630,24171,0.174724135049876,CG,AL_FL
558,Fvb5,27850001,27900000,50000,*,11124,39786,0.0428764048873476,CG,AL_FL
559,Fvb5,27900001,27950000,50000,*,14266,22751,0.181472861911041,CG,AL_FL
560,Fvb5,27950001,28000000,50000,*,9538,31016,0.0861050486545917,CG,AL_FL
561,Fvb5,28000001,28050000,50000,*,21442,30875,0.286028501380786,CG,AL_FL
562,Fvb5,28050001,28100000,50000,*,13196,26510,0.154369802956948,CG,AL_FL
563,Fvb5,28100001,28150000,50000,*,10133,26219,0.0095867929331106,CG,AL_FL
564,Fvb5,28150001,28200000,50000,*,11990,28251,0.203212371539707,CG,AL_FL
565,Fvb5,28200001,28250000,50000,*,14060,27148,0.079310638552987,CG,AL_FL
566,Fvb5,28250001,28300000,50000,*,13180,26336,0.153918487898591,CG,AL_FL
567,Fvb5,28300001,28350000,50000,*,11116,27552,0.0725617615587839,CG,AL_FL
568,Fvb5,28350001,28400000,50000,*,11955,24239,0.265467397611889,CG,AL_FL
569,Fvb5,28400001,28450000,50000,*,4805,16870,0.0789652052604451,CG,AL_FL
570,Fvb5,28450001,28500000,50000,*,3677,15537,-0.0251106559150827,CG,AL_FL
571,Fvb5,28500001,28550000,50000,*,8836,28231,0.222815327538824,CG,AL_FL
572,Fvb5,28550001,28600000,50000,*,3842,9379,0.155550503902402,CG,AL_FL
573,Fvb5,28600001,28650000,50000,*,875,1884,-0.336205719513111,CG,AL_FL
574,Fvb5,28650001,28700000,50000,*,5712,18077,-0.0106435287575336,CG,AL_FL
575,Fvb5,28700001,28750000,50000,*,2564,16948,0.0436988153144879,CG,AL_FL
576,Fvb5,28750001,28800000,50000,*,9792,20802,0.00697486319687152,CG,AL_FL
577,Fvb5,28800001,28850000,50000,*,6628,33568,0.0134178749725056,CG,AL_FL
578,Fvb5,28850001,28900000,50000,*,11111,25270,0.0324522236002846,CG,AL_FL
579,Fvb5,28900001,28950000,50000,*,15928,32908,0.112928206483897,CG,AL_FL
580,Fvb5,28950001,29000000,50000,*,13803,24660,0.113640616978058,CG,AL_FL
581,Fvb5,29000001,29050000,50000,*,19959,29286,-0.0301967570640644,CG,AL_FL
582,Fvb5,29050001,29100000,50000,*,10051,30549,0.0576697651634833,CG,AL_FL
583,Fvb5,29100001,29150000,50000,*,8820,36496,0.048188085627333,CG,AL_FL
584,Fvb5,29150001,29200000,50000,*,11918,24997,0.100702390517063,CG,AL_FL
585,Fvb5,29200001,29250000,50000,*,13587,30048,0.0669992743902191,CG,AL_FL
586,Fvb5,29250001,29300000,50000,*,13178,24899,0.0386305161243513,CG,AL_FL
587,Fvb5,29300001,29350000,50000,*,14762,22881,0.268022516061699,CG,AL_FL
588,Fvb5,29350001,29400000,50000,*,26200,29852,-0.046804288705864,CG,AL_FL
1,Fvb5,1,50000,50000,*,19894,30693,-0.0569378857021747,CG,AL_NL
2,Fvb5,50001,100000,50000,*,6877,30093,0.00241319018765915,CG,AL_NL
3,Fvb5,100001,150000,50000,*,6433,38565,0.00101086853261667,CG,AL_NL
4,Fvb5,150001,200000,50000,*,10813,35802,-0.00561178195891271,CG,AL_NL
5,Fvb5,200001,250000,50000,*,5842,30588,-0.00491308544785884,CG,AL_NL
6,Fvb5,250001,300000,50000,*,7699,39770,0.0167900145427506,CG,AL_NL
7,Fvb5,300001,350000,50000,*,4094,38523,-0.00733179501842056,CG,AL_NL
8,Fvb5,350001,400000,50000,*,4958,45828,0.0024926718769258,CG,AL_NL
9,Fvb5,400001,450000,50000,*,11688,40921,0.0233063283645676,CG,AL_NL
10,Fvb5,450001,500000,50000,*,5399,34122,-0.0109266157674634,CG,AL_NL
11,Fvb5,500001,550000,50000,*,4386,31644,0.00645572581301873,CG,AL_NL
12,Fvb5,550001,600000,50000,*,7737,25532,-0.00195783256662424,CG,AL_NL
13,Fvb5,600001,650000,50000,*,25440,35983,-0.0131077634077377,CG,AL_NL
14,Fvb5,650001,700000,50000,*,8422,22724,0.0646651335827881,CG,AL_NL
15,Fvb5,700001,750000,50000,*,6452,32364,-0.00146977651059468,CG,AL_NL
16,Fvb5,750001,800000,50000,*,16391,35232,0.0315634604465705,CG,AL_NL
17,Fvb5,800001,850000,50000,*,7488,37141,0.0170306412516888,CG,AL_NL
18,Fvb5,850001,900000,50000,*,9307,31009,-0.018856963769217,CG,AL_NL
19,Fvb5,900001,950000,50000,*,6325,34546,0.0164435530285034,CG,AL_NL
20,Fvb5,950001,1000000,50000,*,7589,16585,-0.152905380654471,CG,AL_NL
21,Fvb5,1000001,1050000,50000,*,10263,16301,-0.0858319290605877,CG,AL_NL
22,Fvb5,1050001,1100000,50000,*,8659,31136,0.00809847490846227,CG,AL_NL
23,Fvb5,1100001,1150000,50000,*,7782,40253,0.0267102959439534,CG,AL_NL
24,Fvb5,1150001,1200000,50000,*,7655,26418,0.0110407006779162,CG,AL_NL
25,Fvb5,1200001,1250000,50000,*,18715,32337,0.00715223278355637,CG,AL_NL
26,Fvb5,1250001,1300000,50000,*,5538,32231,0.00931880128383933,CG,AL_NL
27,Fvb5,1300001,1350000,50000,*,8250,36099,0.0173894279383116,CG,AL_NL
28,Fvb5,1350001,1400000,50000,*,6594,29431,0.0193204365449417,CG,AL_NL
29,Fvb5,1400001,1450000,50000,*,11209,24012,0.0657807976075191,CG,AL_NL
30,Fvb5,1450001,1500000,50000,*,14650,27050,0.0101037997419174,CG,AL_NL
31,Fvb5,1500001,1550000,50000,*,7515,31862,0.0125025477622619,CG,AL_NL
32,Fvb5,1550001,1600000,50000,*,6515,20066,-0.0193687765285799,CG,AL_NL
33,Fvb5,1600001,1650000,50000,*,7432,23695,-0.0793611090420022,CG,AL_NL
34,Fvb5,1650001,1700000,50000,*,10342,23428,-0.0125459867713088,CG,AL_NL
35,Fvb5,1700001,1750000,50000,*,7899,31832,0.0063913197242578,CG,AL_NL
36,Fvb5,1750001,1800000,50000,*,3152,35821,0.0148335533879411,CG,AL_NL
37,Fvb5,1800001,1850000,50000,*,11378,34227,0.0208015105992047,CG,AL_NL
38,Fvb5,1850001,1900000,50000,*,13360,38452,0.046338541321203,CG,AL_NL
39,Fvb5,1900001,1950000,50000,*,12886,41634,0.0507482020790593,CG,AL_NL
40,Fvb5,1950001,2000000,50000,*,5928,35682,0.00727784407635249,CG,AL_NL
41,Fvb5,2000001,2050000,50000,*,3849,28846,0.0539669485018962,CG,AL_NL
42,Fvb5,2050001,2100000,50000,*,4413,45076,-0.0140797457375675,CG,AL_NL
43,Fvb5,2100001,2150000,50000,*,6626,28923,0.0204512116948506,CG,AL_NL
44,Fvb5,2150001,2200000,50000,*,6264,24366,0.0417714589291031,CG,AL_NL
45,Fvb5,2200001,2250000,50000,*,5458,25657,-0.00489791415267346,CG,AL_NL
46,Fvb5,2250001,2300000,50000,*,5795,15627,-0.201514159414409,CG,AL_NL
47,Fvb5,2300001,2350000,50000,*,4386,28347,-0.0081718210552009,CG,AL_NL
48,Fvb5,2350001,2400000,50000,*,8288,28513,0.0477199411114902,CG,AL_NL
49,Fvb5,2400001,2450000,50000,*,11399,28724,0.0140052362835143,CG,AL_NL
50,Fvb5,2450001,2500000,50000,*,10616,39853,-0.00106928438193171,CG,AL_NL
51,Fvb5,2500001,2550000,50000,*,16691,36969,0.0284872170676697,CG,AL_NL
52,Fvb5,2550001,2600000,50000,*,3738,28832,0.0120918426664628,CG,AL_NL
53,Fvb5,2600001,2650000,50000,*,10905,41280,0.00569921469407159,CG,AL_NL
54,Fvb5,2650001,2700000,50000,*,4700,35465,0.0263335913284983,CG,AL_NL
55,Fvb5,2700001,2750000,50000,*,11419,30776,0.0345446947867593,CG,AL_NL
56,Fvb5,2750001,2800000,50000,*,15595,32148,0.0237138015071579,CG,AL_NL
57,Fvb5,2800001,2850000,50000,*,39542,46821,-0.00823189165880778,CG,AL_NL
58,Fvb5,2850001,2900000,50000,*,8045,24852,0.0503447094949396,CG,AL_NL
59,Fvb5,2900001,2950000,50000,*,10722,34951,0.0322880890762291,CG,AL_NL
60,Fvb5,2950001,3000000,50000,*,9434,28861,0.109718923641866,CG,AL_NL
61,Fvb5,3000001,3050000,50000,*,10086,43804,0.0423955348569032,CG,AL_NL
62,Fvb5,3050001,3100000,50000,*,8087,26133,-0.021386941296845,CG,AL_NL
63,Fvb5,3100001,3150000,50000,*,8137,33758,0.0191946931711855,CG,AL_NL
64,Fvb5,3150001,3200000,50000,*,7979,27759,0.0367058553220124,CG,AL_NL
65,Fvb5,3200001,3250000,50000,*,7162,30464,0.00711007342844525,CG,AL_NL
66,Fvb5,3250001,3300000,50000,*,4453,24925,-0.0814646831567282,CG,AL_NL
67,Fvb5,3300001,3350000,50000,*,10721,20425,0.0124791735674799,CG,AL_NL
68,Fvb5,3350001,3400000,50000,*,2434,7848,-0.0449464201660181,CG,AL_NL
69,Fvb5,3400001,3450000,50000,*,6330,31217,0.0394256811315748,CG,AL_NL
70,Fvb5,3450001,3500000,50000,*,8401,32553,-0.0110756842817193,CG,AL_NL
71,Fvb5,3500001,3550000,50000,*,5539,30923,0.00619687099566282,CG,AL_NL
72,Fvb5,3550001,3600000,50000,*,10336,34816,-0.0237192019501342,CG,AL_NL
73,Fvb5,3600001,3650000,50000,*,9058,36361,0.0158176384620413,CG,AL_NL
74,Fvb5,3650001,3700000,50000,*,8242,28912,0.0249981941675768,CG,AL_NL
75,Fvb5,3700001,3750000,50000,*,10530,33191,0.0273776040130932,CG,AL_NL
76,Fvb5,3750001,3800000,50000,*,10879,37703,0.0389898407090973,CG,AL_NL
77,Fvb5,3800001,3850000,50000,*,17478,26301,0.0269753849261112,CG,AL_NL
78,Fvb5,3850001,3900000,50000,*,7667,33049,0.0142323721101542,CG,AL_NL
79,Fvb5,3900001,3950000,50000,*,8102,31401,0.0215809586939881,CG,AL_NL
80,Fvb5,3950001,4000000,50000,*,4808,35699,0.0142811645376349,CG,AL_NL
81,Fvb5,4000001,4050000,50000,*,5879,18645,-0.107449994991689,CG,AL_NL
82,Fvb5,4050001,4100000,50000,*,876,974,0.341790822964659,CG,AL_NL
83,Fvb5,4100001,4150000,50000,*,3137,10277,0.0162451388084974,CG,AL_NL
84,Fvb5,4150001,4200000,50000,*,14049,31507,0.00771630730853373,CG,AL_NL
85,Fvb5,4200001,4250000,50000,*,14247,24226,0.0335771514998959,CG,AL_NL
86,Fvb5,4250001,4300000,50000,*,5760,19567,0.034562797120909,CG,AL_NL
87,Fvb5,4300001,4350000,50000,*,14832,29130,0.0102918867179655,CG,AL_NL
88,Fvb5,4350001,4400000,50000,*,9888,31962,0.0639494207296445,CG,AL_NL
89,Fvb5,4400001,4450000,50000,*,6931,25620,0.0152323923783593,CG,AL_NL
90,Fvb5,4450001,4500000,50000,*,40380,48274,-0.0249214635535759,CG,AL_NL
91,Fvb5,4500001,4550000,50000,*,11105,37275,0.00689945105996181,CG,AL_NL
92,Fvb5,4550001,4600000,50000,*,8701,31541,0.012963811234682,CG,AL_NL
93,Fvb5,4600001,4650000,50000,*,9769,24311,0.052665535737112,CG,AL_NL
94,Fvb5,4650001,4700000,50000,*,5670,11137,0.030776391032356,CG,AL_NL
95,Fvb5,4700001,4750000,50000,*,13881,25475,0.00555940607848615,CG,AL_NL
96,Fvb5,4750001,4800000,50000,*,9333,38594,0.0567696114705924,CG,AL_NL
97,Fvb5,4800001,4850000,50000,*,5397,26776,0.00774766304935651,CG,AL_NL
98,Fvb5,4850001,4900000,50000,*,8003,35300,0.00060036943801009,CG,AL_NL
99,Fvb5,4900001,4950000,50000,*,6647,36397,-0.18653154946859,CG,AL_NL
100,Fvb5,4950001,5000000,50000,*,3138,26544,-0.00303504089002185,CG,AL_NL
101,Fvb5,5000001,5050000,50000,*,7151,24610,0.044604473397253,CG,AL_NL
102,Fvb5,5050001,5100000,50000,*,14785,27693,0.0796531672210256,CG,AL_NL
103,Fvb5,5100001,5150000,50000,*,20301,36559,0.0319727705547864,CG,AL_NL
104,Fvb5,5150001,5200000,50000,*,11381,31218,-0.00592163900105552,CG,AL_NL
105,Fvb5,5200001,5250000,50000,*,6728,24544,0.0163329141653134,CG,AL_NL
106,Fvb5,5250001,5300000,50000,*,6164,35502,0.0132198968998486,CG,AL_NL
107,Fvb5,5300001,5350000,50000,*,11410,31068,0.0264139487210493,CG,AL_NL
108,Fvb5,5350001,5400000,50000,*,9885,26181,-0.0174128939866432,CG,AL_NL
109,Fvb5,5400001,5450000,50000,*,6813,34171,-0.00986892410710152,CG,AL_NL
110,Fvb5,5450001,5500000,50000,*,9964,31861,0.0415760218474688,CG,AL_NL
111,Fvb5,5500001,5550000,50000,*,10031,31451,0.0202205387131091,CG,AL_NL
112,Fvb5,5550001,5600000,50000,*,9070,34809,0.0114412996226501,CG,AL_NL
113,Fvb5,5600001,5650000,50000,*,6925,23656,-0.00822264761536295,CG,AL_NL
114,Fvb5,5650001,5700000,50000,*,8084,28921,-0.0155956850087947,CG,AL_NL
115,Fvb5,5700001,5750000,50000,*,5856,28979,0.00366757595397624,CG,AL_NL
116,Fvb5,5750001,5800000,50000,*,8085,38856,-0.0121201118705283,CG,AL_NL
117,Fvb5,5800001,5850000,50000,*,6924,31867,0.00304456534433004,CG,AL_NL
118,Fvb5,5850001,5900000,50000,*,9839,25591,-0.0225403662567309,CG,AL_NL
119,Fvb5,5900001,5950000,50000,*,5760,34130,0.000401367003514425,CG,AL_NL
120,Fvb5,5950001,6000000,50000,*,11985,33224,0.0222906925451503,CG,AL_NL
121,Fvb5,6000001,6050000,50000,*,11098,38640,0.0391362546900804,CG,AL_NL
122,Fvb5,6050001,6100000,50000,*,3605,31988,0.0226545880766781,CG,AL_NL
123,Fvb5,6100001,6150000,50000,*,5992,35663,-0.000574740114706096,CG,AL_NL
124,Fvb5,6150001,6200000,50000,*,6228,36166,-0.00478896734140546,CG,AL_NL
125,Fvb5,6200001,6250000,50000,*,7657,32871,-0.0283146178682307,CG,AL_NL
126,Fvb5,6250001,6300000,50000,*,4168,7200,0.0520065560491577,CG,AL_NL
127,Fvb5,6300001,6350000,50000,*,1962,2613,-0.115796981965687,CG,AL_NL
128,Fvb5,6350001,6400000,50000,*,4388,14449,-0.0126931509799513,CG,AL_NL
129,Fvb5,6400001,6450000,50000,*,6359,19693,0.00217778719155959,CG,AL_NL
130,Fvb5,6450001,6500000,50000,*,5781,31484,-0.000715336109280151,CG,AL_NL
131,Fvb5,6500001,6550000,50000,*,10862,33454,0.00307161021084601,CG,AL_NL
132,Fvb5,6550001,6600000,50000,*,14175,31670,0.0242422676849862,CG,AL_NL
133,Fvb5,6600001,6650000,50000,*,6791,25118,0.0378183051620927,CG,AL_NL
134,Fvb5,6650001,6700000,50000,*,1992,24547,0.00848047760035894,CG,AL_NL
135,Fvb5,6700001,6750000,50000,*,9297,25833,0.0184634572285177,CG,AL_NL
136,Fvb5,6750001,6800000,50000,*,7417,22493,0.02310203262968,CG,AL_NL
137,Fvb5,6800001,6850000,50000,*,9593,31706,0.00124202949350866,CG,AL_NL
138,Fvb5,6850001,6900000,50000,*,5754,32084,0.000667193526735027,CG,AL_NL
139,Fvb5,6900001,6950000,50000,*,15021,36022,0.0401133033497478,CG,AL_NL
140,Fvb5,6950001,7000000,50000,*,11099,23462,0.0711234433618861,CG,AL_NL
141,Fvb5,7000001,7050000,50000,*,12657,28815,0.032708334346889,CG,AL_NL
142,Fvb5,7050001,7100000,50000,*,5249,48456,0.00254126731616591,CG,AL_NL
143,Fvb5,7100001,7150000,50000,*,9872,28103,-0.0163092557684712,CG,AL_NL
144,Fvb5,7150001,7200000,50000,*,8936,23518,0.0319810410768355,CG,AL_NL
145,Fvb5,7200001,7250000,50000,*,11800,33363,0.0355966150079998,CG,AL_NL
146,Fvb5,7250001,7300000,50000,*,10446,31854,0.0460097954964008,CG,AL_NL
147,Fvb5,7300001,7350000,50000,*,9325,29806,0.045882895984848,CG,AL_NL
148,Fvb5,7350001,7400000,50000,*,9188,65183,-0.01882442726497,CG,AL_NL
149,Fvb5,7400001,7450000,50000,*,6733,26782,0.10679256402208,CG,AL_NL
150,Fvb5,7450001,7500000,50000,*,4756,20655,0.060174578103889,CG,AL_NL
151,Fvb5,7500001,7550000,50000,*,7647,43769,0.0139663544717361,CG,AL_NL
152,Fvb5,7550001,7600000,50000,*,8253,31138,0.000790430191108193,CG,AL_NL
153,Fvb5,7600001,7650000,50000,*,5407,22230,0.00828982941687362,CG,AL_NL
154,Fvb5,7650001,7700000,50000,*,8639,27719,-0.0215805186981748,CG,AL_NL
155,Fvb5,7700001,7750000,50000,*,11156,21697,0.0109041805389186,CG,AL_NL
156,Fvb5,7750001,7800000,50000,*,8645,29141,0.0418709327549778,CG,AL_NL
157,Fvb5,7800001,7850000,50000,*,7538,23496,-0.0148006057403392,CG,AL_NL
158,Fvb5,7850001,7900000,50000,*,11514,24438,0.0188839636325561,CG,AL_NL
159,Fvb5,7900001,7950000,50000,*,16210,31441,-0.0178460630209475,CG,AL_NL
160,Fvb5,7950001,8000000,50000,*,13383,27923,0.0515802860344294,CG,AL_NL
161,Fvb5,8000001,8050000,50000,*,10015,26034,0.0258899635695929,CG,AL_NL
162,Fvb5,8050001,8100000,50000,*,8307,20373,0.0642414893938901,CG,AL_NL
163,Fvb5,8100001,8150000,50000,*,10416,21148,0.00599465026616836,CG,AL_NL
164,Fvb5,8150001,8200000,50000,*,8466,25870,-0.0333429915916527,CG,AL_NL
165,Fvb5,8200001,8250000,50000,*,9914,35427,0.0518632915100781,CG,AL_NL
166,Fvb5,8250001,8300000,50000,*,9346,22272,0.0190376177249586,CG,AL_NL
167,Fvb5,8300001,8350000,50000,*,6414,26923,0.032303434219817,CG,AL_NL
168,Fvb5,8350001,8400000,50000,*,7823,24921,-0.0812475935969136,CG,AL_NL
169,Fvb5,8400001,8450000,50000,*,7450,32377,0.0101957888103126,CG,AL_NL
170,Fvb5,8450001,8500000,50000,*,8767,32655,0.0199424851847428,CG,AL_NL
171,Fvb5,8500001,8550000,50000,*,7067,25003,0.00466251709351229,CG,AL_NL
172,Fvb5,8550001,8600000,50000,*,6650,33745,0.0103578864904335,CG,AL_NL
173,Fvb5,8600001,8650000,50000,*,9688,29430,0.0221053875851887,CG,AL_NL
174,Fvb5,8650001,8700000,50000,*,21370,43193,0.0188716590209497,CG,AL_NL
175,Fvb5,8700001,8750000,50000,*,9190,41664,0.0357583162111841,CG,AL_NL
176,Fvb5,8750001,8800000,50000,*,5973,36679,0.00769920139979344,CG,AL_NL
177,Fvb5,8800001,8850000,50000,*,6169,19450,0.000139108388933773,CG,AL_NL
178,Fvb5,8850001,8900000,50000,*,9590,33435,-0.0428689846607959,CG,AL_NL
179,Fvb5,8900001,8950000,50000,*,12827,33151,-0.00598358152861067,CG,AL_NL
180,Fvb5,8950001,9000000,50000,*,10263,32869,0.0388091745891633,CG,AL_NL
181,Fvb5,9000001,9050000,50000,*,17096,37896,0.0280690535292318,CG,AL_NL
182,Fvb5,9050001,9100000,50000,*,10210,29861,0.0704351229292158,CG,AL_NL
183,Fvb5,9100001,9150000,50000,*,17291,31899,0.0316462376635384,CG,AL_NL
184,Fvb5,9150001,9200000,50000,*,14533,22556,0.00543107163726675,CG,AL_NL
185,Fvb5,9200001,9250000,50000,*,10688,38199,0.0174351247610752,CG,AL_NL
186,Fvb5,9250001,9300000,50000,*,9673,38831,0.0356311214325755,CG,AL_NL
187,Fvb5,9300001,9350000,50000,*,6300,33968,0.00372411760260116,CG,AL_NL
188,Fvb5,9350001,9400000,50000,*,9219,33893,0.0245766642902226,CG,AL_NL
189,Fvb5,9400001,9450000,50000,*,10306,28793,0.038947537584445,CG,AL_NL
190,Fvb5,9450001,9500000,50000,*,10327,28070,0.0817313358366137,CG,AL_NL
191,Fvb5,9500001,9550000,50000,*,10216,22051,0.0499437377443093,CG,AL_NL
192,Fvb5,9550001,9600000,50000,*,11997,34242,-0.0254728452612206,CG,AL_NL
193,Fvb5,9600001,9650000,50000,*,8952,26633,0.0188657900225203,CG,AL_NL
194,Fvb5,9650001,9700000,50000,*,6597,26808,0.00200254647027184,CG,AL_NL
195,Fvb5,9700001,9750000,50000,*,9227,29432,0.0203608415261169,CG,AL_NL
196,Fvb5,9750001,9800000,50000,*,6468,30893,0.0155516033606572,CG,AL_NL
197,Fvb5,9800001,9850000,50000,*,11179,31655,0.0512776927531468,CG,AL_NL
198,Fvb5,9850001,9900000,50000,*,5191,41412,0.00626626001853413,CG,AL_NL
199,Fvb5,9900001,9950000,50000,*,20870,33532,0.220241629115825,CG,AL_NL
200,Fvb5,9950001,10000000,50000,*,13424,30156,0.0679345140358287,CG,AL_NL
201,Fvb5,10000001,10050000,50000,*,9900,30906,0.0164733971814424,CG,AL_NL
202,Fvb5,10050001,10100000,50000,*,6713,31838,-0.00556546017896511,CG,AL_NL
203,Fvb5,10100001,10150000,50000,*,11415,35114,0.0205674877905544,CG,AL_NL
204,Fvb5,10150001,10200000,50000,*,7472,39286,0.0342711359225648,CG,AL_NL
205,Fvb5,10200001,10250000,50000,*,9658,33198,0.0180703191844276,CG,AL_NL
206,Fvb5,10250001,10300000,50000,*,10611,19173,0.0191691385405744,CG,AL_NL
207,Fvb5,10300001,10350000,50000,*,10184,26327,0.0780206747970264,CG,AL_NL
208,Fvb5,10350001,10400000,50000,*,7385,20024,0.0317159363042938,CG,AL_NL
209,Fvb5,10400001,10450000,50000,*,13755,34338,0.0433185561373744,CG,AL_NL
210,Fvb5,10450001,10500000,50000,*,10164,25688,-0.00466828402102604,CG,AL_NL
211,Fvb5,10500001,10550000,50000,*,13561,39653,0.00652955423410068,CG,AL_NL
212,Fvb5,10550001,10600000,50000,*,12506,31054,0.00678285844298293,CG,AL_NL
213,Fvb5,10600001,10650000,50000,*,7640,12441,0.0245389211844875,CG,AL_NL
214,Fvb5,10650001,10700000,50000,*,10095,24399,0.0371926626501635,CG,AL_NL
215,Fvb5,10700001,10750000,50000,*,13206,29525,0.040038392415906,CG,AL_NL
216,Fvb5,10750001,10800000,50000,*,8773,31278,0.00398384042825867,CG,AL_NL
217,Fvb5,10800001,10850000,50000,*,11074,25619,0.00521985254592533,CG,AL_NL
218,Fvb5,10850001,10900000,50000,*,5943,26433,0.0299552296390849,CG,AL_NL
219,Fvb5,10900001,10950000,50000,*,10931,27125,-0.028538178462664,CG,AL_NL
220,Fvb5,10950001,11000000,50000,*,6039,32185,-0.0418286597649707,CG,AL_NL
221,Fvb5,11000001,11050000,50000,*,13141,23380,0.00707375655362896,CG,AL_NL
222,Fvb5,11050001,11100000,50000,*,15157,29698,-0.0143986095990081,CG,AL_NL
223,Fvb5,11100001,11150000,50000,*,11096,28631,0.011152139275035,CG,AL_NL
224,Fvb5,11150001,11200000,50000,*,16422,32217,0.00701044882683732,CG,AL_NL
225,Fvb5,11200001,11250000,50000,*,10574,30478,0.00744667067543281,CG,AL_NL
226,Fvb5,11250001,11300000,50000,*,16386,35778,0.044964562515532,CG,AL_NL
227,Fvb5,11300001,11350000,50000,*,15323,27227,0.0115158483215088,CG,AL_NL
228,Fvb5,11350001,11400000,50000,*,11795,26189,0.0656208539652755,CG,AL_NL
229,Fvb5,11400001,11450000,50000,*,1254,5967,0.00587657793540147,CG,AL_NL
230,Fvb5,11450001,11500000,50000,*,13788,27836,0.010926428837043,CG,AL_NL
231,Fvb5,11500001,11550000,50000,*,11652,22959,0.0608909277923594,CG,AL_NL
232,Fvb5,11550001,11600000,50000,*,13923,26343,0.0288392787960936,CG,AL_NL
233,Fvb5,11600001,11650000,50000,*,6892,27700,0.0209208264794162,CG,AL_NL
234,Fvb5,11650001,11700000,50000,*,13935,32190,0.0039381319105935,CG,AL_NL
235,Fvb5,11700001,11750000,50000,*,5054,12909,-0.166593948463461,CG,AL_NL
236,Fvb5,11750001,11800000,50000,*,10682,28804,-0.0436160645506322,CG,AL_NL
237,Fvb5,11800001,11850000,50000,*,8602,29636,-0.0133605166261271,CG,AL_NL
238,Fvb5,11850001,11900000,50000,*,12251,24733,-0.0209781716109747,CG,AL_NL
239,Fvb5,11900001,11950000,50000,*,13535,26573,0.060153045262799,CG,AL_NL
240,Fvb5,11950001,12000000,50000,*,13353,25207,0.0458957009252268,CG,AL_NL
241,Fvb5,12000001,12050000,50000,*,9868,19753,0.0127566682917872,CG,AL_NL
242,Fvb5,12050001,12100000,50000,*,9693,22883,0.0299904626770808,CG,AL_NL
243,Fvb5,12100001,12150000,50000,*,12021,25394,0.000361966446182194,CG,AL_NL
244,Fvb5,12150001,12200000,50000,*,6265,18687,0.00914923823639041,CG,AL_NL
245,Fvb5,12200001,12250000,50000,*,12589,29670,0.0454365731118027,CG,AL_NL
246,Fvb5,12250001,12300000,50000,*,6844,28540,0.0279249372731258,CG,AL_NL
247,Fvb5,12300001,12350000,50000,*,11092,27190,0.00444614564291429,CG,AL_NL
248,Fvb5,12350001,12400000,50000,*,10657,20080,-0.0267677229565071,CG,AL_NL
249,Fvb5,12400001,12450000,50000,*,10603,35056,-0.00566718122395854,CG,AL_NL
250,Fvb5,12450001,12500000,50000,*,11780,23070,0.0159829331759233,CG,AL_NL
251,Fvb5,12500001,12550000,50000,*,18709,29706,0.00882440562747033,CG,AL_NL
252,Fvb5,12550001,12600000,50000,*,19960,26761,0.0136170663684082,CG,AL_NL
253,Fvb5,12600001,12650000,50000,*,12283,24900,0.164823364267839,CG,AL_NL
254,Fvb5,12650001,12700000,50000,*,11396,26022,-0.00148326918079128,CG,AL_NL
255,Fvb5,12700001,12750000,50000,*,15432,29736,0.0505869421278269,CG,AL_NL
256,Fvb5,12750001,12800000,50000,*,29256,34367,0.0144317151653232,CG,AL_NL
257,Fvb5,12800001,12850000,50000,*,8655,22412,0.0486894814544976,CG,AL_NL
258,Fvb5,12850001,12900000,50000,*,8302,25654,0.0126224056239125,CG,AL_NL
259,Fvb5,12900001,12950000,50000,*,13389,22410,-0.00364252571532386,CG,AL_NL
260,Fvb5,12950001,13000000,50000,*,11598,29330,-0.00488831744899643,CG,AL_NL
261,Fvb5,13000001,13050000,50000,*,13547,23202,-0.00755554211344145,CG,AL_NL
262,Fvb5,13050001,13100000,50000,*,12638,29454,0.00630485189305896,CG,AL_NL
263,Fvb5,13100001,13150000,50000,*,8783,23403,0.000232037361465209,CG,AL_NL
264,Fvb5,13150001,13200000,50000,*,26956,42569,0.00635298877073665,CG,AL_NL
265,Fvb5,13200001,13250000,50000,*,12988,23120,0.0100350709389447,CG,AL_NL
266,Fvb5,13250001,13300000,50000,*,21612,27162,0.0241368338682794,CG,AL_NL
267,Fvb5,13300001,13350000,50000,*,17471,26027,0.0155996036925055,CG,AL_NL
268,Fvb5,13350001,13400000,50000,*,9342,28676,-0.00610146459504679,CG,AL_NL
269,Fvb5,13400001,13450000,50000,*,15395,37874,-0.000468691792686105,CG,AL_NL
270,Fvb5,13450001,13500000,50000,*,11864,26893,0.00336537090819822,CG,AL_NL
271,Fvb5,13500001,13550000,50000,*,20991,38819,0.000826639106926041,CG,AL_NL
272,Fvb5,13550001,13600000,50000,*,10992,12922,0.0385218248964604,CG,AL_NL
273,Fvb5,13600001,13650000,50000,*,13436,21147,0.0219418230429546,CG,AL_NL
274,Fvb5,13650001,13700000,50000,*,7409,21313,0.106977112892021,CG,AL_NL
275,Fvb5,13700001,13750000,50000,*,18727,25376,0.0700344110924574,CG,AL_NL
276,Fvb5,13750001,13800000,50000,*,14888,31951,0.117756865957348,CG,AL_NL
277,Fvb5,13800001,13850000,50000,*,9875,31851,0.0423470566703222,CG,AL_NL
278,Fvb5,13850001,13900000,50000,*,6726,23153,-0.00950679426475026,CG,AL_NL
279,Fvb5,13900001,13950000,50000,*,21629,30154,0.0370007140089826,CG,AL_NL
280,Fvb5,13950001,14000000,50000,*,11163,25067,0.0332644628511705,CG,AL_NL
281,Fvb5,14000001,14050000,50000,*,11204,22702,0.0426720713326324,CG,AL_NL
282,Fvb5,14050001,14100000,50000,*,13231,22942,-0.0191996816512564,CG,AL_NL
283,Fvb5,14100001,14150000,50000,*,13597,23309,-0.00737329009605181,CG,AL_NL
284,Fvb5,14150001,14200000,50000,*,13664,29459,0.0602965974945402,CG,AL_NL
285,Fvb5,14200001,14250000,50000,*,14881,16153,-0.0144047409020777,CG,AL_NL
286,Fvb5,14250001,14300000,50000,*,11429,23923,0.0943336642601946,CG,AL_NL
287,Fvb5,14300001,14350000,50000,*,8448,26558,0.0266516909328699,CG,AL_NL
288,Fvb5,14350001,14400000,50000,*,12332,18902,0.0564809389907741,CG,AL_NL
289,Fvb5,14400001,14450000,50000,*,14203,25613,0.00788389263089562,CG,AL_NL
290,Fvb5,14450001,14500000,50000,*,11784,24204,0.0320887553519567,CG,AL_NL
291,Fvb5,14500001,14550000,50000,*,20326,28325,0.0515182996952747,CG,AL_NL
292,Fvb5,14550001,14600000,50000,*,16773,26867,0.0389152569772867,CG,AL_NL
293,Fvb5,14600001,14650000,50000,*,17047,31286,0.00892670605741874,CG,AL_NL
294,Fvb5,14650001,14700000,50000,*,17431,23332,0.00973576912445961,CG,AL_NL
295,Fvb5,14700001,14750000,50000,*,10448,20087,0.0440679870242131,CG,AL_NL
296,Fvb5,14750001,14800000,50000,*,16157,28346,0.0231236160256489,CG,AL_NL
297,Fvb5,14800001,14850000,50000,*,17718,26021,0.0774051654891637,CG,AL_NL
298,Fvb5,14850001,14900000,50000,*,13412,22104,0.048013230718112,CG,AL_NL
299,Fvb5,14900001,14950000,50000,*,14433,25122,-0.0764239944856312,CG,AL_NL
300,Fvb5,14950001,15000000,50000,*,19851,25952,0.013543847502678,CG,AL_NL
301,Fvb5,15000001,15050000,50000,*,14009,20763,0.0402181062798058,CG,AL_NL
302,Fvb5,15050001,15100000,50000,*,17209,42203,0.0967591767487121,CG,AL_NL
303,Fvb5,15100001,15150000,50000,*,14700,23760,-0.00658924365140834,CG,AL_NL
304,Fvb5,15150001,15200000,50000,*,15730,22359,0.0332106816048948,CG,AL_NL
305,Fvb5,15200001,15250000,50000,*,13519,25773,0.00578207762274063,CG,AL_NL
306,Fvb5,15250001,15300000,50000,*,11462,27398,0.00734183993283644,CG,AL_NL
307,Fvb5,15300001,15350000,50000,*,27145,31018,0.0392308871185495,CG,AL_NL
308,Fvb5,15350001,15400000,50000,*,24828,30399,0.00959285683720268,CG,AL_NL
309,Fvb5,15400001,15450000,50000,*,15591,24955,0.0465410805352213,CG,AL_NL
310,Fvb5,15450001,15500000,50000,*,15543,24149,-0.0247591199862391,CG,AL_NL
311,Fvb5,15500001,15550000,50000,*,16281,17273,0.00978173629735402,CG,AL_NL
312,Fvb5,15550001,15600000,50000,*,18763,26356,0.0368985938749625,CG,AL_NL
313,Fvb5,15600001,15650000,50000,*,17818,22478,-0.011336981624947,CG,AL_NL
314,Fvb5,15650001,15700000,50000,*,20988,26353,0.0157997253351121,CG,AL_NL
315,Fvb5,15700001,15750000,50000,*,17265,26753,0.00239345778052036,CG,AL_NL
316,Fvb5,15750001,15800000,50000,*,12257,32975,0.0229455686208993,CG,AL_NL
317,Fvb5,15800001,15850000,50000,*,11547,23069,0.0313761936942969,CG,AL_NL
318,Fvb5,15850001,15900000,50000,*,16636,26444,-0.00369564483879348,CG,AL_NL
319,Fvb5,15900001,15950000,50000,*,11155,103640,-0.0174816689364796,CG,AL_NL
320,Fvb5,15950001,16000000,50000,*,11698,24327,0.0332458350216396,CG,AL_NL
321,Fvb5,16000001,16050000,50000,*,11819,25591,0.0545002816951569,CG,AL_NL
322,Fvb5,16050001,16100000,50000,*,12844,34494,0.0360391717071606,CG,AL_NL
323,Fvb5,16100001,16150000,50000,*,23582,31633,0.0282306522404606,CG,AL_NL
324,Fvb5,16150001,16200000,50000,*,19000,23298,0.0269523880572983,CG,AL_NL
325,Fvb5,16200001,16250000,50000,*,26816,28861,0.00572729916442249,CG,AL_NL
326,Fvb5,16250001,16300000,50000,*,17984,31533,0.0547805178627926,CG,AL_NL
327,Fvb5,16300001,16350000,50000,*,32085,40405,0.0742418550123395,CG,AL_NL
328,Fvb5,16350001,16400000,50000,*,17346,19189,0.0181771915433293,CG,AL_NL
329,Fvb5,16400001,16450000,50000,*,23955,26733,-0.0686928971256989,CG,AL_NL
330,Fvb5,16450001,16500000,50000,*,17659,26225,0.00735034406815283,CG,AL_NL
331,Fvb5,16500001,16550000,50000,*,7051,11432,-0.124235039585498,CG,AL_NL
332,Fvb5,16550001,16600000,50000,*,16936,27218,0.0457511767306756,CG,AL_NL
333,Fvb5,16600001,16650000,50000,*,10669,35043,-0.00315675371073887,CG,AL_NL
334,Fvb5,16650001,16700000,50000,*,20736,25305,0.0226143804857616,CG,AL_NL
335,Fvb5,16700001,16750000,50000,*,13246,24522,-0.0156419475342795,CG,AL_NL
336,Fvb5,16750001,16800000,50000,*,13676,25015,0.00489925373769229,CG,AL_NL
337,Fvb5,16800001,16850000,50000,*,10579,23953,0.00498190759625355,CG,AL_NL
338,Fvb5,16850001,16900000,50000,*,12651,27444,0.0201243506667463,CG,AL_NL
339,Fvb5,16900001,16950000,50000,*,12723,24006,0.0201589163979807,CG,AL_NL
340,Fvb5,16950001,17000000,50000,*,16733,26829,0.0306917799138337,CG,AL_NL
341,Fvb5,17000001,17050000,50000,*,16433,21496,-0.0154203228366373,CG,AL_NL
342,Fvb5,17050001,17100000,50000,*,7826,10498,0.00715757162467978,CG,AL_NL
343,Fvb5,17100001,17150000,50000,*,13388,19738,0.0125877004949947,CG,AL_NL
344,Fvb5,17150001,17200000,50000,*,19187,23953,0.0136135815404735,CG,AL_NL
345,Fvb5,17200001,17250000,50000,*,15981,24413,0.0180452880080995,CG,AL_NL
346,Fvb5,17250001,17300000,50000,*,13400,22888,-0.0112222926966217,CG,AL_NL
347,Fvb5,17300001,17350000,50000,*,15208,25077,0.00636071976921682,CG,AL_NL
348,Fvb5,17350001,17400000,50000,*,14710,23641,-0.0256940083767144,CG,AL_NL
349,Fvb5,17400001,17450000,50000,*,24431,33032,0.0449308097379756,CG,AL_NL
350,Fvb5,17450001,17500000,50000,*,23072,33042,0.0211951964544553,CG,AL_NL
351,Fvb5,17500001,17550000,50000,*,10042,24903,0.0722289318153943,CG,AL_NL
352,Fvb5,17550001,17600000,50000,*,18172,29526,0.0435062908187521,CG,AL_NL
353,Fvb5,17600001,17650000,50000,*,18961,32820,0.0991107895583157,CG,AL_NL
354,Fvb5,17650001,17700000,50000,*,20310,34195,0.0703082096041034,CG,AL_NL
355,Fvb5,17700001,17750000,50000,*,26160,33132,0.1291896444922,CG,AL_NL
356,Fvb5,17750001,17800000,50000,*,31838,35655,0.0106505315977912,CG,AL_NL
357,Fvb5,17800001,17850000,50000,*,16446,22798,0.0348250380682966,CG,AL_NL
358,Fvb5,17850001,17900000,50000,*,12860,25468,0.0154177946653517,CG,AL_NL
359,Fvb5,17900001,17950000,50000,*,16077,37923,0.0203984051819071,CG,AL_NL
360,Fvb5,17950001,18000000,50000,*,15802,27996,0.0344625420231487,CG,AL_NL
361,Fvb5,18000001,18050000,50000,*,19978,37485,0.00202843686042642,CG,AL_NL
362,Fvb5,18050001,18100000,50000,*,16379,23559,0.151892863645741,CG,AL_NL
363,Fvb5,18100001,18150000,50000,*,12772,23623,0.0664343611695079,CG,AL_NL
364,Fvb5,18150001,18200000,50000,*,9780,24936,0.0550484948502248,CG,AL_NL
365,Fvb5,18200001,18250000,50000,*,13893,30451,0.0248871429444187,CG,AL_NL
366,Fvb5,18250001,18300000,50000,*,13204,124238,-0.0178821760515301,CG,AL_NL
367,Fvb5,18300001,18350000,50000,*,14272,25931,0.0744402934732726,CG,AL_NL
368,Fvb5,18350001,18400000,50000,*,15586,26373,0.0595875580808144,CG,AL_NL
369,Fvb5,18400001,18450000,50000,*,7149,23922,0.065483939872101,CG,AL_NL
370,Fvb5,18450001,18500000,50000,*,15726,28354,-0.031152057098829,CG,AL_NL
371,Fvb5,18500001,18550000,50000,*,11759,27462,0.0415656476007806,CG,AL_NL
372,Fvb5,18550001,18600000,50000,*,9699,27535,0.0765177566656856,CG,AL_NL
373,Fvb5,18600001,18650000,50000,*,13942,23660,0.0706337104463323,CG,AL_NL
374,Fvb5,18650001,18700000,50000,*,16424,23377,0.0143178909761473,CG,AL_NL
375,Fvb5,18700001,18750000,50000,*,13355,22180,0.0353916114139384,CG,AL_NL
376,Fvb5,18750001,18800000,50000,*,12459,20484,0.0125217364240061,CG,AL_NL
377,Fvb5,18800001,18850000,50000,*,8357,18136,0.0327690603514093,CG,AL_NL
378,Fvb5,18850001,18900000,50000,*,15279,23755,0.0239221614544918,CG,AL_NL
379,Fvb5,18900001,18950000,50000,*,16540,21188,0.0358654408939384,CG,AL_NL
380,Fvb5,18950001,19000000,50000,*,11285,22912,-0.00706088301347718,CG,AL_NL
381,Fvb5,19000001,19050000,50000,*,17250,23525,0.0435910266553796,CG,AL_NL
382,Fvb5,19050001,19100000,50000,*,13375,19094,-0.0286376739518059,CG,AL_NL
383,Fvb5,19100001,19150000,50000,*,14242,21756,-0.00888870260332619,CG,AL_NL
384,Fvb5,19150001,19200000,50000,*,11133,19991,0.037594922412611,CG,AL_NL
385,Fvb5,19200001,19250000,50000,*,12855,16753,0.0331559327450331,CG,AL_NL
386,Fvb5,19250001,19300000,50000,*,16545,31265,0.0327750351163198,CG,AL_NL
387,Fvb5,19300001,19350000,50000,*,11968,24156,0.0263501940024327,CG,AL_NL
388,Fvb5,19350001,19400000,50000,*,16002,24236,0.0339252743823082,CG,AL_NL
389,Fvb5,19400001,19450000,50000,*,8346,17293,0.0141529442504462,CG,AL_NL
390,Fvb5,19450001,19500000,50000,*,12339,19160,-0.0458587282020123,CG,AL_NL
391,Fvb5,19500001,19550000,50000,*,10379,13408,-0.0611323580776705,CG,AL_NL
392,Fvb5,19550001,19600000,50000,*,9389,11795,-0.0453558034653037,CG,AL_NL
393,Fvb5,19600001,19650000,50000,*,8978,13259,-0.0641435951233021,CG,AL_NL
394,Fvb5,19650001,19700000,50000,*,7900,10007,0.0338843841482545,CG,AL_NL
395,Fvb5,19700001,19750000,50000,*,7999,9076,-0.0083988359696674,CG,AL_NL
396,Fvb5,19750001,19800000,50000,*,15726,25884,0.0180703272303925,CG,AL_NL
397,Fvb5,19800001,19850000,50000,*,12508,24298,0.0200214148581492,CG,AL_NL
398,Fvb5,19850001,19900000,50000,*,11269,20195,0.04221803487107,CG,AL_NL
399,Fvb5,19900001,19950000,50000,*,11450,26881,-0.00484936923543366,CG,AL_NL
400,Fvb5,19950001,20000000,50000,*,11035,23001,0.0170064854959244,CG,AL_NL
401,Fvb5,20000001,20050000,50000,*,14697,22276,0.0259515306988611,CG,AL_NL
402,Fvb5,20050001,20100000,50000,*,17537,27127,0.0589665934581685,CG,AL_NL
403,Fvb5,20100001,20150000,50000,*,11313,16583,0.0129667982321889,CG,AL_NL
404,Fvb5,20150001,20200000,50000,*,8773,38055,-0.0429564861128676,CG,AL_NL
405,Fvb5,20200001,20250000,50000,*,12645,28487,0.0551065155525445,CG,AL_NL
406,Fvb5,20250001,20300000,50000,*,9393,16609,0.0390748036767081,CG,AL_NL
407,Fvb5,20300001,20350000,50000,*,13344,29650,0.00141718457931106,CG,AL_NL
408,Fvb5,20350001,20400000,50000,*,10853,19939,0.0353721859030716,CG,AL_NL
409,Fvb5,20400001,20450000,50000,*,13578,27909,-0.0123869620254939,CG,AL_NL
410,Fvb5,20450001,20500000,50000,*,11534,29014,-0.073025818224269,CG,AL_NL
411,Fvb5,20500001,20550000,50000,*,14100,21788,-0.0279499156355156,CG,AL_NL
412,Fvb5,20550001,20600000,50000,*,9985,21380,0.0103888669772786,CG,AL_NL
413,Fvb5,20600001,20650000,50000,*,10344,16654,0.0256154878687891,CG,AL_NL
414,Fvb5,20650001,20700000,50000,*,12095,32435,-0.025313432546223,CG,AL_NL
415,Fvb5,20700001,20750000,50000,*,15080,27793,0.0767649703297714,CG,AL_NL
416,Fvb5,20750001,20800000,50000,*,13415,21920,0.0257412440532907,CG,AL_NL
417,Fvb5,20800001,20850000,50000,*,20146,31150,0.0276584131955494,CG,AL_NL
418,Fvb5,20850001,20900000,50000,*,29113,32332,-0.00572513654425832,CG,AL_NL
419,Fvb5,20900001,20950000,50000,*,18892,23841,0.0080833552408357,CG,AL_NL
420,Fvb5,20950001,21000000,50000,*,17301,23888,0.0153960512383746,CG,AL_NL
421,Fvb5,21000001,21050000,50000,*,10880,25752,0.00747604526131379,CG,AL_NL
422,Fvb5,21050001,21100000,50000,*,20826,25612,0.012187781621112,CG,AL_NL
423,Fvb5,21100001,21150000,50000,*,15829,27551,-0.0221057691233129,CG,AL_NL
424,Fvb5,21150001,21200000,50000,*,11719,21645,-0.000829450306437773,CG,AL_NL
425,Fvb5,21200001,21250000,50000,*,16493,28055,0.0282898313977976,CG,AL_NL
426,Fvb5,21250001,21300000,50000,*,17528,26613,0.0122040542181523,CG,AL_NL
427,Fvb5,21300001,21350000,50000,*,12262,25688,0.0134612898111147,CG,AL_NL
428,Fvb5,21350001,21400000,50000,*,19323,27876,0.0203570095242137,CG,AL_NL
429,Fvb5,21400001,21450000,50000,*,14178,21392,0.00891092481550071,CG,AL_NL
430,Fvb5,21450001,21500000,50000,*,10543,14723,-0.019847700196679,CG,AL_NL
431,Fvb5,21500001,21550000,50000,*,16800,24741,0.0281180553942153,CG,AL_NL
432,Fvb5,21550001,21600000,50000,*,13688,19358,0.0122778701332171,CG,AL_NL
433,Fvb5,21600001,21650000,50000,*,15740,27907,0.0666922730042328,CG,AL_NL
434,Fvb5,21650001,21700000,50000,*,13861,29026,-0.00612333801934734,CG,AL_NL
435,Fvb5,21700001,21750000,50000,*,12805,23466,0.0213068613374472,CG,AL_NL
436,Fvb5,21750001,21800000,50000,*,14573,23956,0.0461940476783931,CG,AL_NL
437,Fvb5,21800001,21850000,50000,*,13716,22299,-0.000242712479434637,CG,AL_NL
438,Fvb5,21850001,21900000,50000,*,24233,29777,0.030617715362002,CG,AL_NL
439,Fvb5,21900001,21950000,50000,*,10590,17403,0.0251636752667079,CG,AL_NL
440,Fvb5,21950001,22000000,50000,*,16235,26709,0.0922314417802123,CG,AL_NL
441,Fvb5,22000001,22050000,50000,*,13906,20295,0.0219208841454352,CG,AL_NL
442,Fvb5,22050001,22100000,50000,*,16457,28016,0.0819410007487495,CG,AL_NL
443,Fvb5,22100001,22150000,50000,*,11595,24547,-0.0545252006637921,CG,AL_NL
444,Fvb5,22150001,22200000,50000,*,22699,28737,0.0195850169668409,CG,AL_NL
445,Fvb5,22200001,22250000,50000,*,16130,26670,0.0567740226097864,CG,AL_NL
446,Fvb5,22250001,22300000,50000,*,21083,39013,0.0372175002635772,CG,AL_NL
447,Fvb5,22300001,22350000,50000,*,24389,30424,0.0311979489162056,CG,AL_NL
448,Fvb5,22350001,22400000,50000,*,16880,24981,0.00595329480567641,CG,AL_NL
449,Fvb5,22400001,22450000,50000,*,22077,27997,-0.0334419784702548,CG,AL_NL
450,Fvb5,22450001,22500000,50000,*,17105,23322,-0.039603042744355,CG,AL_NL
451,Fvb5,22500001,22550000,50000,*,28194,30071,-0.00542295500444523,CG,AL_NL
452,Fvb5,22550001,22600000,50000,*,21526,32487,-0.0033856018656313,CG,AL_NL
453,Fvb5,22600001,22650000,50000,*,19877,20844,0.025381600961249,CG,AL_NL
454,Fvb5,22650001,22700000,50000,*,26626,28638,-0.0120247118186393,CG,AL_NL
455,Fvb5,22700001,22750000,50000,*,26808,33341,-0.0338707843688938,CG,AL_NL
456,Fvb5,22750001,22800000,50000,*,12999,24369,0.0696386830847553,CG,AL_NL
457,Fvb5,22800001,22850000,50000,*,13667,21619,0.00882153550699583,CG,AL_NL
458,Fvb5,22850001,22900000,50000,*,25769,36257,0.072958094629951,CG,AL_NL
459,Fvb5,22900001,22950000,50000,*,16775,31078,0.0810881113403976,CG,AL_NL
460,Fvb5,22950001,23000000,50000,*,13549,29616,-0.0165376358477879,CG,AL_NL
461,Fvb5,23000001,23050000,50000,*,11696,23070,-0.0556347761834166,CG,AL_NL
462,Fvb5,23050001,23100000,50000,*,15237,31459,-0.000574188888586069,CG,AL_NL
463,Fvb5,23100001,23150000,50000,*,9894,26165,0.0745046294380141,CG,AL_NL
464,Fvb5,23150001,23200000,50000,*,14348,19292,-0.0150874568541807,CG,AL_NL
465,Fvb5,23200001,23250000,50000,*,10597,22115,-0.00950307044939874,CG,AL_NL
466,Fvb5,23250001,23300000,50000,*,10365,26039,0.0261546856546811,CG,AL_NL
467,Fvb5,23300001,23350000,50000,*,12002,28058,-0.00285979447554197,CG,AL_NL
468,Fvb5,23350001,23400000,50000,*,17535,26910,0.0425289447538509,CG,AL_NL
469,Fvb5,23400001,23450000,50000,*,12128,23621,0.0532784462971405,CG,AL_NL
470,Fvb5,23450001,23500000,50000,*,12575,35563,-0.0158759912580668,CG,AL_NL
471,Fvb5,23500001,23550000,50000,*,13670,27025,-0.00257618363488232,CG,AL_NL
472,Fvb5,23550001,23600000,50000,*,13046,25899,-0.0147822619712548,CG,AL_NL
473,Fvb5,23600001,23650000,50000,*,8804,20514,0.020036057992311,CG,AL_NL
474,Fvb5,23650001,23700000,50000,*,10391,22736,0.00370755354049945,CG,AL_NL
475,Fvb5,23700001,23750000,50000,*,10856,29206,0.0379014184839033,CG,AL_NL
476,Fvb5,23750001,23800000,50000,*,11084,27655,0.0346566097006272,CG,AL_NL
477,Fvb5,23800001,23850000,50000,*,14497,24870,-0.0118297012702239,CG,AL_NL
478,Fvb5,23850001,23900000,50000,*,14016,23419,-0.0500821966738173,CG,AL_NL
479,Fvb5,23900001,23950000,50000,*,14402,25054,0.0749812199153971,CG,AL_NL
480,Fvb5,23950001,24000000,50000,*,13958,21733,0.0585080110473716,CG,AL_NL
481,Fvb5,24000001,24050000,50000,*,16107,27739,0.00956537038462157,CG,AL_NL
482,Fvb5,24050001,24100000,50000,*,2695,8596,0.0010828166593943,CG,AL_NL
483,Fvb5,24100001,24150000,50000,*,11417,23457,0.0400185755173136,CG,AL_NL
484,Fvb5,24150001,24200000,50000,*,10366,35124,0.0188309382682424,CG,AL_NL
485,Fvb5,24200001,24250000,50000,*,14088,28329,0.102216007841283,CG,AL_NL
486,Fvb5,24250001,24300000,50000,*,9910,28746,0.0137989910959995,CG,AL_NL
487,Fvb5,24300001,24350000,50000,*,8871,28411,-0.0255032632141255,CG,AL_NL
488,Fvb5,24350001,24400000,50000,*,6358,33382,0.0379895040812735,CG,AL_NL
489,Fvb5,24400001,24450000,50000,*,12037,25740,0.0401101560949603,CG,AL_NL
490,Fvb5,24450001,24500000,50000,*,12306,31638,0.0299986250175622,CG,AL_NL
491,Fvb5,24500001,24550000,50000,*,4129,15568,0.0296246326838037,CG,AL_NL
492,Fvb5,24550001,24600000,50000,*,13407,20837,0.0844192851810603,CG,AL_NL
493,Fvb5,24600001,24650000,50000,*,12064,31131,0.0468699419249924,CG,AL_NL
494,Fvb5,24650001,24700000,50000,*,13354,25909,0.0314373673044171,CG,AL_NL
495,Fvb5,24700001,24750000,50000,*,14754,18087,0.016161898752632,CG,AL_NL
496,Fvb5,24750001,24800000,50000,*,12595,24709,0.0306531294791978,CG,AL_NL
497,Fvb5,24800001,24850000,50000,*,7654,22389,0.0492431853168607,CG,AL_NL
498,Fvb5,24850001,24900000,50000,*,15098,25340,-0.0122728998722615,CG,AL_NL
499,Fvb5,24900001,24950000,50000,*,9113,22867,0.00667420709278765,CG,AL_NL
500,Fvb5,24950001,25000000,50000,*,15291,24622,0.00675189572957291,CG,AL_NL
501,Fvb5,25000001,25050000,50000,*,10137,23911,0.0494029764896525,CG,AL_NL
502,Fvb5,25050001,25100000,50000,*,11775,20614,0.0541408352936821,CG,AL_NL
503,Fvb5,25100001,25150000,50000,*,17139,27520,0.0653473831554255,CG,AL_NL
504,Fvb5,25150001,25200000,50000,*,17718,28407,-0.00138927453109827,CG,AL_NL
505,Fvb5,25200001,25250000,50000,*,12984,28914,-0.0272734180601469,CG,AL_NL
506,Fvb5,25250001,25300000,50000,*,16015,22112,0.0262435521593499,CG,AL_NL
507,Fvb5,25300001,25350000,50000,*,24471,31875,0.0576311183855965,CG,AL_NL
508,Fvb5,25350001,25400000,50000,*,12753,20476,0.0112319475548043,CG,AL_NL
509,Fvb5,25400001,25450000,50000,*,8160,18918,-0.100917264579461,CG,AL_NL
510,Fvb5,25450001,25500000,50000,*,10205,23524,0.0280554981915367,CG,AL_NL
511,Fvb5,25500001,25550000,50000,*,12435,33317,-0.0571102492570991,CG,AL_NL
512,Fvb5,25550001,25600000,50000,*,10899,21863,0.0328933760550125,CG,AL_NL
513,Fvb5,25600001,25650000,50000,*,15779,22159,0.0717369757910147,CG,AL_NL
514,Fvb5,25650001,25700000,50000,*,12082,25270,-0.0948455417360465,CG,AL_NL
515,Fvb5,25700001,25750000,50000,*,18019,26405,0.0522269352396409,CG,AL_NL
516,Fvb5,25750001,25800000,50000,*,9896,20628,-0.13246977572142,CG,AL_NL
517,Fvb5,25800001,25850000,50000,*,14200,21172,0.109919189314899,CG,AL_NL
518,Fvb5,25850001,25900000,50000,*,7097,19102,0.0100177555036443,CG,AL_NL
519,Fvb5,25900001,25950000,50000,*,12053,23746,0.0901233274860085,CG,AL_NL
520,Fvb5,25950001,26000000,50000,*,7938,33215,-0.0229981428223094,CG,AL_NL
521,Fvb5,26000001,26050000,50000,*,13306,39282,-0.00387661725012856,CG,AL_NL
522,Fvb5,26050001,26100000,50000,*,8919,28503,0.00297646630862525,CG,AL_NL
523,Fvb5,26100001,26150000,50000,*,13525,51031,0.00393898184762498,CG,AL_NL
524,Fvb5,26150001,26200000,50000,*,6852,26593,-0.0271112426838561,CG,AL_NL
525,Fvb5,26200001,26250000,50000,*,9200,26354,-0.00194207482616204,CG,AL_NL
526,Fvb5,26250001,26300000,50000,*,10200,23796,-0.00842607061152878,CG,AL_NL
527,Fvb5,26300001,26350000,50000,*,12716,40008,0.0267819222095441,CG,AL_NL
528,Fvb5,26350001,26400000,50000,*,10788,29559,0.0352494910895037,CG,AL_NL
529,Fvb5,26400001,26450000,50000,*,9314,30424,-0.0307440245030374,CG,AL_NL
530,Fvb5,26450001,26500000,50000,*,13698,29350,0.0971040844451884,CG,AL_NL
531,Fvb5,26500001,26550000,50000,*,11653,43052,0.0208676944067165,CG,AL_NL
532,Fvb5,26550001,26600000,50000,*,10721,31192,0.040971033351717,CG,AL_NL
533,Fvb5,26600001,26650000,50000,*,4976,15940,-0.0818123911582109,CG,AL_NL
534,Fvb5,26650001,26700000,50000,*,4256,8902,-0.150404930973658,CG,AL_NL
535,Fvb5,26700001,26750000,50000,*,13053,27223,0.0781134465290778,CG,AL_NL
536,Fvb5,26750001,26800000,50000,*,13782,30116,0.0426745492662803,CG,AL_NL
537,Fvb5,26800001,26850000,50000,*,10020,29159,0.0163957111441276,CG,AL_NL
538,Fvb5,26850001,26900000,50000,*,6613,18523,-0.0700221711355792,CG,AL_NL
539,Fvb5,26900001,26950000,50000,*,10969,49201,-0.020925559055445,CG,AL_NL
540,Fvb5,26950001,27000000,50000,*,8480,27861,-0.0162074474541937,CG,AL_NL
541,Fvb5,27000001,27050000,50000,*,6351,30348,-0.0492111610388357,CG,AL_NL
542,Fvb5,27050001,27100000,50000,*,17593,38022,-0.0592581982319446,CG,AL_NL
543,Fvb5,27100001,27150000,50000,*,10984,26778,0.00399579321859117,CG,AL_NL
544,Fvb5,27150001,27200000,50000,*,13956,29082,-0.0143547453315039,CG,AL_NL
545,Fvb5,27200001,27250000,50000,*,12630,37986,-0.0563899487194693,CG,AL_NL
546,Fvb5,27250001,27300000,50000,*,21689,26465,0.136658299979911,CG,AL_NL
547,Fvb5,27300001,27350000,50000,*,23668,26423,0.00926111269396457,CG,AL_NL
548,Fvb5,27350001,27400000,50000,*,24723,29917,0.0212488504243536,CG,AL_NL
549,Fvb5,27400001,27450000,50000,*,8681,26741,0.048770517699155,CG,AL_NL
550,Fvb5,27450001,27500000,50000,*,9123,30708,0.0097659067622537,CG,AL_NL
551,Fvb5,27500001,27550000,50000,*,21355,23352,0.0219824570010376,CG,AL_NL
552,Fvb5,27550001,27600000,50000,*,13626,29256,0.0314585707829644,CG,AL_NL
553,Fvb5,27600001,27650000,50000,*,18844,25560,0.00769444321137192,CG,AL_NL
554,Fvb5,27650001,27700000,50000,*,14537,26406,0.0220448074733319,CG,AL_NL
555,Fvb5,27700001,27750000,50000,*,11114,27199,0.0077838989264602,CG,AL_NL
556,Fvb5,27750001,27800000,50000,*,16859,28803,0.0165681390425836,CG,AL_NL
557,Fvb5,27800001,27850000,50000,*,8630,24171,0.0408950038684911,CG,AL_NL
558,Fvb5,27850001,27900000,50000,*,11124,39786,0.0177157038712022,CG,AL_NL
559,Fvb5,27900001,27950000,50000,*,14266,22751,0.148240076915704,CG,AL_NL
560,Fvb5,27950001,28000000,50000,*,9538,31016,0.0121212104860441,CG,AL_NL
561,Fvb5,28000001,28050000,50000,*,21442,30875,0.0718113267726055,CG,AL_NL
562,Fvb5,28050001,28100000,50000,*,13196,26510,0.0524503749575971,CG,AL_NL
563,Fvb5,28100001,28150000,50000,*,10133,26219,0.0843610956770666,CG,AL_NL
564,Fvb5,28150001,28200000,50000,*,11990,28251,0.0299272917627479,CG,AL_NL
565,Fvb5,28200001,28250000,50000,*,14060,27148,0.0248675860747108,CG,AL_NL
566,Fvb5,28250001,28300000,50000,*,13180,26336,0.0704813336987651,CG,AL_NL
567,Fvb5,28300001,28350000,50000,*,11116,27552,0.0428736876975262,CG,AL_NL
568,Fvb5,28350001,28400000,50000,*,11955,24239,0.029341435244467,CG,AL_NL
569,Fvb5,28400001,28450000,50000,*,4805,16870,0.0211164971018721,CG,AL_NL
570,Fvb5,28450001,28500000,50000,*,3677,15537,0.0314774746969906,CG,AL_NL
571,Fvb5,28500001,28550000,50000,*,8836,28231,0.0107676594480909,CG,AL_NL
572,Fvb5,28550001,28600000,50000,*,3842,9379,0.189023340257228,CG,AL_NL
573,Fvb5,28600001,28650000,50000,*,875,1884,-0.187686229502316,CG,AL_NL
574,Fvb5,28650001,28700000,50000,*,5712,18077,0.0434253818152835,CG,AL_NL
575,Fvb5,28700001,28750000,50000,*,2564,16948,-0.0218573627753391,CG,AL_NL
576,Fvb5,28750001,28800000,50000,*,9792,20802,-0.00362376191164893,CG,AL_NL
577,Fvb5,28800001,28850000,50000,*,6628,33568,-0.0347064700312554,CG,AL_NL
578,Fvb5,28850001,28900000,50000,*,11111,25270,-0.0540785057926251,CG,AL_NL
579,Fvb5,28900001,28950000,50000,*,15928,32908,0.0387435034477016,CG,AL_NL
580,Fvb5,28950001,29000000,50000,*,13803,24660,0.00832756410591351,CG,AL_NL
581,Fvb5,29000001,29050000,50000,*,19959,29286,0.0318825701048319,CG,AL_NL
582,Fvb5,29050001,29100000,50000,*,10051,30549,0.0378544971198647,CG,AL_NL
583,Fvb5,29100001,29150000,50000,*,8820,36496,0.0412114382575092,CG,AL_NL
584,Fvb5,29150001,29200000,50000,*,11918,24997,-0.0135085472784056,CG,AL_NL
585,Fvb5,29200001,29250000,50000,*,13587,30048,-0.0194833224905297,CG,AL_NL
586,Fvb5,29250001,29300000,50000,*,13178,24899,0.068454631712117,CG,AL_NL
587,Fvb5,29300001,29350000,50000,*,14762,22881,0.043148740221311,CG,AL_NL
588,Fvb5,29350001,29400000,50000,*,26200,29852,-0.0428827244450115,CG,AL_NL
