,seqnames,start,end,width,strand,sumReadsM,sumReadsN,Propdiff.CHG.Fvb1,context,group
1,Fvb1,1,50000,50000,*,2991,44163,0.0259881102050668,CHG,AL_FL
2,Fvb1,50001,100000,50000,*,3245,48088,-0.0511895877656699,CHG,AL_FL
3,Fvb1,100001,150000,50000,*,400,51095,0.000654953505320988,CHG,AL_FL
4,Fvb1,150001,200000,50000,*,3550,51344,-0.00258188709073218,CHG,AL_FL
5,Fvb1,200001,250000,50000,*,1646,49229,0.00797573709099823,CHG,AL_FL
6,Fvb1,250001,300000,50000,*,6508,49369,0.0391495265120268,CHG,AL_FL
7,Fvb1,300001,350000,50000,*,607,48814,-0.00019211269602812,CHG,AL_FL
8,Fvb1,350001,400000,50000,*,2601,59374,0.0110676738526702,CHG,AL_FL
9,Fvb1,400001,450000,50000,*,1801,43689,0.0160910627227637,CHG,AL_FL
10,Fvb1,450001,500000,50000,*,3254,46264,0.0238047900976984,CHG,AL_FL
11,Fvb1,500001,550000,50000,*,528,37766,-0.0132873073599516,CHG,AL_FL
12,Fvb1,550001,600000,50000,*,863,48813,0.00308117632298803,CHG,AL_FL
13,Fvb1,600001,650000,50000,*,700,33709,0.00784322902500042,CHG,AL_FL
14,Fvb1,650001,700000,50000,*,939,20323,0.0238882401021869,CHG,AL_FL
15,Fvb1,700001,750000,50000,*,5114,48471,0.0454576971357831,CHG,AL_FL
16,Fvb1,750001,800000,50000,*,6912,47492,0.070201648713185,CHG,AL_FL
17,Fvb1,800001,850000,50000,*,5204,47052,0.0650275526322882,CHG,AL_FL
18,Fvb1,850001,900000,50000,*,1855,47506,-0.00271787939702384,CHG,AL_FL
19,Fvb1,900001,950000,50000,*,385,49346,0.00215918015635422,CHG,AL_FL
20,Fvb1,950001,1000000,50000,*,2388,41737,0.00450810630553787,CHG,AL_FL
21,Fvb1,1000001,1050000,50000,*,1614,44810,0.0113009023309166,CHG,AL_FL
22,Fvb1,1050001,1100000,50000,*,1372,45122,0.0195689167820023,CHG,AL_FL
23,Fvb1,1100001,1150000,50000,*,2057,35189,0.0161883556018385,CHG,AL_FL
24,Fvb1,1150001,1200000,50000,*,1083,44348,-0.012480990382341,CHG,AL_FL
25,Fvb1,1200001,1250000,50000,*,355,15505,-0.00788935538250959,CHG,AL_FL
26,Fvb1,1250001,1300000,50000,*,614,915,-0.00660472956975511,CHG,AL_FL
27,Fvb1,1300001,1350000,50000,*,463,14507,-0.00676887696317597,CHG,AL_FL
28,Fvb1,1350001,1400000,50000,*,849,36026,0.00467742432934239,CHG,AL_FL
29,Fvb1,1400001,1450000,50000,*,1985,42905,0.0108589585567202,CHG,AL_FL
30,Fvb1,1450001,1500000,50000,*,1460,52447,0.0057604344504125,CHG,AL_FL
31,Fvb1,1500001,1550000,50000,*,3712,42940,0.0683203490124291,CHG,AL_FL
32,Fvb1,1550001,1600000,50000,*,3117,51502,0.0306186317122579,CHG,AL_FL
33,Fvb1,1600001,1650000,50000,*,2138,42477,0.0230961757704157,CHG,AL_FL
34,Fvb1,1650001,1700000,50000,*,6986,49665,-0.00499582496846521,CHG,AL_FL
35,Fvb1,1700001,1750000,50000,*,3224,46641,0.0326726267783191,CHG,AL_FL
36,Fvb1,1750001,1800000,50000,*,654,48962,0.00631566383700843,CHG,AL_FL
37,Fvb1,1800001,1850000,50000,*,554,47130,0.00115607202108209,CHG,AL_FL
38,Fvb1,1850001,1900000,50000,*,2783,55987,0.0132679373634469,CHG,AL_FL
39,Fvb1,1900001,1950000,50000,*,1062,54812,0.000668706193137251,CHG,AL_FL
40,Fvb1,1950001,2000000,50000,*,1790,50846,0.0100944095117047,CHG,AL_FL
41,Fvb1,2000001,2050000,50000,*,2619,52900,0.0301100759275038,CHG,AL_FL
42,Fvb1,2050001,2100000,50000,*,2152,45174,0.0129736416652063,CHG,AL_FL
43,Fvb1,2100001,2150000,50000,*,3646,46588,0.0581901032373944,CHG,AL_FL
44,Fvb1,2150001,2200000,50000,*,977,43489,0.0118422502875379,CHG,AL_FL
45,Fvb1,2200001,2250000,50000,*,1826,52296,0.00261451786221846,CHG,AL_FL
46,Fvb1,2250001,2300000,50000,*,1580,33367,0.0243162868160772,CHG,AL_FL
47,Fvb1,2300001,2350000,50000,*,1187,53807,-0.00436929349973593,CHG,AL_FL
48,Fvb1,2350001,2400000,50000,*,1400,41065,-0.00819590425204104,CHG,AL_FL
49,Fvb1,2400001,2450000,50000,*,1832,29291,0.0304116305110534,CHG,AL_FL
50,Fvb1,2450001,2500000,50000,*,5365,42956,0.0818535597222094,CHG,AL_FL
51,Fvb1,2500001,2550000,50000,*,1773,47508,0.0037738303737561,CHG,AL_FL
52,Fvb1,2550001,2600000,50000,*,8915,31605,0.243347797493002,CHG,AL_FL
53,Fvb1,2600001,2650000,50000,*,6638,42205,0.126964532119828,CHG,AL_FL
54,Fvb1,2650001,2700000,50000,*,2210,53471,0.0175512476474956,CHG,AL_FL
55,Fvb1,2700001,2750000,50000,*,792,51074,0.000622914312303996,CHG,AL_FL
56,Fvb1,2750001,2800000,50000,*,959,43022,0.0106037646640683,CHG,AL_FL
57,Fvb1,2800001,2850000,50000,*,682,51084,0.00324228135341584,CHG,AL_FL
58,Fvb1,2850001,2900000,50000,*,3580,44976,0.00171146551099627,CHG,AL_FL
59,Fvb1,2900001,2950000,50000,*,474,52268,0.00250781204480415,CHG,AL_FL
60,Fvb1,2950001,3000000,50000,*,4850,41841,0.0289667439123365,CHG,AL_FL
61,Fvb1,3000001,3050000,50000,*,830,55069,-0.00365612629093529,CHG,AL_FL
62,Fvb1,3050001,3100000,50000,*,13478,42843,0.153477877386898,CHG,AL_FL
63,Fvb1,3100001,3150000,50000,*,2704,44865,0.0201664542814737,CHG,AL_FL
64,Fvb1,3150001,3200000,50000,*,430,30972,0.00280643957217529,CHG,AL_FL
65,Fvb1,3200001,3250000,50000,*,489,48150,-0.00486324816696872,CHG,AL_FL
66,Fvb1,3250001,3300000,50000,*,3658,52120,-0.0103222785876319,CHG,AL_FL
67,Fvb1,3300001,3350000,50000,*,7716,54832,0.123226598924778,CHG,AL_FL
68,Fvb1,3350001,3400000,50000,*,7120,46471,0.0591967382654048,CHG,AL_FL
69,Fvb1,3400001,3450000,50000,*,2221,48667,0.00383773192247107,CHG,AL_FL
70,Fvb1,3450001,3500000,50000,*,1127,42343,0.000824593159916759,CHG,AL_FL
71,Fvb1,3500001,3550000,50000,*,2458,46475,0.00532650832033094,CHG,AL_FL
72,Fvb1,3550001,3600000,50000,*,5468,54437,0.0892169991306276,CHG,AL_FL
73,Fvb1,3600001,3650000,50000,*,4628,50207,0.0352226527657177,CHG,AL_FL
74,Fvb1,3650001,3700000,50000,*,1638,47357,0.0268988337849288,CHG,AL_FL
75,Fvb1,3700001,3750000,50000,*,1577,30833,0.0432400474824908,CHG,AL_FL
76,Fvb1,3750001,3800000,50000,*,1714,52869,3.27093055796299e-05,CHG,AL_FL
77,Fvb1,3800001,3850000,50000,*,628,54393,0.0013466567383635,CHG,AL_FL
78,Fvb1,3850001,3900000,50000,*,6685,24118,0.202829428173932,CHG,AL_FL
79,Fvb1,3900001,3950000,50000,*,3700,50271,0.0475107394557015,CHG,AL_FL
80,Fvb1,3950001,4000000,50000,*,2794,41506,-0.0815805800627272,CHG,AL_FL
81,Fvb1,4000001,4050000,50000,*,2074,44950,0.0197934137855151,CHG,AL_FL
82,Fvb1,4050001,4100000,50000,*,1972,46776,-0.000683065217702623,CHG,AL_FL
83,Fvb1,4100001,4150000,50000,*,5458,45832,0.0743574948494794,CHG,AL_FL
84,Fvb1,4150001,4200000,50000,*,993,46010,0.00403840507593696,CHG,AL_FL
85,Fvb1,4200001,4250000,50000,*,660,48582,-0.00840710038039721,CHG,AL_FL
86,Fvb1,4250001,4300000,50000,*,933,52556,0.000955922041541914,CHG,AL_FL
87,Fvb1,4300001,4350000,50000,*,1242,51276,0.00900627109472972,CHG,AL_FL
88,Fvb1,4350001,4400000,50000,*,3792,45829,-0.00175417307121009,CHG,AL_FL
89,Fvb1,4400001,4450000,50000,*,2221,26946,0.00616618723566872,CHG,AL_FL
90,Fvb1,4450001,4500000,50000,*,1206,43610,-0.00529830643305444,CHG,AL_FL
91,Fvb1,4500001,4550000,50000,*,4994,47260,0.031506811513226,CHG,AL_FL
92,Fvb1,4550001,4600000,50000,*,1112,49356,0.0125930100771611,CHG,AL_FL
93,Fvb1,4600001,4650000,50000,*,7773,43669,0.00577624743316546,CHG,AL_FL
94,Fvb1,4650001,4700000,50000,*,1546,38052,-0.000135658656524512,CHG,AL_FL
95,Fvb1,4700001,4750000,50000,*,746,55864,0.000699791993962093,CHG,AL_FL
96,Fvb1,4750001,4800000,50000,*,1696,53432,-0.00247505690631273,CHG,AL_FL
97,Fvb1,4800001,4850000,50000,*,5855,26414,0.170134025026823,CHG,AL_FL
98,Fvb1,4850001,4900000,50000,*,1069,47834,-0.00703870143615178,CHG,AL_FL
99,Fvb1,4900001,4950000,50000,*,2771,48253,0.0132230097388047,CHG,AL_FL
100,Fvb1,4950001,5000000,50000,*,3909,41459,0.0307689816434601,CHG,AL_FL
101,Fvb1,5000001,5050000,50000,*,1691,37337,0.00165595102496149,CHG,AL_FL
102,Fvb1,5050001,5100000,50000,*,2056,55532,0.00463556928863597,CHG,AL_FL
103,Fvb1,5100001,5150000,50000,*,1304,51194,0.00450543422857915,CHG,AL_FL
104,Fvb1,5150001,5200000,50000,*,907,51910,-0.00163320686787089,CHG,AL_FL
105,Fvb1,5200001,5250000,50000,*,13636,34706,0.315321225768987,CHG,AL_FL
106,Fvb1,5250001,5300000,50000,*,16403,36566,0.189588107761785,CHG,AL_FL
107,Fvb1,5300001,5350000,50000,*,465,49459,0.00290728304004561,CHG,AL_FL
108,Fvb1,5350001,5400000,50000,*,7959,42173,-0.00820785267040941,CHG,AL_FL
109,Fvb1,5400001,5450000,50000,*,3555,57710,0.0290174592350231,CHG,AL_FL
110,Fvb1,5450001,5500000,50000,*,7889,43578,0.0980245995569986,CHG,AL_FL
111,Fvb1,5500001,5550000,50000,*,853,48254,-0.00141195402044497,CHG,AL_FL
112,Fvb1,5550001,5600000,50000,*,1206,51728,0.00573501816806476,CHG,AL_FL
113,Fvb1,5600001,5650000,50000,*,1370,47716,0.0150846752277829,CHG,AL_FL
114,Fvb1,5650001,5700000,50000,*,8707,42699,0.137765522082948,CHG,AL_FL
115,Fvb1,5700001,5750000,50000,*,1566,47065,-0.00438763594684223,CHG,AL_FL
116,Fvb1,5750001,5800000,50000,*,2249,51169,0.0158121151123037,CHG,AL_FL
117,Fvb1,5800001,5850000,50000,*,1585,28212,0.0151815127525906,CHG,AL_FL
118,Fvb1,5850001,5900000,50000,*,3165,43816,0.0250892651583689,CHG,AL_FL
119,Fvb1,5900001,5950000,50000,*,3378,40415,0.0116052494921014,CHG,AL_FL
120,Fvb1,5950001,6000000,50000,*,1784,44489,0.0017967024301503,CHG,AL_FL
121,Fvb1,6000001,6050000,50000,*,716,43382,-0.00889632812039111,CHG,AL_FL
122,Fvb1,6050001,6100000,50000,*,2836,50471,0.029173115340148,CHG,AL_FL
123,Fvb1,6100001,6150000,50000,*,1280,50128,0.00447794295471926,CHG,AL_FL
124,Fvb1,6150001,6200000,50000,*,2165,41071,0.0315080427959426,CHG,AL_FL
125,Fvb1,6200001,6250000,50000,*,3192,42027,0.00840471807015691,CHG,AL_FL
126,Fvb1,6250001,6300000,50000,*,3087,52254,0.0314933032940164,CHG,AL_FL
127,Fvb1,6300001,6350000,50000,*,2329,42902,0.0141991239563187,CHG,AL_FL
128,Fvb1,6350001,6400000,50000,*,4586,46981,0.0420780252502108,CHG,AL_FL
129,Fvb1,6400001,6450000,50000,*,840,54456,0.00358517418245398,CHG,AL_FL
130,Fvb1,6450001,6500000,50000,*,1879,45354,0.0224290206716866,CHG,AL_FL
131,Fvb1,6500001,6550000,50000,*,1173,37345,-0.00185165785821439,CHG,AL_FL
132,Fvb1,6550001,6600000,50000,*,2018,47081,0.0117087040045857,CHG,AL_FL
133,Fvb1,6600001,6650000,50000,*,2298,45206,0.00197269185919923,CHG,AL_FL
134,Fvb1,6650001,6700000,50000,*,1192,49497,-0.00241566988345177,CHG,AL_FL
135,Fvb1,6700001,6750000,50000,*,3700,48461,0.0530037511812017,CHG,AL_FL
136,Fvb1,6750001,6800000,50000,*,5112,46886,0.0112681713940741,CHG,AL_FL
137,Fvb1,6800001,6850000,50000,*,5250,54027,0.0731109433332231,CHG,AL_FL
138,Fvb1,6850001,6900000,50000,*,2700,51106,0.0239277277944444,CHG,AL_FL
139,Fvb1,6900001,6950000,50000,*,6077,38369,0.0296336464999487,CHG,AL_FL
140,Fvb1,6950001,7000000,50000,*,5858,41098,0.0128139579676815,CHG,AL_FL
141,Fvb1,7000001,7050000,50000,*,3647,51666,0.0509341710019155,CHG,AL_FL
142,Fvb1,7050001,7100000,50000,*,4629,33291,0.0863134701971826,CHG,AL_FL
143,Fvb1,7100001,7150000,50000,*,2660,48924,0.0371286640221709,CHG,AL_FL
144,Fvb1,7150001,7200000,50000,*,642,57247,0.0022689804131151,CHG,AL_FL
145,Fvb1,7200001,7250000,50000,*,1174,47379,0.00557072711970671,CHG,AL_FL
146,Fvb1,7250001,7300000,50000,*,2614,42844,0.00848904167169696,CHG,AL_FL
147,Fvb1,7300001,7350000,50000,*,4524,45483,-0.00644280107079918,CHG,AL_FL
148,Fvb1,7350001,7400000,50000,*,1533,41527,0.00676669007521341,CHG,AL_FL
149,Fvb1,7400001,7450000,50000,*,2993,47172,0.0329441769630319,CHG,AL_FL
150,Fvb1,7450001,7500000,50000,*,2901,40927,0.052550666676768,CHG,AL_FL
151,Fvb1,7500001,7550000,50000,*,2263,48386,0.00796922763837418,CHG,AL_FL
152,Fvb1,7550001,7600000,50000,*,758,44671,0.00410500914123598,CHG,AL_FL
153,Fvb1,7600001,7650000,50000,*,1016,38930,-0.00690300340424521,CHG,AL_FL
154,Fvb1,7650001,7700000,50000,*,4025,40029,0.0431926044449516,CHG,AL_FL
155,Fvb1,7700001,7750000,50000,*,3917,43050,0.0536899886084928,CHG,AL_FL
156,Fvb1,7750001,7800000,50000,*,740,34428,-0.133677083542902,CHG,AL_FL
157,Fvb1,7800001,7850000,50000,*,3751,35282,0.0197305366764631,CHG,AL_FL
158,Fvb1,7850001,7900000,50000,*,1737,21570,0.0116386713338045,CHG,AL_FL
159,Fvb1,7900001,7950000,50000,*,4695,31468,0.0646256100033659,CHG,AL_FL
160,Fvb1,7950001,8000000,50000,*,2054,38924,0.00309244786582785,CHG,AL_FL
161,Fvb1,8000001,8050000,50000,*,849,46455,0.00442523317392545,CHG,AL_FL
162,Fvb1,8050001,8100000,50000,*,4004,36191,0.0205927581614396,CHG,AL_FL
163,Fvb1,8100001,8150000,50000,*,10905,45423,0.159442771334501,CHG,AL_FL
164,Fvb1,8150001,8200000,50000,*,1082,54188,-0.0116625683078524,CHG,AL_FL
165,Fvb1,8200001,8250000,50000,*,2220,48443,0.0125697746125178,CHG,AL_FL
166,Fvb1,8250001,8300000,50000,*,1841,49764,0.0209931499158636,CHG,AL_FL
167,Fvb1,8300001,8350000,50000,*,4247,17318,0.0625486189333382,CHG,AL_FL
168,Fvb1,8350001,8400000,50000,*,9971,31431,0.075740670064308,CHG,AL_FL
169,Fvb1,8400001,8450000,50000,*,2328,42891,-0.003189015676399,CHG,AL_FL
170,Fvb1,8450001,8500000,50000,*,11040,33132,0.232658634009751,CHG,AL_FL
171,Fvb1,8500001,8550000,50000,*,11535,36966,-0.266546578897071,CHG,AL_FL
172,Fvb1,8550001,8600000,50000,*,7317,39708,-0.0387298277425204,CHG,AL_FL
173,Fvb1,8600001,8650000,50000,*,3070,36348,0.0204316373184865,CHG,AL_FL
174,Fvb1,8650001,8700000,50000,*,2421,47758,0.0321304492628088,CHG,AL_FL
175,Fvb1,8700001,8750000,50000,*,6024,38340,0.00960709525203418,CHG,AL_FL
176,Fvb1,8750001,8800000,50000,*,2205,31765,0.0105098992934498,CHG,AL_FL
177,Fvb1,8800001,8850000,50000,*,934,49535,0.00257503580455377,CHG,AL_FL
178,Fvb1,8850001,8900000,50000,*,7462,34425,0.156834059177072,CHG,AL_FL
179,Fvb1,8900001,8950000,50000,*,775,46114,-0.00920133054117632,CHG,AL_FL
180,Fvb1,8950001,9000000,50000,*,5591,42497,0.0355768435588286,CHG,AL_FL
181,Fvb1,9000001,9050000,50000,*,2877,47119,0.0118812600060937,CHG,AL_FL
182,Fvb1,9050001,9100000,50000,*,4801,40375,-0.00820414124745446,CHG,AL_FL
183,Fvb1,9100001,9150000,50000,*,5878,40453,0.056553467544431,CHG,AL_FL
184,Fvb1,9150001,9200000,50000,*,13841,39318,0.0837918994000725,CHG,AL_FL
185,Fvb1,9200001,9250000,50000,*,1491,42433,0.00756960829434081,CHG,AL_FL
186,Fvb1,9250001,9300000,50000,*,1814,43230,0.0163567699360076,CHG,AL_FL
187,Fvb1,9300001,9350000,50000,*,8921,27771,0.100320579964328,CHG,AL_FL
188,Fvb1,9350001,9400000,50000,*,12832,46890,-0.143195290906556,CHG,AL_FL
189,Fvb1,9400001,9450000,50000,*,4134,45574,0.0236103784902132,CHG,AL_FL
190,Fvb1,9450001,9500000,50000,*,2310,50150,0.00361757631871201,CHG,AL_FL
191,Fvb1,9500001,9550000,50000,*,6961,42138,0.0600904835066198,CHG,AL_FL
192,Fvb1,9550001,9600000,50000,*,6898,46730,0.135009134889029,CHG,AL_FL
193,Fvb1,9600001,9650000,50000,*,4620,50463,0.0335228987728144,CHG,AL_FL
194,Fvb1,9650001,9700000,50000,*,4675,38530,-0.000613317893133111,CHG,AL_FL
195,Fvb1,9700001,9750000,50000,*,3343,47315,-0.00903530479845581,CHG,AL_FL
196,Fvb1,9750001,9800000,50000,*,2674,52586,-0.00162309720437733,CHG,AL_FL
197,Fvb1,9800001,9850000,50000,*,1066,45067,-0.000976346189413113,CHG,AL_FL
198,Fvb1,9850001,9900000,50000,*,1322,45888,0.0141345338858454,CHG,AL_FL
199,Fvb1,9900001,9950000,50000,*,3166,51722,0.00422976237391853,CHG,AL_FL
200,Fvb1,9950001,10000000,50000,*,4496,40440,0.0275191354038682,CHG,AL_FL
201,Fvb1,10000001,10050000,50000,*,8469,35195,0.0232082513733167,CHG,AL_FL
202,Fvb1,10050001,10100000,50000,*,6876,40409,0.0172272840855048,CHG,AL_FL
203,Fvb1,10100001,10150000,50000,*,1487,43258,0.00242790284390897,CHG,AL_FL
204,Fvb1,10150001,10200000,50000,*,8059,61997,-0.0018024888407181,CHG,AL_FL
205,Fvb1,10200001,10250000,50000,*,4067,51403,0.0379197522824909,CHG,AL_FL
206,Fvb1,10250001,10300000,50000,*,9929,41815,0.112183288940737,CHG,AL_FL
207,Fvb1,10300001,10350000,50000,*,674,48739,-0.000448191071336484,CHG,AL_FL
208,Fvb1,10350001,10400000,50000,*,9675,40643,-0.00246489804059322,CHG,AL_FL
209,Fvb1,10400001,10450000,50000,*,10185,50680,0.0955142175466324,CHG,AL_FL
210,Fvb1,10450001,10500000,50000,*,15971,51197,0.0231445034651495,CHG,AL_FL
211,Fvb1,10500001,10550000,50000,*,5204,37149,0.0433392441060399,CHG,AL_FL
212,Fvb1,10550001,10600000,50000,*,7546,46047,0.136817490596633,CHG,AL_FL
213,Fvb1,10600001,10650000,50000,*,3777,39835,-0.0127966080521236,CHG,AL_FL
214,Fvb1,10650001,10700000,50000,*,1600,49349,0.00456229705380832,CHG,AL_FL
215,Fvb1,10700001,10750000,50000,*,7060,30989,-0.132623795149207,CHG,AL_FL
216,Fvb1,10750001,10800000,50000,*,9832,29498,0.251624533875598,CHG,AL_FL
217,Fvb1,10800001,10850000,50000,*,1877,40886,-0.00147215125577902,CHG,AL_FL
218,Fvb1,10850001,10900000,50000,*,10269,30452,0.133136098884129,CHG,AL_FL
219,Fvb1,10900001,10950000,50000,*,5667,41930,0.0490092212301071,CHG,AL_FL
220,Fvb1,10950001,11000000,50000,*,2361,44450,-0.0115312738740114,CHG,AL_FL
221,Fvb1,11000001,11050000,50000,*,4948,43578,0.05049678730286,CHG,AL_FL
222,Fvb1,11050001,11100000,50000,*,19080,47277,0.215030779563068,CHG,AL_FL
223,Fvb1,11100001,11150000,50000,*,1315,49518,0.00336306816047778,CHG,AL_FL
224,Fvb1,11150001,11200000,50000,*,8486,27957,0.095136403305877,CHG,AL_FL
225,Fvb1,11200001,11250000,50000,*,3317,41733,0.00553437752099815,CHG,AL_FL
226,Fvb1,11250001,11300000,50000,*,2948,40460,0.0506353323404019,CHG,AL_FL
227,Fvb1,11300001,11350000,50000,*,8435,39375,0.0592460929530338,CHG,AL_FL
228,Fvb1,11350001,11400000,50000,*,10036,28517,0.0914210417235951,CHG,AL_FL
229,Fvb1,11400001,11450000,50000,*,9591,40026,0.0175756317789033,CHG,AL_FL
230,Fvb1,11450001,11500000,50000,*,14702,30036,-0.00351273534005664,CHG,AL_FL
231,Fvb1,11500001,11550000,50000,*,2463,46882,0.0221452391971304,CHG,AL_FL
232,Fvb1,11550001,11600000,50000,*,2522,32938,0.0287953782234761,CHG,AL_FL
233,Fvb1,11600001,11650000,50000,*,7858,25216,-0.102753428742088,CHG,AL_FL
234,Fvb1,11650001,11700000,50000,*,2100,6746,-0.0840278141233772,CHG,AL_FL
235,Fvb1,11700001,11750000,50000,*,12852,26612,0.196738312932226,CHG,AL_FL
236,Fvb1,11750001,11800000,50000,*,3421,43091,-0.00121661652119305,CHG,AL_FL
237,Fvb1,11800001,11850000,50000,*,6112,46297,-0.0164332870485381,CHG,AL_FL
238,Fvb1,11850001,11900000,50000,*,5941,49811,0.0723252810379053,CHG,AL_FL
239,Fvb1,11900001,11950000,50000,*,3207,43171,0.00259977522649407,CHG,AL_FL
240,Fvb1,11950001,12000000,50000,*,8092,34054,-0.0111068014923182,CHG,AL_FL
241,Fvb1,12000001,12050000,50000,*,3168,43277,0.0308836584136212,CHG,AL_FL
242,Fvb1,12050001,12100000,50000,*,3187,31691,0.0228673282429893,CHG,AL_FL
243,Fvb1,12100001,12150000,50000,*,4364,28884,0.0646748012126614,CHG,AL_FL
244,Fvb1,12150001,12200000,50000,*,8614,19130,0.0316150047107529,CHG,AL_FL
245,Fvb1,12200001,12250000,50000,*,9087,28433,0.0473692862743236,CHG,AL_FL
246,Fvb1,12250001,12300000,50000,*,12617,27957,0.0988871919586946,CHG,AL_FL
247,Fvb1,12300001,12350000,50000,*,6501,25890,0.0304282447523047,CHG,AL_FL
248,Fvb1,12350001,12400000,50000,*,9158,38275,0.081106944192349,CHG,AL_FL
249,Fvb1,12400001,12450000,50000,*,2550,49898,0.0179962427903002,CHG,AL_FL
250,Fvb1,12450001,12500000,50000,*,9684,36571,0.0566718993070097,CHG,AL_FL
251,Fvb1,12500001,12550000,50000,*,2743,38360,-0.00234356455754554,CHG,AL_FL
252,Fvb1,12550001,12600000,50000,*,8122,34722,0.03440556027188,CHG,AL_FL
253,Fvb1,12600001,12650000,50000,*,5418,34046,0.0210317877320492,CHG,AL_FL
254,Fvb1,12650001,12700000,50000,*,5729,44645,-0.0107425598697921,CHG,AL_FL
255,Fvb1,12700001,12750000,50000,*,14495,47383,0.0824070605915686,CHG,AL_FL
256,Fvb1,12750001,12800000,50000,*,5859,40631,-0.0219626322045689,CHG,AL_FL
257,Fvb1,12800001,12850000,50000,*,3690,39762,0.0194792400116104,CHG,AL_FL
258,Fvb1,12850001,12900000,50000,*,3530,45998,0.0121053016607218,CHG,AL_FL
259,Fvb1,12900001,12950000,50000,*,9037,29245,0.274119248590026,CHG,AL_FL
260,Fvb1,12950001,13000000,50000,*,2591,18855,0.0758809072838694,CHG,AL_FL
261,Fvb1,13000001,13050000,50000,*,1076,46662,-0.000521465740154037,CHG,AL_FL
262,Fvb1,13050001,13100000,50000,*,6928,38447,0.0141439165954862,CHG,AL_FL
263,Fvb1,13100001,13150000,50000,*,6133,42617,0.0437334992431988,CHG,AL_FL
264,Fvb1,13150001,13200000,50000,*,3627,39101,-0.00610747363773463,CHG,AL_FL
265,Fvb1,13200001,13250000,50000,*,10916,33544,0.0399656156589261,CHG,AL_FL
266,Fvb1,13250001,13300000,50000,*,4950,45621,-0.00373393564375391,CHG,AL_FL
267,Fvb1,13300001,13350000,50000,*,18260,36581,0.00343008429186037,CHG,AL_FL
268,Fvb1,13350001,13400000,50000,*,6949,32948,0.024642052595977,CHG,AL_FL
269,Fvb1,13400001,13450000,50000,*,18288,30278,0.141306028810192,CHG,AL_FL
270,Fvb1,13450001,13500000,50000,*,11963,36233,0.00069919302850685,CHG,AL_FL
271,Fvb1,13500001,13550000,50000,*,4533,34681,0.015492050525373,CHG,AL_FL
272,Fvb1,13550001,13600000,50000,*,9836,33455,-0.00143554157328951,CHG,AL_FL
273,Fvb1,13600001,13650000,50000,*,4701,46204,0.0208290466516954,CHG,AL_FL
274,Fvb1,13650001,13700000,50000,*,12742,48611,-0.0263955457116115,CHG,AL_FL
275,Fvb1,13700001,13750000,50000,*,12400,38834,0.000640162092124363,CHG,AL_FL
276,Fvb1,13750001,13800000,50000,*,7874,37022,0.114969574080513,CHG,AL_FL
277,Fvb1,13800001,13850000,50000,*,4987,28962,0.0467587904320979,CHG,AL_FL
278,Fvb1,13850001,13900000,50000,*,2628,39758,0.0269925717968844,CHG,AL_FL
279,Fvb1,13900001,13950000,50000,*,19513,33022,0.117314221048661,CHG,AL_FL
280,Fvb1,13950001,14000000,50000,*,9745,41378,0.0603006016946578,CHG,AL_FL
281,Fvb1,14000001,14050000,50000,*,3992,29834,0.0175537442404214,CHG,AL_FL
282,Fvb1,14050001,14100000,50000,*,8678,32684,0.0561153903069688,CHG,AL_FL
283,Fvb1,14100001,14150000,50000,*,4549,33197,0.0251684412446422,CHG,AL_FL
284,Fvb1,14150001,14200000,50000,*,3685,44452,0.0207892482968413,CHG,AL_FL
285,Fvb1,14200001,14250000,50000,*,8910,26369,0.019752217458436,CHG,AL_FL
286,Fvb1,14250001,14300000,50000,*,19268,26755,0.387203977986232,CHG,AL_FL
287,Fvb1,14300001,14350000,50000,*,8612,32591,-0.114840237180039,CHG,AL_FL
288,Fvb1,14350001,14400000,50000,*,10010,37182,-0.269049018671532,CHG,AL_FL
289,Fvb1,14400001,14450000,50000,*,10207,34828,0.168808440192649,CHG,AL_FL
290,Fvb1,14450001,14500000,50000,*,9816,30770,0.0446683569415033,CHG,AL_FL
291,Fvb1,14500001,14550000,50000,*,12285,34118,0.0138177947460663,CHG,AL_FL
292,Fvb1,14550001,14600000,50000,*,9272,35309,0.0585531325293942,CHG,AL_FL
293,Fvb1,14600001,14650000,50000,*,6580,30865,-0.0165747542631451,CHG,AL_FL
294,Fvb1,14650001,14700000,50000,*,10922,31545,0.143971434977721,CHG,AL_FL
295,Fvb1,14700001,14750000,50000,*,4946,45022,-0.00533894600121897,CHG,AL_FL
296,Fvb1,14750001,14800000,50000,*,4022,22601,0.0282921427993371,CHG,AL_FL
297,Fvb1,14800001,14850000,50000,*,1467,47480,0.00174302826528914,CHG,AL_FL
298,Fvb1,14850001,14900000,50000,*,4384,43299,0.0624922836492093,CHG,AL_FL
299,Fvb1,14900001,14950000,50000,*,7812,35532,0.0208149226935452,CHG,AL_FL
300,Fvb1,14950001,15000000,50000,*,3409,42129,0.0160842540773967,CHG,AL_FL
301,Fvb1,15000001,15050000,50000,*,8092,34684,0.0804310325451617,CHG,AL_FL
302,Fvb1,15050001,15100000,50000,*,8582,37124,0.00765177678034246,CHG,AL_FL
303,Fvb1,15100001,15150000,50000,*,13676,34665,-0.0233307018783198,CHG,AL_FL
304,Fvb1,15150001,15200000,50000,*,6318,41263,0.034754650168218,CHG,AL_FL
305,Fvb1,15200001,15250000,50000,*,9817,52037,0.129183494742057,CHG,AL_FL
306,Fvb1,15250001,15300000,50000,*,12274,38739,0.162256917620675,CHG,AL_FL
307,Fvb1,15300001,15350000,50000,*,2825,40465,0.0087538799515808,CHG,AL_FL
308,Fvb1,15350001,15400000,50000,*,8278,31344,0.0114281033525679,CHG,AL_FL
309,Fvb1,15400001,15450000,50000,*,5952,40978,0.00700825578782144,CHG,AL_FL
310,Fvb1,15450001,15500000,50000,*,7157,20291,0.180579751387265,CHG,AL_FL
311,Fvb1,15500001,15550000,50000,*,16716,32599,0.0286873891757253,CHG,AL_FL
312,Fvb1,15550001,15600000,50000,*,8754,30921,0.0269442759712154,CHG,AL_FL
313,Fvb1,15600001,15650000,50000,*,9619,34460,0.0382133158007326,CHG,AL_FL
314,Fvb1,15650001,15700000,50000,*,11605,35043,0.016041352641685,CHG,AL_FL
315,Fvb1,15700001,15750000,50000,*,5511,43350,0.0666791812405966,CHG,AL_FL
316,Fvb1,15750001,15800000,50000,*,9825,38780,0.0782656677471182,CHG,AL_FL
317,Fvb1,15800001,15850000,50000,*,6099,35209,0.0368910999736652,CHG,AL_FL
318,Fvb1,15850001,15900000,50000,*,3227,42239,-0.00520997654537884,CHG,AL_FL
319,Fvb1,15900001,15950000,50000,*,2955,42048,-0.0887625226515524,CHG,AL_FL
320,Fvb1,15950001,16000000,50000,*,7738,32118,-0.0402703026085527,CHG,AL_FL
321,Fvb1,16000001,16050000,50000,*,10038,34972,0.143209603660704,CHG,AL_FL
322,Fvb1,16050001,16100000,50000,*,13049,30430,0.0745183733616278,CHG,AL_FL
323,Fvb1,16100001,16150000,50000,*,3293,38387,0.0450801794692195,CHG,AL_FL
324,Fvb1,16150001,16200000,50000,*,4391,30760,0.0375170248564287,CHG,AL_FL
325,Fvb1,16200001,16250000,50000,*,3818,37816,0.0166503256820626,CHG,AL_FL
326,Fvb1,16250001,16300000,50000,*,7179,36336,0.010700417371441,CHG,AL_FL
327,Fvb1,16300001,16350000,50000,*,6572,33643,0.0144443792812334,CHG,AL_FL
328,Fvb1,16350001,16400000,50000,*,5423,42154,0.0221919731679942,CHG,AL_FL
329,Fvb1,16400001,16450000,50000,*,7626,35533,0.0201539026814243,CHG,AL_FL
330,Fvb1,16450001,16500000,50000,*,5991,40865,0.0581895852130582,CHG,AL_FL
331,Fvb1,16500001,16550000,50000,*,5741,36345,-0.0343639663575716,CHG,AL_FL
332,Fvb1,16550001,16600000,50000,*,15250,30613,-0.0532757897801228,CHG,AL_FL
333,Fvb1,16600001,16650000,50000,*,12332,184938,0.010361689623067,CHG,AL_FL
334,Fvb1,16650001,16700000,50000,*,8108,34113,0.0611637071313329,CHG,AL_FL
335,Fvb1,16700001,16750000,50000,*,12772,33641,0.111556578162488,CHG,AL_FL
336,Fvb1,16750001,16800000,50000,*,8413,38874,0.0654768770764271,CHG,AL_FL
337,Fvb1,16800001,16850000,50000,*,14220,37178,0.217337439823,CHG,AL_FL
338,Fvb1,16850001,16900000,50000,*,5148,35250,0.0706918860686704,CHG,AL_FL
339,Fvb1,16900001,16950000,50000,*,6142,36382,0.0259546741516947,CHG,AL_FL
340,Fvb1,16950001,17000000,50000,*,7713,28335,0.135251452458181,CHG,AL_FL
341,Fvb1,17000001,17050000,50000,*,8761,40686,0.0774344132633637,CHG,AL_FL
342,Fvb1,17050001,17100000,50000,*,6089,45386,0.0615306178676299,CHG,AL_FL
343,Fvb1,17100001,17150000,50000,*,6006,39477,0.0378975403941135,CHG,AL_FL
344,Fvb1,17150001,17200000,50000,*,9177,30616,0.038454908670988,CHG,AL_FL
345,Fvb1,17200001,17250000,50000,*,1672,25008,0.0237688514734856,CHG,AL_FL
346,Fvb1,17250001,17300000,50000,*,7707,34766,0.00814339682710602,CHG,AL_FL
347,Fvb1,17300001,17350000,50000,*,6716,40562,0.00579689356634153,CHG,AL_FL
348,Fvb1,17350001,17400000,50000,*,7360,37253,0.0631464736610025,CHG,AL_FL
349,Fvb1,17400001,17450000,50000,*,8174,23981,0.0749117708635522,CHG,AL_FL
350,Fvb1,17450001,17500000,50000,*,11102,37372,0.0380066931194543,CHG,AL_FL
351,Fvb1,17500001,17550000,50000,*,7898,41390,0.118038446572901,CHG,AL_FL
352,Fvb1,17550001,17600000,50000,*,16542,31312,0.225548763872132,CHG,AL_FL
353,Fvb1,17600001,17650000,50000,*,8007,33712,0.0505541571620875,CHG,AL_FL
354,Fvb1,17650001,17700000,50000,*,11141,36234,0.00614677022533744,CHG,AL_FL
355,Fvb1,17700001,17750000,50000,*,8917,36943,0.0959043537883455,CHG,AL_FL
356,Fvb1,17750001,17800000,50000,*,1678,44113,-0.0037250680720565,CHG,AL_FL
357,Fvb1,17800001,17850000,50000,*,3624,44237,0.035440742926215,CHG,AL_FL
358,Fvb1,17850001,17900000,50000,*,10424,33328,0.0526615441110722,CHG,AL_FL
359,Fvb1,17900001,17950000,50000,*,16167,31335,0.111686786829691,CHG,AL_FL
360,Fvb1,17950001,18000000,50000,*,1492,46253,0.0108273887560407,CHG,AL_FL
361,Fvb1,18000001,18050000,50000,*,7991,41299,0.05086411281152,CHG,AL_FL
362,Fvb1,18050001,18100000,50000,*,4680,49272,0.00148460769561305,CHG,AL_FL
363,Fvb1,18100001,18150000,50000,*,7948,25886,0.035981361283998,CHG,AL_FL
364,Fvb1,18150001,18200000,50000,*,13509,31525,0.161745652974255,CHG,AL_FL
365,Fvb1,18200001,18250000,50000,*,9219,29213,-0.0268185598620403,CHG,AL_FL
366,Fvb1,18250001,18300000,50000,*,3313,52941,0.0139499690937621,CHG,AL_FL
367,Fvb1,18300001,18350000,50000,*,5572,46643,0.00786683851770263,CHG,AL_FL
368,Fvb1,18350001,18400000,50000,*,12191,35420,0.0216992011485869,CHG,AL_FL
369,Fvb1,18400001,18450000,50000,*,9259,34352,0.0608571551494769,CHG,AL_FL
370,Fvb1,18450001,18500000,50000,*,9104,33020,0.0144307582983098,CHG,AL_FL
371,Fvb1,18500001,18550000,50000,*,6125,39458,-0.000429669368850416,CHG,AL_FL
372,Fvb1,18550001,18600000,50000,*,14513,31835,-0.00130938515632223,CHG,AL_FL
373,Fvb1,18600001,18650000,50000,*,4878,29078,0.0412608168728803,CHG,AL_FL
374,Fvb1,18650001,18700000,50000,*,6134,42301,0.0474020092578668,CHG,AL_FL
375,Fvb1,18700001,18750000,50000,*,11800,32214,0.116618063410704,CHG,AL_FL
376,Fvb1,18750001,18800000,50000,*,3986,41598,0.0135724525519881,CHG,AL_FL
377,Fvb1,18800001,18850000,50000,*,10359,40283,0.126842485038711,CHG,AL_FL
378,Fvb1,18850001,18900000,50000,*,13227,31791,-0.0137129406187051,CHG,AL_FL
379,Fvb1,18900001,18950000,50000,*,4558,20822,0.0368754335077176,CHG,AL_FL
380,Fvb1,18950001,19000000,50000,*,10941,41255,0.022581888079377,CHG,AL_FL
381,Fvb1,19000001,19050000,50000,*,12135,35683,0.0578500217028015,CHG,AL_FL
382,Fvb1,19050001,19100000,50000,*,11414,34858,-0.0210429448553424,CHG,AL_FL
383,Fvb1,19100001,19150000,50000,*,3606,46421,0.00476286475656165,CHG,AL_FL
384,Fvb1,19150001,19200000,50000,*,6105,38117,-0.0339051979208899,CHG,AL_FL
385,Fvb1,19200001,19250000,50000,*,13913,38002,-0.0254171889194272,CHG,AL_FL
386,Fvb1,19250001,19300000,50000,*,11107,40168,0.134420318008499,CHG,AL_FL
387,Fvb1,19300001,19350000,50000,*,5544,35991,0.0508985300938258,CHG,AL_FL
388,Fvb1,19350001,19400000,50000,*,8588,33716,0.1193005795133,CHG,AL_FL
389,Fvb1,19400001,19450000,50000,*,436,18817,-0.039658988203185,CHG,AL_FL
390,Fvb1,19450001,19500000,50000,*,12802,24446,0.101135836810385,CHG,AL_FL
391,Fvb1,19500001,19550000,50000,*,14696,26446,0.0275796489429907,CHG,AL_FL
392,Fvb1,19550001,19600000,50000,*,10448,16996,-0.0667248574610774,CHG,AL_FL
393,Fvb1,19600001,19650000,50000,*,8824,14964,-0.149299252945705,CHG,AL_FL
394,Fvb1,19650001,19700000,50000,*,20968,33917,0.0303113371519178,CHG,AL_FL
395,Fvb1,19700001,19750000,50000,*,10815,20910,0.0639124374023963,CHG,AL_FL
396,Fvb1,19750001,19800000,50000,*,14987,33679,0.0559110904522395,CHG,AL_FL
397,Fvb1,19800001,19850000,50000,*,12886,29305,0.0215306390075276,CHG,AL_FL
398,Fvb1,19850001,19900000,50000,*,23950,34791,-0.005133424870019,CHG,AL_FL
399,Fvb1,19900001,19950000,50000,*,10561,34028,0.0963974158812047,CHG,AL_FL
400,Fvb1,19950001,20000000,50000,*,11071,38610,0.0360847364774066,CHG,AL_FL
401,Fvb1,20000001,20050000,50000,*,15696,31375,0.173058570173302,CHG,AL_FL
402,Fvb1,20050001,20100000,50000,*,11735,30818,0.0489708831991742,CHG,AL_FL
403,Fvb1,20100001,20150000,50000,*,10278,40331,0.0858820088957395,CHG,AL_FL
404,Fvb1,20150001,20200000,50000,*,15881,35382,0.0847172749339423,CHG,AL_FL
405,Fvb1,20200001,20250000,50000,*,13616,34018,0.0411820610036067,CHG,AL_FL
406,Fvb1,20250001,20300000,50000,*,10363,33933,0.0845798555358489,CHG,AL_FL
407,Fvb1,20300001,20350000,50000,*,18335,28557,-0.0551317290648571,CHG,AL_FL
408,Fvb1,20350001,20400000,50000,*,16499,27679,0.104746535344995,CHG,AL_FL
409,Fvb1,20400001,20450000,50000,*,15057,31148,-0.0491096101325552,CHG,AL_FL
410,Fvb1,20450001,20500000,50000,*,16848,30349,0.0415174243377983,CHG,AL_FL
411,Fvb1,20500001,20550000,50000,*,14591,31012,0.0119251665573806,CHG,AL_FL
412,Fvb1,20550001,20600000,50000,*,16231,22220,-0.0332546110574738,CHG,AL_FL
413,Fvb1,20600001,20650000,50000,*,17557,38864,0.101233332635359,CHG,AL_FL
414,Fvb1,20650001,20700000,50000,*,18548,35790,0.0550935576147457,CHG,AL_FL
415,Fvb1,20700001,20750000,50000,*,7672,14934,-0.0144607593529624,CHG,AL_FL
416,Fvb1,20750001,20800000,50000,*,21502,37077,0.00426164960520403,CHG,AL_FL
417,Fvb1,20800001,20850000,50000,*,12799,35946,0.0931488034659103,CHG,AL_FL
418,Fvb1,20850001,20900000,50000,*,12087,38584,0.104832842994478,CHG,AL_FL
419,Fvb1,20900001,20950000,50000,*,8277,42045,0.02353778317042,CHG,AL_FL
420,Fvb1,20950001,21000000,50000,*,7816,33362,-0.0207431950542078,CHG,AL_FL
421,Fvb1,21000001,21050000,50000,*,9809,27601,0.00573404260223614,CHG,AL_FL
422,Fvb1,21050001,21100000,50000,*,8178,40893,-0.19617100318718,CHG,AL_FL
423,Fvb1,21100001,21150000,50000,*,13586,30889,0.023745841003392,CHG,AL_FL
424,Fvb1,21150001,21200000,50000,*,16769,31175,0.0461725842465452,CHG,AL_FL
425,Fvb1,21200001,21250000,50000,*,15275,27055,-0.0115456097681101,CHG,AL_FL
426,Fvb1,21250001,21300000,50000,*,19341,32386,-0.0786545035324376,CHG,AL_FL
427,Fvb1,21300001,21350000,50000,*,11854,28088,-0.0663826736005748,CHG,AL_FL
428,Fvb1,21350001,21400000,50000,*,17771,34091,-0.0458837509876545,CHG,AL_FL
429,Fvb1,21400001,21450000,50000,*,5996,42523,0.0587091758806686,CHG,AL_FL
430,Fvb1,21450001,21500000,50000,*,14244,26696,0.0232871529234112,CHG,AL_FL
431,Fvb1,21500001,21550000,50000,*,14278,31208,-0.0476787125755641,CHG,AL_FL
432,Fvb1,21550001,21600000,50000,*,18359,27510,-0.0881188004022233,CHG,AL_FL
433,Fvb1,21600001,21650000,50000,*,16280,28908,0.0264244510314482,CHG,AL_FL
434,Fvb1,21650001,21700000,50000,*,19153,32453,-0.0241799793286548,CHG,AL_FL
435,Fvb1,21700001,21750000,50000,*,18989,32078,-0.0301611797572224,CHG,AL_FL
436,Fvb1,21750001,21800000,50000,*,17935,33978,0.0578597799054434,CHG,AL_FL
437,Fvb1,21800001,21850000,50000,*,11251,31787,0.0184983694186824,CHG,AL_FL
438,Fvb1,21850001,21900000,50000,*,7238,14275,-0.0106424412448778,CHG,AL_FL
439,Fvb1,21900001,21950000,50000,*,13600,26355,-0.0391792997902838,CHG,AL_FL
440,Fvb1,21950001,22000000,50000,*,14174,32100,-0.00792526338485788,CHG,AL_FL
441,Fvb1,22000001,22050000,50000,*,9406,19383,0.0182342455128897,CHG,AL_FL
442,Fvb1,22050001,22100000,50000,*,13952,27924,0.000961965874627102,CHG,AL_FL
443,Fvb1,22100001,22150000,50000,*,15257,34765,0.10445619204905,CHG,AL_FL
444,Fvb1,22150001,22200000,50000,*,22398,33338,0.0347113914147319,CHG,AL_FL
445,Fvb1,22200001,22250000,50000,*,6900,13497,-0.0186680691495358,CHG,AL_FL
446,Fvb1,22250001,22300000,50000,*,13526,19100,-0.0643938813119189,CHG,AL_FL
447,Fvb1,22300001,22350000,50000,*,14918,30767,0.162632060805157,CHG,AL_FL
448,Fvb1,22350001,22400000,50000,*,15146,42378,0.0420715868740071,CHG,AL_FL
449,Fvb1,22400001,22450000,50000,*,11505,40310,0.0457420091218842,CHG,AL_FL
450,Fvb1,22450001,22500000,50000,*,17405,30875,0.0363421049534911,CHG,AL_FL
451,Fvb1,22500001,22550000,50000,*,14325,36100,-0.0588771819184792,CHG,AL_FL
452,Fvb1,22550001,22600000,50000,*,13527,22719,-0.0736040556152653,CHG,AL_FL
453,Fvb1,22600001,22650000,50000,*,15202,24344,-0.0179526742433549,CHG,AL_FL
454,Fvb1,22650001,22700000,50000,*,15416,24071,0.035567671446195,CHG,AL_FL
455,Fvb1,22700001,22750000,50000,*,12277,33296,-0.0176901921828194,CHG,AL_FL
456,Fvb1,22750001,22800000,50000,*,24509,35363,-0.0397307267834209,CHG,AL_FL
457,Fvb1,22800001,22850000,50000,*,17915,33673,-0.046478234795469,CHG,AL_FL
458,Fvb1,22850001,22900000,50000,*,12691,32476,0.10689317044419,CHG,AL_FL
459,Fvb1,22900001,22950000,50000,*,12814,35127,0.0481117532226511,CHG,AL_FL
460,Fvb1,22950001,23000000,50000,*,14766,22903,-0.020541757661464,CHG,AL_FL
461,Fvb1,23000001,23050000,50000,*,18012,28881,0.0730795113601566,CHG,AL_FL
462,Fvb1,23050001,23100000,50000,*,20469,34681,0.0325446541839429,CHG,AL_FL
463,Fvb1,23100001,23150000,50000,*,17673,25557,-0.0283595810045234,CHG,AL_FL
464,Fvb1,23150001,23200000,50000,*,22070,39258,0.0159001408126132,CHG,AL_FL
465,Fvb1,23200001,23250000,50000,*,21985,33932,0.0103066363999996,CHG,AL_FL
466,Fvb1,23250001,23300000,50000,*,17491,29309,-0.00317761353585977,CHG,AL_FL
467,Fvb1,23300001,23350000,50000,*,20099,31220,0.00853912606810914,CHG,AL_FL
468,Fvb1,23350001,23400000,50000,*,22529,29730,-0.0207162987338615,CHG,AL_FL
469,Fvb1,23400001,23450000,50000,*,19635,28826,0.162919195935597,CHG,AL_FL
470,Fvb1,23450001,23500000,50000,*,14683,31551,-0.00979381930817774,CHG,AL_FL
471,Fvb1,23500001,23550000,50000,*,22115,33246,0.0108492476980732,CHG,AL_FL
472,Fvb1,23550001,23600000,50000,*,14398,27992,0.015591975439395,CHG,AL_FL
473,Fvb1,23600001,23650000,50000,*,6454,36728,0.020381465889472,CHG,AL_FL
474,Fvb1,23650001,23700000,50000,*,15371,29885,0.00302733815431488,CHG,AL_FL
475,Fvb1,23700001,23750000,50000,*,6725,39169,0.0140920171479184,CHG,AL_FL
476,Fvb1,23750001,23800000,50000,*,3453,38600,0.015356235557533,CHG,AL_FL
477,Fvb1,23800001,23850000,50000,*,1834,45548,0.00549646165431251,CHG,AL_FL
478,Fvb1,23850001,23900000,50000,*,6791,30909,0.0408902525587116,CHG,AL_FL
479,Fvb1,23900001,23950000,50000,*,9001,21991,0.135121645594142,CHG,AL_FL
480,Fvb1,23950001,24000000,50000,*,3503,34653,0.00909562960788141,CHG,AL_FL
481,Fvb1,24000001,24050000,50000,*,2773,34451,0.00323191191686739,CHG,AL_FL
482,Fvb1,24050001,24100000,50000,*,6853,40624,0.0410946801891259,CHG,AL_FL
483,Fvb1,24100001,24150000,50000,*,3182,43809,-0.0299115314023665,CHG,AL_FL
484,Fvb1,24150001,24200000,50000,*,4044,16560,-0.0825402146692569,CHG,AL_FL
485,Fvb1,24200001,24250000,50000,*,3280,21607,-0.0196949279945733,CHG,AL_FL
1,Fvb1,1,50000,50000,*,2991,44163,-0.0146641717082039,CHG,AL_NL
2,Fvb1,50001,100000,50000,*,3245,48088,-0.0148926613508522,CHG,AL_NL
3,Fvb1,100001,150000,50000,*,400,51095,-0.00283335494884437,CHG,AL_NL
4,Fvb1,150001,200000,50000,*,3550,51344,-0.0129325372773586,CHG,AL_NL
5,Fvb1,200001,250000,50000,*,1646,49229,0.000938778830229144,CHG,AL_NL
6,Fvb1,250001,300000,50000,*,6508,49369,-0.020033461684674,CHG,AL_NL
7,Fvb1,300001,350000,50000,*,607,48814,-0.000341177248212039,CHG,AL_NL
8,Fvb1,350001,400000,50000,*,2601,59374,0.0052620479182426,CHG,AL_NL
9,Fvb1,400001,450000,50000,*,1801,43689,0.00312405149544541,CHG,AL_NL
10,Fvb1,450001,500000,50000,*,3254,46264,-0.00615599550030532,CHG,AL_NL
11,Fvb1,500001,550000,50000,*,528,37766,-0.00314854325341858,CHG,AL_NL
12,Fvb1,550001,600000,50000,*,863,48813,-0.00226790465717236,CHG,AL_NL
13,Fvb1,600001,650000,50000,*,700,33709,-0.0261350600367177,CHG,AL_NL
14,Fvb1,650001,700000,50000,*,939,20323,-0.0130449372161639,CHG,AL_NL
15,Fvb1,700001,750000,50000,*,5114,48471,-0.0112814289893695,CHG,AL_NL
16,Fvb1,750001,800000,50000,*,6912,47492,-0.0355304775183589,CHG,AL_NL
17,Fvb1,800001,850000,50000,*,5204,47052,0.00262135916843396,CHG,AL_NL
18,Fvb1,850001,900000,50000,*,1855,47506,0.000721453635008897,CHG,AL_NL
19,Fvb1,900001,950000,50000,*,385,49346,0.001019902329091,CHG,AL_NL
20,Fvb1,950001,1000000,50000,*,2388,41737,-0.00594195089049483,CHG,AL_NL
21,Fvb1,1000001,1050000,50000,*,1614,44810,-0.00517758800005986,CHG,AL_NL
22,Fvb1,1050001,1100000,50000,*,1372,45122,0.0110114402005809,CHG,AL_NL
23,Fvb1,1100001,1150000,50000,*,2057,35189,0.00552655151678603,CHG,AL_NL
24,Fvb1,1150001,1200000,50000,*,1083,44348,-0.00183071597932398,CHG,AL_NL
25,Fvb1,1200001,1250000,50000,*,355,15505,-0.134936218592911,CHG,AL_NL
26,Fvb1,1250001,1300000,50000,*,614,915,0.364050045064413,CHG,AL_NL
27,Fvb1,1300001,1350000,50000,*,463,14507,-0.040550254316384,CHG,AL_NL
28,Fvb1,1350001,1400000,50000,*,849,36026,-0.0170054032570677,CHG,AL_NL
29,Fvb1,1400001,1450000,50000,*,1985,42905,0.0320459683748041,CHG,AL_NL
30,Fvb1,1450001,1500000,50000,*,1460,52447,0.00424924685093208,CHG,AL_NL
31,Fvb1,1500001,1550000,50000,*,3712,42940,-0.0226709577105824,CHG,AL_NL
32,Fvb1,1550001,1600000,50000,*,3117,51502,-0.0018728022525693,CHG,AL_NL
33,Fvb1,1600001,1650000,50000,*,2138,42477,-0.00290389138365689,CHG,AL_NL
34,Fvb1,1650001,1700000,50000,*,6986,49665,-0.0356718220260089,CHG,AL_NL
35,Fvb1,1700001,1750000,50000,*,3224,46641,0.00480212429829945,CHG,AL_NL
36,Fvb1,1750001,1800000,50000,*,654,48962,-0.00332963670206402,CHG,AL_NL
37,Fvb1,1800001,1850000,50000,*,554,47130,0.000621925810200628,CHG,AL_NL
38,Fvb1,1850001,1900000,50000,*,2783,55987,0.00452023492831256,CHG,AL_NL
39,Fvb1,1900001,1950000,50000,*,1062,54812,-0.00346339610432748,CHG,AL_NL
40,Fvb1,1950001,2000000,50000,*,1790,50846,0.00681240122243177,CHG,AL_NL
41,Fvb1,2000001,2050000,50000,*,2619,52900,-0.00123865554901657,CHG,AL_NL
42,Fvb1,2050001,2100000,50000,*,2152,45174,0.0059234374486145,CHG,AL_NL
43,Fvb1,2100001,2150000,50000,*,3646,46588,0.000582957518891619,CHG,AL_NL
44,Fvb1,2150001,2200000,50000,*,977,43489,0.00242486249985548,CHG,AL_NL
45,Fvb1,2200001,2250000,50000,*,1826,52296,-0.00452621924465341,CHG,AL_NL
46,Fvb1,2250001,2300000,50000,*,1580,33367,-0.0188964287011383,CHG,AL_NL
47,Fvb1,2300001,2350000,50000,*,1187,53807,-0.00601295932872066,CHG,AL_NL
48,Fvb1,2350001,2400000,50000,*,1400,41065,-0.0215874531607194,CHG,AL_NL
49,Fvb1,2400001,2450000,50000,*,1832,29291,-0.00748738972635625,CHG,AL_NL
50,Fvb1,2450001,2500000,50000,*,5365,42956,0.0320259395809504,CHG,AL_NL
51,Fvb1,2500001,2550000,50000,*,1773,47508,0.00165647511587932,CHG,AL_NL
52,Fvb1,2550001,2600000,50000,*,8915,31605,0.0462532612131924,CHG,AL_NL
53,Fvb1,2600001,2650000,50000,*,6638,42205,-0.0122929349259358,CHG,AL_NL
54,Fvb1,2650001,2700000,50000,*,2210,53471,0.00581358843632937,CHG,AL_NL
55,Fvb1,2700001,2750000,50000,*,792,51074,-0.00421768032754727,CHG,AL_NL
56,Fvb1,2750001,2800000,50000,*,959,43022,-0.00385254813199813,CHG,AL_NL
57,Fvb1,2800001,2850000,50000,*,682,51084,-0.00158698007039502,CHG,AL_NL
58,Fvb1,2850001,2900000,50000,*,3580,44976,-0.00863353947417186,CHG,AL_NL
59,Fvb1,2900001,2950000,50000,*,474,52268,0.00122665400828437,CHG,AL_NL
60,Fvb1,2950001,3000000,50000,*,4850,41841,0.0249193560537996,CHG,AL_NL
61,Fvb1,3000001,3050000,50000,*,830,55069,-0.00673498351929417,CHG,AL_NL
62,Fvb1,3050001,3100000,50000,*,13478,42843,-0.11489768918728,CHG,AL_NL
63,Fvb1,3100001,3150000,50000,*,2704,44865,0.00317211301944542,CHG,AL_NL
64,Fvb1,3150001,3200000,50000,*,430,30972,-0.00221863926856699,CHG,AL_NL
65,Fvb1,3200001,3250000,50000,*,489,48150,0.00105033192997124,CHG,AL_NL
66,Fvb1,3250001,3300000,50000,*,3658,52120,0.00317960138546493,CHG,AL_NL
67,Fvb1,3300001,3350000,50000,*,7716,54832,0.0204305857300825,CHG,AL_NL
68,Fvb1,3350001,3400000,50000,*,7120,46471,0.0520549456800943,CHG,AL_NL
69,Fvb1,3400001,3450000,50000,*,2221,48667,-0.0077902631190129,CHG,AL_NL
70,Fvb1,3450001,3500000,50000,*,1127,42343,-0.000139883261060316,CHG,AL_NL
71,Fvb1,3500001,3550000,50000,*,2458,46475,-0.0122550495250456,CHG,AL_NL
72,Fvb1,3550001,3600000,50000,*,5468,54437,-0.00262910993967004,CHG,AL_NL
73,Fvb1,3600001,3650000,50000,*,4628,50207,0.00192422900909267,CHG,AL_NL
74,Fvb1,3650001,3700000,50000,*,1638,47357,-0.000387453317544827,CHG,AL_NL
75,Fvb1,3700001,3750000,50000,*,1577,30833,-0.00586341259657344,CHG,AL_NL
76,Fvb1,3750001,3800000,50000,*,1714,52869,-0.00981154973562356,CHG,AL_NL
77,Fvb1,3800001,3850000,50000,*,628,54393,0.000781523114857718,CHG,AL_NL
78,Fvb1,3850001,3900000,50000,*,6685,24118,0.0595104716904803,CHG,AL_NL
79,Fvb1,3900001,3950000,50000,*,3700,50271,0.00109794322374603,CHG,AL_NL
80,Fvb1,3950001,4000000,50000,*,2794,41506,-0.00668170588664468,CHG,AL_NL
81,Fvb1,4000001,4050000,50000,*,2074,44950,-0.00283144074545773,CHG,AL_NL
82,Fvb1,4050001,4100000,50000,*,1972,46776,-0.000972926705091408,CHG,AL_NL
83,Fvb1,4100001,4150000,50000,*,5458,45832,0.0538917621205116,CHG,AL_NL
84,Fvb1,4150001,4200000,50000,*,993,46010,-0.000662692122871816,CHG,AL_NL
85,Fvb1,4200001,4250000,50000,*,660,48582,-0.00231127238776828,CHG,AL_NL
86,Fvb1,4250001,4300000,50000,*,933,52556,-0.000326709312883408,CHG,AL_NL
87,Fvb1,4300001,4350000,50000,*,1242,51276,-0.000828904440558241,CHG,AL_NL
88,Fvb1,4350001,4400000,50000,*,3792,45829,0.00122585666690436,CHG,AL_NL
89,Fvb1,4400001,4450000,50000,*,2221,26946,-0.0286633760455474,CHG,AL_NL
90,Fvb1,4450001,4500000,50000,*,1206,43610,-0.00865204770183691,CHG,AL_NL
91,Fvb1,4500001,4550000,50000,*,4994,47260,0.0215168671572094,CHG,AL_NL
92,Fvb1,4550001,4600000,50000,*,1112,49356,0.00382788881392476,CHG,AL_NL
93,Fvb1,4600001,4650000,50000,*,7773,43669,-0.00516155109371291,CHG,AL_NL
94,Fvb1,4650001,4700000,50000,*,1546,38052,-0.00781439141062337,CHG,AL_NL
95,Fvb1,4700001,4750000,50000,*,746,55864,-0.00748651015142552,CHG,AL_NL
96,Fvb1,4750001,4800000,50000,*,1696,53432,-0.00514911039139451,CHG,AL_NL
97,Fvb1,4800001,4850000,50000,*,5855,26414,-0.04101901746645,CHG,AL_NL
98,Fvb1,4850001,4900000,50000,*,1069,47834,-0.00768881578818736,CHG,AL_NL
99,Fvb1,4900001,4950000,50000,*,2771,48253,0.00972679172640346,CHG,AL_NL
100,Fvb1,4950001,5000000,50000,*,3909,41459,-0.00307358391176232,CHG,AL_NL
101,Fvb1,5000001,5050000,50000,*,1691,37337,0.0276535770159763,CHG,AL_NL
102,Fvb1,5050001,5100000,50000,*,2056,55532,0.0079700357404287,CHG,AL_NL
103,Fvb1,5100001,5150000,50000,*,1304,51194,-0.0088633983055888,CHG,AL_NL
104,Fvb1,5150001,5200000,50000,*,907,51910,0.000611242891685539,CHG,AL_NL
105,Fvb1,5200001,5250000,50000,*,13636,34706,-0.0825554574272416,CHG,AL_NL
106,Fvb1,5250001,5300000,50000,*,16403,36566,-0.0818438707227137,CHG,AL_NL
107,Fvb1,5300001,5350000,50000,*,465,49459,-0.00763428124313637,CHG,AL_NL
108,Fvb1,5350001,5400000,50000,*,7959,42173,-0.028105005723552,CHG,AL_NL
109,Fvb1,5400001,5450000,50000,*,3555,57710,0.00995481202133401,CHG,AL_NL
110,Fvb1,5450001,5500000,50000,*,7889,43578,-0.0069672852758022,CHG,AL_NL
111,Fvb1,5500001,5550000,50000,*,853,48254,0.000535887136065043,CHG,AL_NL
112,Fvb1,5550001,5600000,50000,*,1206,51728,0.0090375632373314,CHG,AL_NL
113,Fvb1,5600001,5650000,50000,*,1370,47716,-0.0128316773365218,CHG,AL_NL
114,Fvb1,5650001,5700000,50000,*,8707,42699,-0.0578386828520271,CHG,AL_NL
115,Fvb1,5700001,5750000,50000,*,1566,47065,-0.00441226035712026,CHG,AL_NL
116,Fvb1,5750001,5800000,50000,*,2249,51169,-0.00422292807875545,CHG,AL_NL
117,Fvb1,5800001,5850000,50000,*,1585,28212,-0.0081045428500789,CHG,AL_NL
118,Fvb1,5850001,5900000,50000,*,3165,43816,0.00739688162398298,CHG,AL_NL
119,Fvb1,5900001,5950000,50000,*,3378,40415,0.0220826816591807,CHG,AL_NL
120,Fvb1,5950001,6000000,50000,*,1784,44489,0.00417856376640965,CHG,AL_NL
121,Fvb1,6000001,6050000,50000,*,716,43382,-0.0113757377488947,CHG,AL_NL
122,Fvb1,6050001,6100000,50000,*,2836,50471,0.000214785131940662,CHG,AL_NL
123,Fvb1,6100001,6150000,50000,*,1280,50128,0.00266624173763049,CHG,AL_NL
124,Fvb1,6150001,6200000,50000,*,2165,41071,0.00473269904769615,CHG,AL_NL
125,Fvb1,6200001,6250000,50000,*,3192,42027,0.0076150916036289,CHG,AL_NL
126,Fvb1,6250001,6300000,50000,*,3087,52254,0.000991358019560976,CHG,AL_NL
127,Fvb1,6300001,6350000,50000,*,2329,42902,-0.000692887033766708,CHG,AL_NL
128,Fvb1,6350001,6400000,50000,*,4586,46981,0.0255051212902192,CHG,AL_NL
129,Fvb1,6400001,6450000,50000,*,840,54456,-0.00175607125754742,CHG,AL_NL
130,Fvb1,6450001,6500000,50000,*,1879,45354,0.00247544407840361,CHG,AL_NL
131,Fvb1,6500001,6550000,50000,*,1173,37345,-0.000153411817386699,CHG,AL_NL
132,Fvb1,6550001,6600000,50000,*,2018,47081,-0.00265906551425105,CHG,AL_NL
133,Fvb1,6600001,6650000,50000,*,2298,45206,-0.00224487036389905,CHG,AL_NL
134,Fvb1,6650001,6700000,50000,*,1192,49497,-0.000258311068505292,CHG,AL_NL
135,Fvb1,6700001,6750000,50000,*,3700,48461,-0.00689301415601291,CHG,AL_NL
136,Fvb1,6750001,6800000,50000,*,5112,46886,0.000352041481343782,CHG,AL_NL
137,Fvb1,6800001,6850000,50000,*,5250,54027,-0.00510206430774789,CHG,AL_NL
138,Fvb1,6850001,6900000,50000,*,2700,51106,-0.000287913626503565,CHG,AL_NL
139,Fvb1,6900001,6950000,50000,*,6077,38369,-0.00969442934119932,CHG,AL_NL
140,Fvb1,6950001,7000000,50000,*,5858,41098,-0.00964667863426497,CHG,AL_NL
141,Fvb1,7000001,7050000,50000,*,3647,51666,0.00429571885962311,CHG,AL_NL
142,Fvb1,7050001,7100000,50000,*,4629,33291,-0.0148961982406792,CHG,AL_NL
143,Fvb1,7100001,7150000,50000,*,2660,48924,-0.00279482210013056,CHG,AL_NL
144,Fvb1,7150001,7200000,50000,*,642,57247,-0.00269929927706754,CHG,AL_NL
145,Fvb1,7200001,7250000,50000,*,1174,47379,-0.0040225760405681,CHG,AL_NL
146,Fvb1,7250001,7300000,50000,*,2614,42844,-0.00632242979792734,CHG,AL_NL
147,Fvb1,7300001,7350000,50000,*,4524,45483,-0.0113154146782358,CHG,AL_NL
148,Fvb1,7350001,7400000,50000,*,1533,41527,-0.00193357350276483,CHG,AL_NL
149,Fvb1,7400001,7450000,50000,*,2993,47172,0.00750932185261641,CHG,AL_NL
150,Fvb1,7450001,7500000,50000,*,2901,40927,-0.0102123626899531,CHG,AL_NL
151,Fvb1,7500001,7550000,50000,*,2263,48386,-0.0030914992992848,CHG,AL_NL
152,Fvb1,7550001,7600000,50000,*,758,44671,-0.00922169867343292,CHG,AL_NL
153,Fvb1,7600001,7650000,50000,*,1016,38930,-0.0307236845201819,CHG,AL_NL
154,Fvb1,7650001,7700000,50000,*,4025,40029,-0.0227738711393029,CHG,AL_NL
155,Fvb1,7700001,7750000,50000,*,3917,43050,-0.0282265492948247,CHG,AL_NL
156,Fvb1,7750001,7800000,50000,*,740,34428,-0.187623732402548,CHG,AL_NL
157,Fvb1,7800001,7850000,50000,*,3751,35282,-0.0160014088106647,CHG,AL_NL
158,Fvb1,7850001,7900000,50000,*,1737,21570,0.0458561553327049,CHG,AL_NL
159,Fvb1,7900001,7950000,50000,*,4695,31468,0.00809704537300823,CHG,AL_NL
160,Fvb1,7950001,8000000,50000,*,2054,38924,-0.0122833539098896,CHG,AL_NL
161,Fvb1,8000001,8050000,50000,*,849,46455,-0.00163882886862808,CHG,AL_NL
162,Fvb1,8050001,8100000,50000,*,4004,36191,-0.0243227369338342,CHG,AL_NL
163,Fvb1,8100001,8150000,50000,*,10905,45423,-0.0375118094711264,CHG,AL_NL
164,Fvb1,8150001,8200000,50000,*,1082,54188,-0.00756757216034164,CHG,AL_NL
165,Fvb1,8200001,8250000,50000,*,2220,48443,-0.00575858883511549,CHG,AL_NL
166,Fvb1,8250001,8300000,50000,*,1841,49764,-0.000284745268554848,CHG,AL_NL
167,Fvb1,8300001,8350000,50000,*,4247,17318,-0.0564100004049439,CHG,AL_NL
168,Fvb1,8350001,8400000,50000,*,9971,31431,-0.00347128627927767,CHG,AL_NL
169,Fvb1,8400001,8450000,50000,*,2328,42891,-0.0531974680883011,CHG,AL_NL
170,Fvb1,8450001,8500000,50000,*,11040,33132,-0.00390902594204584,CHG,AL_NL
171,Fvb1,8500001,8550000,50000,*,11535,36966,0.027457260695323,CHG,AL_NL
172,Fvb1,8550001,8600000,50000,*,7317,39708,-0.0193863580190156,CHG,AL_NL
173,Fvb1,8600001,8650000,50000,*,3070,36348,-0.0686509403990712,CHG,AL_NL
174,Fvb1,8650001,8700000,50000,*,2421,47758,-0.00551019050797854,CHG,AL_NL
175,Fvb1,8700001,8750000,50000,*,6024,38340,-0.00694775357549449,CHG,AL_NL
176,Fvb1,8750001,8800000,50000,*,2205,31765,-0.00441328121024727,CHG,AL_NL
177,Fvb1,8800001,8850000,50000,*,934,49535,-0.00113359361830538,CHG,AL_NL
178,Fvb1,8850001,8900000,50000,*,7462,34425,-0.0356226244294608,CHG,AL_NL
179,Fvb1,8900001,8950000,50000,*,775,46114,-0.0147777978064722,CHG,AL_NL
180,Fvb1,8950001,9000000,50000,*,5591,42497,0.000978818623885297,CHG,AL_NL
181,Fvb1,9000001,9050000,50000,*,2877,47119,0.00832965531271212,CHG,AL_NL
182,Fvb1,9050001,9100000,50000,*,4801,40375,-0.040335660081081,CHG,AL_NL
183,Fvb1,9100001,9150000,50000,*,5878,40453,-0.0408577348020158,CHG,AL_NL
184,Fvb1,9150001,9200000,50000,*,13841,39318,0.160032208219112,CHG,AL_NL
185,Fvb1,9200001,9250000,50000,*,1491,42433,0.00319470392898576,CHG,AL_NL
186,Fvb1,9250001,9300000,50000,*,1814,43230,0.00746095863808306,CHG,AL_NL
187,Fvb1,9300001,9350000,50000,*,8921,27771,-0.00886875171622437,CHG,AL_NL
188,Fvb1,9350001,9400000,50000,*,12832,46890,-0.0324144137445499,CHG,AL_NL
189,Fvb1,9400001,9450000,50000,*,4134,45574,0.00775923561989435,CHG,AL_NL
190,Fvb1,9450001,9500000,50000,*,2310,50150,-0.00742178693646452,CHG,AL_NL
191,Fvb1,9500001,9550000,50000,*,6961,42138,-0.00182519063733785,CHG,AL_NL
192,Fvb1,9550001,9600000,50000,*,6898,46730,0.0274277485150511,CHG,AL_NL
193,Fvb1,9600001,9650000,50000,*,4620,50463,-0.00252993740878735,CHG,AL_NL
194,Fvb1,9650001,9700000,50000,*,4675,38530,0.0231364674529444,CHG,AL_NL
195,Fvb1,9700001,9750000,50000,*,3343,47315,0.00294353518265617,CHG,AL_NL
196,Fvb1,9750001,9800000,50000,*,2674,52586,0.000453256372807812,CHG,AL_NL
197,Fvb1,9800001,9850000,50000,*,1066,45067,-0.00107358404998001,CHG,AL_NL
198,Fvb1,9850001,9900000,50000,*,1322,45888,0.00460113572476268,CHG,AL_NL
199,Fvb1,9900001,9950000,50000,*,3166,51722,-0.000140733412779627,CHG,AL_NL
200,Fvb1,9950001,10000000,50000,*,4496,40440,-0.054992129053777,CHG,AL_NL
201,Fvb1,10000001,10050000,50000,*,8469,35195,-0.0185670953271464,CHG,AL_NL
202,Fvb1,10050001,10100000,50000,*,6876,40409,-0.00439340434495866,CHG,AL_NL
203,Fvb1,10100001,10150000,50000,*,1487,43258,0.00118360900087149,CHG,AL_NL
204,Fvb1,10150001,10200000,50000,*,8059,61997,-0.0197521522535518,CHG,AL_NL
205,Fvb1,10200001,10250000,50000,*,4067,51403,-7.47023070490072e-05,CHG,AL_NL
206,Fvb1,10250001,10300000,50000,*,9929,41815,-0.00389703494670679,CHG,AL_NL
207,Fvb1,10300001,10350000,50000,*,674,48739,-0.00197660613152129,CHG,AL_NL
208,Fvb1,10350001,10400000,50000,*,9675,40643,-0.00766848962441824,CHG,AL_NL
209,Fvb1,10400001,10450000,50000,*,10185,50680,0.0181105857869965,CHG,AL_NL
210,Fvb1,10450001,10500000,50000,*,15971,51197,0.0263860430878418,CHG,AL_NL
211,Fvb1,10500001,10550000,50000,*,5204,37149,0.0197542949050777,CHG,AL_NL
212,Fvb1,10550001,10600000,50000,*,7546,46047,0.0874544334752753,CHG,AL_NL
213,Fvb1,10600001,10650000,50000,*,3777,39835,-0.0183019941974413,CHG,AL_NL
214,Fvb1,10650001,10700000,50000,*,1600,49349,-0.00335517808138232,CHG,AL_NL
215,Fvb1,10700001,10750000,50000,*,7060,30989,-0.0155676095444308,CHG,AL_NL
216,Fvb1,10750001,10800000,50000,*,9832,29498,-0.0358359613576276,CHG,AL_NL
217,Fvb1,10800001,10850000,50000,*,1877,40886,-0.0183990725224219,CHG,AL_NL
218,Fvb1,10850001,10900000,50000,*,10269,30452,-0.0151921472811071,CHG,AL_NL
219,Fvb1,10900001,10950000,50000,*,5667,41930,-0.0114948715121137,CHG,AL_NL
220,Fvb1,10950001,11000000,50000,*,2361,44450,-0.0149737931432398,CHG,AL_NL
221,Fvb1,11000001,11050000,50000,*,4948,43578,-0.00743819874017515,CHG,AL_NL
222,Fvb1,11050001,11100000,50000,*,19080,47277,0.118646740084956,CHG,AL_NL
223,Fvb1,11100001,11150000,50000,*,1315,49518,-0.00527654009126334,CHG,AL_NL
224,Fvb1,11150001,11200000,50000,*,8486,27957,-0.0557078888133551,CHG,AL_NL
225,Fvb1,11200001,11250000,50000,*,3317,41733,-0.0139703278461637,CHG,AL_NL
226,Fvb1,11250001,11300000,50000,*,2948,40460,0.00730817565954904,CHG,AL_NL
227,Fvb1,11300001,11350000,50000,*,8435,39375,-0.00762509958292329,CHG,AL_NL
228,Fvb1,11350001,11400000,50000,*,10036,28517,-0.0142509369283593,CHG,AL_NL
229,Fvb1,11400001,11450000,50000,*,9591,40026,0.00848914529586128,CHG,AL_NL
230,Fvb1,11450001,11500000,50000,*,14702,30036,0.0374617903014843,CHG,AL_NL
231,Fvb1,11500001,11550000,50000,*,2463,46882,-0.00362829814922597,CHG,AL_NL
232,Fvb1,11550001,11600000,50000,*,2522,32938,-0.0348481685126907,CHG,AL_NL
233,Fvb1,11600001,11650000,50000,*,7858,25216,-0.0585198820763542,CHG,AL_NL
234,Fvb1,11650001,11700000,50000,*,2100,6746,-0.249105614373703,CHG,AL_NL
235,Fvb1,11700001,11750000,50000,*,12852,26612,0.194135267726096,CHG,AL_NL
236,Fvb1,11750001,11800000,50000,*,3421,43091,-0.010895288677126,CHG,AL_NL
237,Fvb1,11800001,11850000,50000,*,6112,46297,-0.00198174237327145,CHG,AL_NL
238,Fvb1,11850001,11900000,50000,*,5941,49811,0.0423459489556633,CHG,AL_NL
239,Fvb1,11900001,11950000,50000,*,3207,43171,-0.013917945900986,CHG,AL_NL
240,Fvb1,11950001,12000000,50000,*,8092,34054,-0.0378182370668356,CHG,AL_NL
241,Fvb1,12000001,12050000,50000,*,3168,43277,-0.00591177377430706,CHG,AL_NL
242,Fvb1,12050001,12100000,50000,*,3187,31691,-0.0119723382442137,CHG,AL_NL
243,Fvb1,12100001,12150000,50000,*,4364,28884,-0.0601271612140027,CHG,AL_NL
244,Fvb1,12150001,12200000,50000,*,8614,19130,-0.0740414884433487,CHG,AL_NL
245,Fvb1,12200001,12250000,50000,*,9087,28433,-0.0385351018324074,CHG,AL_NL
246,Fvb1,12250001,12300000,50000,*,12617,27957,-0.0637553252337474,CHG,AL_NL
247,Fvb1,12300001,12350000,50000,*,6501,25890,-0.0826079930619083,CHG,AL_NL
248,Fvb1,12350001,12400000,50000,*,9158,38275,-0.0431490655667119,CHG,AL_NL
249,Fvb1,12400001,12450000,50000,*,2550,49898,-0.00879133119272867,CHG,AL_NL
250,Fvb1,12450001,12500000,50000,*,9684,36571,-0.0896656843115035,CHG,AL_NL
251,Fvb1,12500001,12550000,50000,*,2743,38360,-0.0318011908233339,CHG,AL_NL
252,Fvb1,12550001,12600000,50000,*,8122,34722,-0.0323319314363644,CHG,AL_NL
253,Fvb1,12600001,12650000,50000,*,5418,34046,-0.0229822339649414,CHG,AL_NL
254,Fvb1,12650001,12700000,50000,*,5729,44645,0.000528276890219948,CHG,AL_NL
255,Fvb1,12700001,12750000,50000,*,14495,47383,-0.0593482440794171,CHG,AL_NL
256,Fvb1,12750001,12800000,50000,*,5859,40631,-0.0141114349171996,CHG,AL_NL
257,Fvb1,12800001,12850000,50000,*,3690,39762,-0.00461976462111291,CHG,AL_NL
258,Fvb1,12850001,12900000,50000,*,3530,45998,-0.00842208198849538,CHG,AL_NL
259,Fvb1,12900001,12950000,50000,*,9037,29245,-0.0350903063602228,CHG,AL_NL
260,Fvb1,12950001,13000000,50000,*,2591,18855,-0.0708652920268363,CHG,AL_NL
261,Fvb1,13000001,13050000,50000,*,1076,46662,-0.0121799955181638,CHG,AL_NL
262,Fvb1,13050001,13100000,50000,*,6928,38447,-0.00264459524735342,CHG,AL_NL
263,Fvb1,13100001,13150000,50000,*,6133,42617,-0.00961641255584289,CHG,AL_NL
264,Fvb1,13150001,13200000,50000,*,3627,39101,-0.00359969039175001,CHG,AL_NL
265,Fvb1,13200001,13250000,50000,*,10916,33544,0.00822335387760936,CHG,AL_NL
266,Fvb1,13250001,13300000,50000,*,4950,45621,-0.0227774288608288,CHG,AL_NL
267,Fvb1,13300001,13350000,50000,*,18260,36581,-0.0232133048702295,CHG,AL_NL
268,Fvb1,13350001,13400000,50000,*,6949,32948,-0.00865208757683264,CHG,AL_NL
269,Fvb1,13400001,13450000,50000,*,18288,30278,-0.0301083885570766,CHG,AL_NL
270,Fvb1,13450001,13500000,50000,*,11963,36233,-0.0147009157383333,CHG,AL_NL
271,Fvb1,13500001,13550000,50000,*,4533,34681,-0.0147583552698538,CHG,AL_NL
272,Fvb1,13550001,13600000,50000,*,9836,33455,-0.0240919164345929,CHG,AL_NL
273,Fvb1,13600001,13650000,50000,*,4701,46204,0.00618988238787208,CHG,AL_NL
274,Fvb1,13650001,13700000,50000,*,12742,48611,-0.0105608889326614,CHG,AL_NL
275,Fvb1,13700001,13750000,50000,*,12400,38834,0.0244205510262643,CHG,AL_NL
276,Fvb1,13750001,13800000,50000,*,7874,37022,-0.00242307997945543,CHG,AL_NL
277,Fvb1,13800001,13850000,50000,*,4987,28962,-0.0154073126331886,CHG,AL_NL
278,Fvb1,13850001,13900000,50000,*,2628,39758,0.0111004636433152,CHG,AL_NL
279,Fvb1,13900001,13950000,50000,*,19513,33022,-0.0755038747069549,CHG,AL_NL
280,Fvb1,13950001,14000000,50000,*,9745,41378,0.00243076224904515,CHG,AL_NL
281,Fvb1,14000001,14050000,50000,*,3992,29834,0.00511625796445064,CHG,AL_NL
282,Fvb1,14050001,14100000,50000,*,8678,32684,0.00761724551759668,CHG,AL_NL
283,Fvb1,14100001,14150000,50000,*,4549,33197,-0.00626761958161121,CHG,AL_NL
284,Fvb1,14150001,14200000,50000,*,3685,44452,0.0117650356201085,CHG,AL_NL
285,Fvb1,14200001,14250000,50000,*,8910,26369,0.00891247850074467,CHG,AL_NL
286,Fvb1,14250001,14300000,50000,*,19268,26755,-0.0205216219528547,CHG,AL_NL
287,Fvb1,14300001,14350000,50000,*,8612,32591,-0.0527251379570706,CHG,AL_NL
288,Fvb1,14350001,14400000,50000,*,10010,37182,-0.00110839617429059,CHG,AL_NL
289,Fvb1,14400001,14450000,50000,*,10207,34828,-0.0592127206323667,CHG,AL_NL
290,Fvb1,14450001,14500000,50000,*,9816,30770,-0.0137350599880577,CHG,AL_NL
291,Fvb1,14500001,14550000,50000,*,12285,34118,0.0392314200294242,CHG,AL_NL
292,Fvb1,14550001,14600000,50000,*,9272,35309,0.00422177612876795,CHG,AL_NL
293,Fvb1,14600001,14650000,50000,*,6580,30865,-0.0423296097811008,CHG,AL_NL
294,Fvb1,14650001,14700000,50000,*,10922,31545,-0.0159667282052272,CHG,AL_NL
295,Fvb1,14700001,14750000,50000,*,4946,45022,-0.0193740585256796,CHG,AL_NL
296,Fvb1,14750001,14800000,50000,*,4022,22601,-0.0220614105433718,CHG,AL_NL
297,Fvb1,14800001,14850000,50000,*,1467,47480,-0.0122843162886852,CHG,AL_NL
298,Fvb1,14850001,14900000,50000,*,4384,43299,0.00531652831104924,CHG,AL_NL
299,Fvb1,14900001,14950000,50000,*,7812,35532,-0.00327668312289744,CHG,AL_NL
300,Fvb1,14950001,15000000,50000,*,3409,42129,-0.000723097994578342,CHG,AL_NL
301,Fvb1,15000001,15050000,50000,*,8092,34684,-0.00872168059900702,CHG,AL_NL
302,Fvb1,15050001,15100000,50000,*,8582,37124,-0.00657920470057985,CHG,AL_NL
303,Fvb1,15100001,15150000,50000,*,13676,34665,-0.0257423536655313,CHG,AL_NL
304,Fvb1,15150001,15200000,50000,*,6318,41263,0.00958235207159133,CHG,AL_NL
305,Fvb1,15200001,15250000,50000,*,9817,52037,0.127757571005,CHG,AL_NL
306,Fvb1,15250001,15300000,50000,*,12274,38739,0.230193429040269,CHG,AL_NL
307,Fvb1,15300001,15350000,50000,*,2825,40465,-0.00344605302437268,CHG,AL_NL
308,Fvb1,15350001,15400000,50000,*,8278,31344,0.000317798656236601,CHG,AL_NL
309,Fvb1,15400001,15450000,50000,*,5952,40978,0.00982721935825012,CHG,AL_NL
310,Fvb1,15450001,15500000,50000,*,7157,20291,0.0610462286299596,CHG,AL_NL
311,Fvb1,15500001,15550000,50000,*,16716,32599,0.000830548657823726,CHG,AL_NL
312,Fvb1,15550001,15600000,50000,*,8754,30921,-0.0124396057641696,CHG,AL_NL
313,Fvb1,15600001,15650000,50000,*,9619,34460,-0.0515714306368487,CHG,AL_NL
314,Fvb1,15650001,15700000,50000,*,11605,35043,-0.0165903418883981,CHG,AL_NL
315,Fvb1,15700001,15750000,50000,*,5511,43350,-0.00209410896703532,CHG,AL_NL
316,Fvb1,15750001,15800000,50000,*,9825,38780,0.0264329042602084,CHG,AL_NL
317,Fvb1,15800001,15850000,50000,*,6099,35209,0.0198164900059246,CHG,AL_NL
318,Fvb1,15850001,15900000,50000,*,3227,42239,-0.00385781383752409,CHG,AL_NL
319,Fvb1,15900001,15950000,50000,*,2955,42048,-0.0177571197677498,CHG,AL_NL
320,Fvb1,15950001,16000000,50000,*,7738,32118,-0.0321455874401,CHG,AL_NL
321,Fvb1,16000001,16050000,50000,*,10038,34972,0.0133342373016874,CHG,AL_NL
322,Fvb1,16050001,16100000,50000,*,13049,30430,-0.000185923231998286,CHG,AL_NL
323,Fvb1,16100001,16150000,50000,*,3293,38387,-0.0227390260110324,CHG,AL_NL
324,Fvb1,16150001,16200000,50000,*,4391,30760,-0.00512519119903967,CHG,AL_NL
325,Fvb1,16200001,16250000,50000,*,3818,37816,-0.00778180467788837,CHG,AL_NL
326,Fvb1,16250001,16300000,50000,*,7179,36336,0.00512855344464261,CHG,AL_NL
327,Fvb1,16300001,16350000,50000,*,6572,33643,0.0277400215111539,CHG,AL_NL
328,Fvb1,16350001,16400000,50000,*,5423,42154,0.0295502438841335,CHG,AL_NL
329,Fvb1,16400001,16450000,50000,*,7626,35533,-0.00244671467615906,CHG,AL_NL
330,Fvb1,16450001,16500000,50000,*,5991,40865,0.0264978331487794,CHG,AL_NL
331,Fvb1,16500001,16550000,50000,*,5741,36345,0.0037960693293134,CHG,AL_NL
332,Fvb1,16550001,16600000,50000,*,15250,30613,-0.00978339537349521,CHG,AL_NL
333,Fvb1,16600001,16650000,50000,*,12332,184938,-0.0133568040792495,CHG,AL_NL
334,Fvb1,16650001,16700000,50000,*,8108,34113,-0.00379170350128119,CHG,AL_NL
335,Fvb1,16700001,16750000,50000,*,12772,33641,0.0406331172425944,CHG,AL_NL
336,Fvb1,16750001,16800000,50000,*,8413,38874,-0.00460496920642603,CHG,AL_NL
337,Fvb1,16800001,16850000,50000,*,14220,37178,-0.0131353636123017,CHG,AL_NL
338,Fvb1,16850001,16900000,50000,*,5148,35250,-0.00651849611004263,CHG,AL_NL
339,Fvb1,16900001,16950000,50000,*,6142,36382,0.00195884248400399,CHG,AL_NL
340,Fvb1,16950001,17000000,50000,*,7713,28335,-0.0291314967939124,CHG,AL_NL
341,Fvb1,17000001,17050000,50000,*,8761,40686,-0.0100334395831447,CHG,AL_NL
342,Fvb1,17050001,17100000,50000,*,6089,45386,-0.00851180822607905,CHG,AL_NL
343,Fvb1,17100001,17150000,50000,*,6006,39477,0.0361180752963384,CHG,AL_NL
344,Fvb1,17150001,17200000,50000,*,9177,30616,0.0325141725890712,CHG,AL_NL
345,Fvb1,17200001,17250000,50000,*,1672,25008,0.0233181221377735,CHG,AL_NL
346,Fvb1,17250001,17300000,50000,*,7707,34766,0.000511241129087736,CHG,AL_NL
347,Fvb1,17300001,17350000,50000,*,6716,40562,-0.0133097473909475,CHG,AL_NL
348,Fvb1,17350001,17400000,50000,*,7360,37253,-0.00308515157800754,CHG,AL_NL
349,Fvb1,17400001,17450000,50000,*,8174,23981,-0.31888230798412,CHG,AL_NL
350,Fvb1,17450001,17500000,50000,*,11102,37372,0.0901005193106568,CHG,AL_NL
351,Fvb1,17500001,17550000,50000,*,7898,41390,0.117717844771041,CHG,AL_NL
352,Fvb1,17550001,17600000,50000,*,16542,31312,-0.03257093312464,CHG,AL_NL
353,Fvb1,17600001,17650000,50000,*,8007,33712,0.0252407683639287,CHG,AL_NL
354,Fvb1,17650001,17700000,50000,*,11141,36234,0.0122873823690632,CHG,AL_NL
355,Fvb1,17700001,17750000,50000,*,8917,36943,0.0124506710670229,CHG,AL_NL
356,Fvb1,17750001,17800000,50000,*,1678,44113,-0.00228923152264526,CHG,AL_NL
357,Fvb1,17800001,17850000,50000,*,3624,44237,-0.00135050116673503,CHG,AL_NL
358,Fvb1,17850001,17900000,50000,*,10424,33328,-0.00807710228111636,CHG,AL_NL
359,Fvb1,17900001,17950000,50000,*,16167,31335,-0.021993277407159,CHG,AL_NL
360,Fvb1,17950001,18000000,50000,*,1492,46253,0.00406951801924578,CHG,AL_NL
361,Fvb1,18000001,18050000,50000,*,7991,41299,0.0144919044703592,CHG,AL_NL
362,Fvb1,18050001,18100000,50000,*,4680,49272,-0.0155049486825823,CHG,AL_NL
363,Fvb1,18100001,18150000,50000,*,7948,25886,-0.04475268111161,CHG,AL_NL
364,Fvb1,18150001,18200000,50000,*,13509,31525,-0.0461593159514974,CHG,AL_NL
365,Fvb1,18200001,18250000,50000,*,9219,29213,-0.0351742974730127,CHG,AL_NL
366,Fvb1,18250001,18300000,50000,*,3313,52941,-0.0068190687480051,CHG,AL_NL
367,Fvb1,18300001,18350000,50000,*,5572,46643,0.0191849443838787,CHG,AL_NL
368,Fvb1,18350001,18400000,50000,*,12191,35420,0.0893268206468565,CHG,AL_NL
369,Fvb1,18400001,18450000,50000,*,9259,34352,0.0522920121468967,CHG,AL_NL
370,Fvb1,18450001,18500000,50000,*,9104,33020,0.0957897577063381,CHG,AL_NL
371,Fvb1,18500001,18550000,50000,*,6125,39458,0.00808768359488093,CHG,AL_NL
372,Fvb1,18550001,18600000,50000,*,14513,31835,0.0104751924358779,CHG,AL_NL
373,Fvb1,18600001,18650000,50000,*,4878,29078,0.00633820005109806,CHG,AL_NL
374,Fvb1,18650001,18700000,50000,*,6134,42301,0.00085740296509515,CHG,AL_NL
375,Fvb1,18700001,18750000,50000,*,11800,32214,-0.0245797456573386,CHG,AL_NL
376,Fvb1,18750001,18800000,50000,*,3986,41598,0.00778764262918613,CHG,AL_NL
377,Fvb1,18800001,18850000,50000,*,10359,40283,0.0569557239105046,CHG,AL_NL
378,Fvb1,18850001,18900000,50000,*,13227,31791,0.018952853626407,CHG,AL_NL
379,Fvb1,18900001,18950000,50000,*,4558,20822,-0.0268916676952466,CHG,AL_NL
380,Fvb1,18950001,19000000,50000,*,10941,41255,-0.0166312253673893,CHG,AL_NL
381,Fvb1,19000001,19050000,50000,*,12135,35683,-0.0171619107569,CHG,AL_NL
382,Fvb1,19050001,19100000,50000,*,11414,34858,0.0716687651285261,CHG,AL_NL
383,Fvb1,19100001,19150000,50000,*,3606,46421,0.0164594665380131,CHG,AL_NL
384,Fvb1,19150001,19200000,50000,*,6105,38117,-0.0616179277127914,CHG,AL_NL
385,Fvb1,19200001,19250000,50000,*,13913,38002,0.136601995050054,CHG,AL_NL
386,Fvb1,19250001,19300000,50000,*,11107,40168,0.0688196955565822,CHG,AL_NL
387,Fvb1,19300001,19350000,50000,*,5544,35991,0.00100502602508054,CHG,AL_NL
388,Fvb1,19350001,19400000,50000,*,8588,33716,0.0583999280905357,CHG,AL_NL
389,Fvb1,19400001,19450000,50000,*,436,18817,-0.000161924137615722,CHG,AL_NL
390,Fvb1,19450001,19500000,50000,*,12802,24446,0.0161775012391674,CHG,AL_NL
391,Fvb1,19500001,19550000,50000,*,14696,26446,-0.0390150294454834,CHG,AL_NL
392,Fvb1,19550001,19600000,50000,*,10448,16996,-0.0452829569884359,CHG,AL_NL
393,Fvb1,19600001,19650000,50000,*,8824,14964,-0.0308983675586075,CHG,AL_NL
394,Fvb1,19650001,19700000,50000,*,20968,33917,-0.103736889747782,CHG,AL_NL
395,Fvb1,19700001,19750000,50000,*,10815,20910,-0.0369966220022296,CHG,AL_NL
396,Fvb1,19750001,19800000,50000,*,14987,33679,-0.00817635004945694,CHG,AL_NL
397,Fvb1,19800001,19850000,50000,*,12886,29305,-0.0476517691044702,CHG,AL_NL
398,Fvb1,19850001,19900000,50000,*,23950,34791,-0.0436306769008824,CHG,AL_NL
399,Fvb1,19900001,19950000,50000,*,10561,34028,-0.0350980258974328,CHG,AL_NL
400,Fvb1,19950001,20000000,50000,*,11071,38610,-0.0147103845143862,CHG,AL_NL
401,Fvb1,20000001,20050000,50000,*,15696,31375,0.102909860756892,CHG,AL_NL
402,Fvb1,20050001,20100000,50000,*,11735,30818,-0.0432993615603001,CHG,AL_NL
403,Fvb1,20100001,20150000,50000,*,10278,40331,-0.0146528584593442,CHG,AL_NL
404,Fvb1,20150001,20200000,50000,*,15881,35382,-0.0390321906541132,CHG,AL_NL
405,Fvb1,20200001,20250000,50000,*,13616,34018,-0.00526513784918953,CHG,AL_NL
406,Fvb1,20250001,20300000,50000,*,10363,33933,0.016814612389548,CHG,AL_NL
407,Fvb1,20300001,20350000,50000,*,18335,28557,-0.0986131040205787,CHG,AL_NL
408,Fvb1,20350001,20400000,50000,*,16499,27679,-0.0217905285014323,CHG,AL_NL
409,Fvb1,20400001,20450000,50000,*,15057,31148,-0.0295220461287771,CHG,AL_NL
410,Fvb1,20450001,20500000,50000,*,16848,30349,-0.011708518361039,CHG,AL_NL
411,Fvb1,20500001,20550000,50000,*,14591,31012,-0.0197986862478272,CHG,AL_NL
412,Fvb1,20550001,20600000,50000,*,16231,22220,-0.0378889257069299,CHG,AL_NL
413,Fvb1,20600001,20650000,50000,*,17557,38864,0.00765278304101558,CHG,AL_NL
414,Fvb1,20650001,20700000,50000,*,18548,35790,-0.0266115047108645,CHG,AL_NL
415,Fvb1,20700001,20750000,50000,*,7672,14934,-0.00954421083975165,CHG,AL_NL
416,Fvb1,20750001,20800000,50000,*,21502,37077,-0.0281302133543634,CHG,AL_NL
417,Fvb1,20800001,20850000,50000,*,12799,35946,0.0205572152220219,CHG,AL_NL
418,Fvb1,20850001,20900000,50000,*,12087,38584,0.00252841013849819,CHG,AL_NL
419,Fvb1,20900001,20950000,50000,*,8277,42045,-0.0139627410045681,CHG,AL_NL
420,Fvb1,20950001,21000000,50000,*,7816,33362,-0.0186148762701676,CHG,AL_NL
421,Fvb1,21000001,21050000,50000,*,9809,27601,-0.0233528967751047,CHG,AL_NL
422,Fvb1,21050001,21100000,50000,*,8178,40893,-0.00253777013879855,CHG,AL_NL
423,Fvb1,21100001,21150000,50000,*,13586,30889,0.0243847883246228,CHG,AL_NL
424,Fvb1,21150001,21200000,50000,*,16769,31175,-0.0101463319700672,CHG,AL_NL
425,Fvb1,21200001,21250000,50000,*,15275,27055,-0.0295005523489996,CHG,AL_NL
426,Fvb1,21250001,21300000,50000,*,19341,32386,-0.0344773615033769,CHG,AL_NL
427,Fvb1,21300001,21350000,50000,*,11854,28088,0.00170856849066536,CHG,AL_NL
428,Fvb1,21350001,21400000,50000,*,17771,34091,-0.0353901724841694,CHG,AL_NL
429,Fvb1,21400001,21450000,50000,*,5996,42523,0.00293880691470105,CHG,AL_NL
430,Fvb1,21450001,21500000,50000,*,14244,26696,-0.0310139238993969,CHG,AL_NL
431,Fvb1,21500001,21550000,50000,*,14278,31208,-0.086240418107023,CHG,AL_NL
432,Fvb1,21550001,21600000,50000,*,18359,27510,-0.0584116829357466,CHG,AL_NL
433,Fvb1,21600001,21650000,50000,*,16280,28908,-0.0118126719176126,CHG,AL_NL
434,Fvb1,21650001,21700000,50000,*,19153,32453,-0.0128289934613797,CHG,AL_NL
435,Fvb1,21700001,21750000,50000,*,18989,32078,-0.0338186753649748,CHG,AL_NL
436,Fvb1,21750001,21800000,50000,*,17935,33978,-0.0169752612968002,CHG,AL_NL
437,Fvb1,21800001,21850000,50000,*,11251,31787,0.00780984843685556,CHG,AL_NL
438,Fvb1,21850001,21900000,50000,*,7238,14275,-0.0482169904833547,CHG,AL_NL
439,Fvb1,21900001,21950000,50000,*,13600,26355,-0.0226469461733482,CHG,AL_NL
440,Fvb1,21950001,22000000,50000,*,14174,32100,-0.026979202526212,CHG,AL_NL
441,Fvb1,22000001,22050000,50000,*,9406,19383,-0.060502116848844,CHG,AL_NL
442,Fvb1,22050001,22100000,50000,*,13952,27924,-0.019576680743104,CHG,AL_NL
443,Fvb1,22100001,22150000,50000,*,15257,34765,0.0243978499393439,CHG,AL_NL
444,Fvb1,22150001,22200000,50000,*,22398,33338,-0.0124110595250834,CHG,AL_NL
445,Fvb1,22200001,22250000,50000,*,6900,13497,-0.0436676689994935,CHG,AL_NL
446,Fvb1,22250001,22300000,50000,*,13526,19100,-0.0447292189675892,CHG,AL_NL
447,Fvb1,22300001,22350000,50000,*,14918,30767,-0.0200216587110839,CHG,AL_NL
448,Fvb1,22350001,22400000,50000,*,15146,42378,-0.0225813515887136,CHG,AL_NL
449,Fvb1,22400001,22450000,50000,*,11505,40310,-0.00688784167381623,CHG,AL_NL
450,Fvb1,22450001,22500000,50000,*,17405,30875,-0.0417945841660852,CHG,AL_NL
451,Fvb1,22500001,22550000,50000,*,14325,36100,2.15709791292484e-05,CHG,AL_NL
452,Fvb1,22550001,22600000,50000,*,13527,22719,-0.00458492446173564,CHG,AL_NL
453,Fvb1,22600001,22650000,50000,*,15202,24344,-0.0618767289599018,CHG,AL_NL
454,Fvb1,22650001,22700000,50000,*,15416,24071,-0.0545807027431731,CHG,AL_NL
455,Fvb1,22700001,22750000,50000,*,12277,33296,-0.00931014212736297,CHG,AL_NL
456,Fvb1,22750001,22800000,50000,*,24509,35363,-0.0499796513475695,CHG,AL_NL
457,Fvb1,22800001,22850000,50000,*,17915,33673,-0.0343549758701059,CHG,AL_NL
458,Fvb1,22850001,22900000,50000,*,12691,32476,-0.0100309063229853,CHG,AL_NL
459,Fvb1,22900001,22950000,50000,*,12814,35127,-0.0206484359931097,CHG,AL_NL
460,Fvb1,22950001,23000000,50000,*,14766,22903,-0.054493993339025,CHG,AL_NL
461,Fvb1,23000001,23050000,50000,*,18012,28881,-0.0315879054144995,CHG,AL_NL
462,Fvb1,23050001,23100000,50000,*,20469,34681,-0.0301226714487667,CHG,AL_NL
463,Fvb1,23100001,23150000,50000,*,17673,25557,-0.0501280966311495,CHG,AL_NL
464,Fvb1,23150001,23200000,50000,*,22070,39258,-0.0205245074870977,CHG,AL_NL
465,Fvb1,23200001,23250000,50000,*,21985,33932,-0.0339333586436513,CHG,AL_NL
466,Fvb1,23250001,23300000,50000,*,17491,29309,-0.0346504081096267,CHG,AL_NL
467,Fvb1,23300001,23350000,50000,*,20099,31220,-0.0465558173815664,CHG,AL_NL
468,Fvb1,23350001,23400000,50000,*,22529,29730,-0.0432499182821142,CHG,AL_NL
469,Fvb1,23400001,23450000,50000,*,19635,28826,0.0302498488467752,CHG,AL_NL
470,Fvb1,23450001,23500000,50000,*,14683,31551,-0.0291783375072673,CHG,AL_NL
471,Fvb1,23500001,23550000,50000,*,22115,33246,-0.0276416379497819,CHG,AL_NL
472,Fvb1,23550001,23600000,50000,*,14398,27992,-0.0278474907849251,CHG,AL_NL
473,Fvb1,23600001,23650000,50000,*,6454,36728,-0.00689595982704122,CHG,AL_NL
474,Fvb1,23650001,23700000,50000,*,15371,29885,-0.0340472794388073,CHG,AL_NL
475,Fvb1,23700001,23750000,50000,*,6725,39169,0.00821293806245735,CHG,AL_NL
476,Fvb1,23750001,23800000,50000,*,3453,38600,-0.00312932136329505,CHG,AL_NL
477,Fvb1,23800001,23850000,50000,*,1834,45548,-0.00495667068622203,CHG,AL_NL
478,Fvb1,23850001,23900000,50000,*,6791,30909,-0.0529576150805383,CHG,AL_NL
479,Fvb1,23900001,23950000,50000,*,9001,21991,-0.026627432032918,CHG,AL_NL
480,Fvb1,23950001,24000000,50000,*,3503,34653,-0.0133247612791528,CHG,AL_NL
481,Fvb1,24000001,24050000,50000,*,2773,34451,-0.010800034816081,CHG,AL_NL
482,Fvb1,24050001,24100000,50000,*,6853,40624,-0.000518498440733706,CHG,AL_NL
483,Fvb1,24100001,24150000,50000,*,3182,43809,-0.0585266735157371,CHG,AL_NL
484,Fvb1,24150001,24200000,50000,*,4044,16560,0.0173344435227516,CHG,AL_NL
485,Fvb1,24200001,24250000,50000,*,3280,21607,0.0157535933607584,CHG,AL_NL
