,seqnames,start,end,width,strand,sumReadsM,sumReadsN,Propdiff.CHG.Fvb5,context,group
1,Fvb5,1,50000,50000,*,17604,41660,0.00927662678635771,CHG,AK_FK
2,Fvb5,50001,100000,50000,*,8820,44529,0.0233557968400883,CHG,AK_FK
3,Fvb5,100001,150000,50000,*,1642,68774,0.00539806388653273,CHG,AK_FK
4,Fvb5,150001,200000,50000,*,4178,59552,0.0145866021803639,CHG,AK_FK
5,Fvb5,200001,250000,50000,*,924,61716,0.000125896642797999,CHG,AK_FK
6,Fvb5,250001,300000,50000,*,1306,71679,0.00248264987790291,CHG,AK_FK
7,Fvb5,300001,350000,50000,*,543,67393,0.00385438926828668,CHG,AK_FK
8,Fvb5,350001,400000,50000,*,820,73656,8.61871597541124e-05,CHG,AK_FK
9,Fvb5,400001,450000,50000,*,1002,70268,0.00221335150386302,CHG,AK_FK
10,Fvb5,450001,500000,50000,*,1387,66850,0.00728559565947536,CHG,AK_FK
11,Fvb5,500001,550000,50000,*,986,59734,0.0068982765735644,CHG,AK_FK
12,Fvb5,550001,600000,50000,*,3030,55210,0.0107097382270055,CHG,AK_FK
13,Fvb5,600001,650000,50000,*,14528,35177,-0.0280048487815897,CHG,AK_FK
14,Fvb5,650001,700000,50000,*,3870,68729,0.043662457859259,CHG,AK_FK
15,Fvb5,700001,750000,50000,*,1944,58929,0.00289057089189452,CHG,AK_FK
16,Fvb5,750001,800000,50000,*,10434,69953,0.0121781743221723,CHG,AK_FK
17,Fvb5,800001,850000,50000,*,1974,66171,0.00343954761277215,CHG,AK_FK
18,Fvb5,850001,900000,50000,*,2841,55805,-0.00203210272599833,CHG,AK_FK
19,Fvb5,900001,950000,50000,*,1492,64093,0.00640977705492482,CHG,AK_FK
20,Fvb5,950001,1000000,50000,*,2663,34273,-0.141478435239369,CHG,AK_FK
21,Fvb5,1000001,1050000,50000,*,10403,26086,0.00312261799825941,CHG,AK_FK
22,Fvb5,1050001,1100000,50000,*,3334,64953,0.00913046993383779,CHG,AK_FK
23,Fvb5,1100001,1150000,50000,*,3563,64721,0.0105704585940764,CHG,AK_FK
24,Fvb5,1150001,1200000,50000,*,2969,69906,0.00948626498030577,CHG,AK_FK
25,Fvb5,1200001,1250000,50000,*,8998,56720,0.00426578351414997,CHG,AK_FK
26,Fvb5,1250001,1300000,50000,*,1302,66409,-0.00188016744960235,CHG,AK_FK
27,Fvb5,1300001,1350000,50000,*,4087,63709,0.0156152262340886,CHG,AK_FK
28,Fvb5,1350001,1400000,50000,*,2619,65311,0.0118824485591081,CHG,AK_FK
29,Fvb5,1400001,1450000,50000,*,789,61642,0.00148169485505223,CHG,AK_FK
30,Fvb5,1450001,1500000,50000,*,6150,49063,-0.0184925325310305,CHG,AK_FK
31,Fvb5,1500001,1550000,50000,*,1492,62002,0.00743271113143761,CHG,AK_FK
32,Fvb5,1550001,1600000,50000,*,2566,50563,0.00825481143185922,CHG,AK_FK
33,Fvb5,1600001,1650000,50000,*,2197,49122,-0.0174824820260181,CHG,AK_FK
34,Fvb5,1650001,1700000,50000,*,2301,50437,0.00782666326232993,CHG,AK_FK
35,Fvb5,1700001,1750000,50000,*,1128,61524,0.00556757502247936,CHG,AK_FK
36,Fvb5,1750001,1800000,50000,*,863,62149,0.00342053124146886,CHG,AK_FK
37,Fvb5,1800001,1850000,50000,*,7047,60722,0.0139173860206988,CHG,AK_FK
38,Fvb5,1850001,1900000,50000,*,12063,59847,0.0259369705388423,CHG,AK_FK
39,Fvb5,1900001,1950000,50000,*,1150,69030,0.000758888467814394,CHG,AK_FK
40,Fvb5,1950001,2000000,50000,*,9974,63534,0.0160322576907378,CHG,AK_FK
41,Fvb5,2000001,2050000,50000,*,4087,52673,0.0339677740732138,CHG,AK_FK
42,Fvb5,2050001,2100000,50000,*,2143,70208,-0.00580178580558879,CHG,AK_FK
43,Fvb5,2100001,2150000,50000,*,1535,45435,0.0145829912238693,CHG,AK_FK
44,Fvb5,2150001,2200000,50000,*,2274,53806,0.0055868284233883,CHG,AK_FK
45,Fvb5,2200001,2250000,50000,*,2382,65990,0.000582927709718357,CHG,AK_FK
46,Fvb5,2250001,2300000,50000,*,2383,45713,-0.0451791554288847,CHG,AK_FK
47,Fvb5,2300001,2350000,50000,*,4316,60068,0.0511962585909067,CHG,AK_FK
48,Fvb5,2350001,2400000,50000,*,2392,58358,0.0185823577361015,CHG,AK_FK
49,Fvb5,2400001,2450000,50000,*,1839,60290,0.00639845044504265,CHG,AK_FK
50,Fvb5,2450001,2500000,50000,*,7880,59719,0.0212990521520697,CHG,AK_FK
51,Fvb5,2500001,2550000,50000,*,13579,50655,0.0549087939056984,CHG,AK_FK
52,Fvb5,2550001,2600000,50000,*,3430,61198,0.013470027559997,CHG,AK_FK
53,Fvb5,2600001,2650000,50000,*,7039,60327,0.0228652429166702,CHG,AK_FK
54,Fvb5,2650001,2700000,50000,*,1232,61511,0.00420774253433749,CHG,AK_FK
55,Fvb5,2700001,2750000,50000,*,6875,56959,0.0218035036311805,CHG,AK_FK
56,Fvb5,2750001,2800000,50000,*,7486,57281,0.015933995610125,CHG,AK_FK
57,Fvb5,2800001,2850000,50000,*,23582,50501,0.0065411233070094,CHG,AK_FK
58,Fvb5,2850001,2900000,50000,*,2749,57351,0.0151644093848157,CHG,AK_FK
59,Fvb5,2900001,2950000,50000,*,3465,68595,0.00891097843016234,CHG,AK_FK
60,Fvb5,2950001,3000000,50000,*,1783,63550,0.0104657440930373,CHG,AK_FK
61,Fvb5,3000001,3050000,50000,*,2975,59766,0.0149204911047314,CHG,AK_FK
62,Fvb5,3050001,3100000,50000,*,1425,58535,-0.00522836230142743,CHG,AK_FK
63,Fvb5,3100001,3150000,50000,*,4002,55119,0.00195258230069024,CHG,AK_FK
64,Fvb5,3150001,3200000,50000,*,2709,52702,0.0228533392394858,CHG,AK_FK
65,Fvb5,3200001,3250000,50000,*,648,71605,0.000330328788260921,CHG,AK_FK
66,Fvb5,3250001,3300000,50000,*,3338,47863,-0.0520558647217417,CHG,AK_FK
67,Fvb5,3300001,3350000,50000,*,5894,56396,0.0257838830115139,CHG,AK_FK
68,Fvb5,3350001,3400000,50000,*,360,19062,0.000633528875964132,CHG,AK_FK
69,Fvb5,3400001,3450000,50000,*,1975,60888,0.00834021937177167,CHG,AK_FK
70,Fvb5,3450001,3500000,50000,*,3030,63194,0.00589826584591386,CHG,AK_FK
71,Fvb5,3500001,3550000,50000,*,3151,58870,0.00354408781107868,CHG,AK_FK
72,Fvb5,3550001,3600000,50000,*,5193,47309,0.00644008169783512,CHG,AK_FK
73,Fvb5,3600001,3650000,50000,*,7838,57163,0.0117375568276079,CHG,AK_FK
74,Fvb5,3650001,3700000,50000,*,5923,47399,0.0528637048089433,CHG,AK_FK
75,Fvb5,3700001,3750000,50000,*,1351,69972,0.00186673677138875,CHG,AK_FK
76,Fvb5,3750001,3800000,50000,*,10550,56387,0.0398367181568408,CHG,AK_FK
77,Fvb5,3800001,3850000,50000,*,18265,37929,0.0646213432169149,CHG,AK_FK
78,Fvb5,3850001,3900000,50000,*,3839,59070,0.00723829164206242,CHG,AK_FK
79,Fvb5,3900001,3950000,50000,*,2882,62048,0.0126995171843918,CHG,AK_FK
80,Fvb5,3950001,4000000,50000,*,1246,60583,-0.000848347311575147,CHG,AK_FK
81,Fvb5,4000001,4050000,50000,*,2768,32910,-0.148317879154216,CHG,AK_FK
82,Fvb5,4050001,4100000,50000,*,1089,1523,0.427719890657399,CHG,AK_FK
83,Fvb5,4100001,4150000,50000,*,274,19665,-0.0229976367499616,CHG,AK_FK
84,Fvb5,4150001,4200000,50000,*,2906,68624,0.00592150078058699,CHG,AK_FK
85,Fvb5,4200001,4250000,50000,*,6496,51807,0.0408804260596608,CHG,AK_FK
86,Fvb5,4250001,4300000,50000,*,1086,45551,0.00818630255807196,CHG,AK_FK
87,Fvb5,4300001,4350000,50000,*,13466,48305,0.0470361766279751,CHG,AK_FK
88,Fvb5,4350001,4400000,50000,*,1981,62520,0.00654103908469323,CHG,AK_FK
89,Fvb5,4400001,4450000,50000,*,3172,45636,-0.0123419873501198,CHG,AK_FK
90,Fvb5,4450001,4500000,50000,*,36258,73450,-0.0067512515089036,CHG,AK_FK
91,Fvb5,4500001,4550000,50000,*,5530,61898,0.00602446578919658,CHG,AK_FK
92,Fvb5,4550001,4600000,50000,*,1964,61763,0.00177600218288833,CHG,AK_FK
93,Fvb5,4600001,4650000,50000,*,5269,42281,0.0167016259299064,CHG,AK_FK
94,Fvb5,4650001,4700000,50000,*,2994,20152,-0.076939414696488,CHG,AK_FK
95,Fvb5,4700001,4750000,50000,*,7878,49932,0.0235104815618134,CHG,AK_FK
96,Fvb5,4750001,4800000,50000,*,1090,66004,0.00250474135277898,CHG,AK_FK
97,Fvb5,4800001,4850000,50000,*,2195,55785,0.0127459465530443,CHG,AK_FK
98,Fvb5,4850001,4900000,50000,*,3507,71825,0.0407793755403198,CHG,AK_FK
99,Fvb5,4900001,4950000,50000,*,3966,58948,-0.211252106127731,CHG,AK_FK
100,Fvb5,4950001,5000000,50000,*,1914,49939,0.00130251329084701,CHG,AK_FK
101,Fvb5,5000001,5050000,50000,*,5398,46688,0.00711417553902464,CHG,AK_FK
102,Fvb5,5050001,5100000,50000,*,10235,43745,0.0661633287190494,CHG,AK_FK
103,Fvb5,5100001,5150000,50000,*,17607,50791,0.0783092063922928,CHG,AK_FK
104,Fvb5,5150001,5200000,50000,*,8071,50566,0.00414581875011466,CHG,AK_FK
105,Fvb5,5200001,5250000,50000,*,2471,61807,-0.000846637490356107,CHG,AK_FK
106,Fvb5,5250001,5300000,50000,*,3153,54934,0.0129652703407876,CHG,AK_FK
107,Fvb5,5300001,5350000,50000,*,2766,63080,0.0126387138384193,CHG,AK_FK
108,Fvb5,5350001,5400000,50000,*,3954,52381,0.0128381885601532,CHG,AK_FK
109,Fvb5,5400001,5450000,50000,*,2072,63301,-0.00394862007980699,CHG,AK_FK
110,Fvb5,5450001,5500000,50000,*,2076,65013,-0.00329081975823624,CHG,AK_FK
111,Fvb5,5500001,5550000,50000,*,1647,68707,0.00566042586695065,CHG,AK_FK
112,Fvb5,5550001,5600000,50000,*,4913,60865,0.00575601550236875,CHG,AK_FK
113,Fvb5,5600001,5650000,50000,*,4223,58852,0.0159241444375783,CHG,AK_FK
114,Fvb5,5650001,5700000,50000,*,1545,65588,0.00299295672176124,CHG,AK_FK
115,Fvb5,5700001,5750000,50000,*,653,56415,0.00104458919990798,CHG,AK_FK
116,Fvb5,5750001,5800000,50000,*,3420,54375,0.0139138315457656,CHG,AK_FK
117,Fvb5,5800001,5850000,50000,*,3714,63144,0.00814635408179723,CHG,AK_FK
118,Fvb5,5850001,5900000,50000,*,11090,56525,-0.0273120861973697,CHG,AK_FK
119,Fvb5,5900001,5950000,50000,*,905,65620,3.12871062673331e-05,CHG,AK_FK
120,Fvb5,5950001,6000000,50000,*,8088,71436,0.0496042117695037,CHG,AK_FK
121,Fvb5,6000001,6050000,50000,*,3445,64518,0.0194323113652989,CHG,AK_FK
122,Fvb5,6050001,6100000,50000,*,2581,56305,0.0130725598192683,CHG,AK_FK
123,Fvb5,6100001,6150000,50000,*,3666,54905,-0.00256198425493255,CHG,AK_FK
124,Fvb5,6150001,6200000,50000,*,2074,57933,-0.00827943801600038,CHG,AK_FK
125,Fvb5,6200001,6250000,50000,*,1678,56397,-0.0074562108762088,CHG,AK_FK
126,Fvb5,6250001,6300000,50000,*,486,20058,-0.0520339375256038,CHG,AK_FK
127,Fvb5,6300001,6350000,50000,*,1559,3020,-0.110739837305703,CHG,AK_FK
128,Fvb5,6350001,6400000,50000,*,3223,22188,-0.00824328060980561,CHG,AK_FK
129,Fvb5,6400001,6450000,50000,*,4605,43335,0.00474340451788643,CHG,AK_FK
130,Fvb5,6450001,6500000,50000,*,1661,56490,0.00717089229617005,CHG,AK_FK
131,Fvb5,6500001,6550000,50000,*,1259,68124,0.00577089939467949,CHG,AK_FK
132,Fvb5,6550001,6600000,50000,*,7767,51980,0.00991001947163056,CHG,AK_FK
133,Fvb5,6600001,6650000,50000,*,2391,59288,0.00712971838341402,CHG,AK_FK
134,Fvb5,6650001,6700000,50000,*,663,48064,0.000924893188388039,CHG,AK_FK
135,Fvb5,6700001,6750000,50000,*,3335,63064,0.0136062154957861,CHG,AK_FK
136,Fvb5,6750001,6800000,50000,*,5358,58192,0.00897816342212915,CHG,AK_FK
137,Fvb5,6800001,6850000,50000,*,2245,62562,-0.0058188457910157,CHG,AK_FK
138,Fvb5,6850001,6900000,50000,*,3183,60812,0.0108631174220749,CHG,AK_FK
139,Fvb5,6900001,6950000,50000,*,9403,61920,0.0519887915111631,CHG,AK_FK
140,Fvb5,6950001,7000000,50000,*,16268,42211,0.0829879097764674,CHG,AK_FK
141,Fvb5,7000001,7050000,50000,*,9972,53381,-0.00547885822630814,CHG,AK_FK
142,Fvb5,7050001,7100000,50000,*,6327,65163,0.0282442231808328,CHG,AK_FK
143,Fvb5,7100001,7150000,50000,*,1887,65384,0.00611180028190515,CHG,AK_FK
144,Fvb5,7150001,7200000,50000,*,2254,64490,0.00370448784023713,CHG,AK_FK
145,Fvb5,7200001,7250000,50000,*,6358,56797,0.0163307549143969,CHG,AK_FK
146,Fvb5,7250001,7300000,50000,*,1453,69482,0.00305287204493236,CHG,AK_FK
147,Fvb5,7300001,7350000,50000,*,1902,70353,0.00749545250852815,CHG,AK_FK
148,Fvb5,7350001,7400000,50000,*,3875,67546,0.0236087211723404,CHG,AK_FK
149,Fvb5,7400001,7450000,50000,*,5867,43575,0.0810298160377008,CHG,AK_FK
150,Fvb5,7450001,7500000,50000,*,3737,34991,0.0331817407743399,CHG,AK_FK
151,Fvb5,7500001,7550000,50000,*,1421,66122,0.00563127847484005,CHG,AK_FK
152,Fvb5,7550001,7600000,50000,*,5722,55485,0.0367271167874195,CHG,AK_FK
153,Fvb5,7600001,7650000,50000,*,3008,49402,0.010058551738091,CHG,AK_FK
154,Fvb5,7650001,7700000,50000,*,4452,45728,0.00203132388113586,CHG,AK_FK
155,Fvb5,7700001,7750000,50000,*,812,64526,0.0045762621365806,CHG,AK_FK
156,Fvb5,7750001,7800000,50000,*,3878,59179,0.00898531739709636,CHG,AK_FK
157,Fvb5,7800001,7850000,50000,*,2306,49182,0.0154697215601108,CHG,AK_FK
158,Fvb5,7850001,7900000,50000,*,6553,50614,0.0301995270224745,CHG,AK_FK
159,Fvb5,7900001,7950000,50000,*,5600,55780,0.00347629279406578,CHG,AK_FK
160,Fvb5,7950001,8000000,50000,*,4274,60424,0.0248740707697382,CHG,AK_FK
161,Fvb5,8000001,8050000,50000,*,2338,63337,0.00294536344434983,CHG,AK_FK
162,Fvb5,8050001,8100000,50000,*,6341,51029,0.0462113383877763,CHG,AK_FK
163,Fvb5,8100001,8150000,50000,*,2072,64701,-0.00576159170499884,CHG,AK_FK
164,Fvb5,8150001,8200000,50000,*,5299,50659,-0.02011868168314,CHG,AK_FK
165,Fvb5,8200001,8250000,50000,*,1284,61389,0.00271178104340397,CHG,AK_FK
166,Fvb5,8250001,8300000,50000,*,7567,49299,0.0136887173559051,CHG,AK_FK
167,Fvb5,8300001,8350000,50000,*,3331,55602,0.0176002246737112,CHG,AK_FK
168,Fvb5,8350001,8400000,50000,*,6009,35971,-0.0452743092094202,CHG,AK_FK
169,Fvb5,8400001,8450000,50000,*,1802,59842,0.00245167877697477,CHG,AK_FK
170,Fvb5,8450001,8500000,50000,*,4448,50488,-0.00104118716131757,CHG,AK_FK
171,Fvb5,8500001,8550000,50000,*,1870,66327,0.00484999662695482,CHG,AK_FK
172,Fvb5,8550001,8600000,50000,*,1432,66339,-0.00069855745158685,CHG,AK_FK
173,Fvb5,8600001,8650000,50000,*,5204,60054,0.0132840986236794,CHG,AK_FK
174,Fvb5,8650001,8700000,50000,*,11029,61318,0.00128148481833001,CHG,AK_FK
175,Fvb5,8700001,8750000,50000,*,1849,76202,0.0049557433112134,CHG,AK_FK
176,Fvb5,8750001,8800000,50000,*,7847,58227,0.0220928211532749,CHG,AK_FK
177,Fvb5,8800001,8850000,50000,*,7032,32760,0.0208920992633314,CHG,AK_FK
178,Fvb5,8850001,8900000,50000,*,4693,58600,0.0019894520616425,CHG,AK_FK
179,Fvb5,8900001,8950000,50000,*,3702,56788,-0.0169740922530173,CHG,AK_FK
180,Fvb5,8950001,9000000,50000,*,3135,66860,0.0119285996730853,CHG,AK_FK
181,Fvb5,9000001,9050000,50000,*,12989,59459,0.0357822790063003,CHG,AK_FK
182,Fvb5,9050001,9100000,50000,*,3156,55509,0.0281780029699939,CHG,AK_FK
183,Fvb5,9100001,9150000,50000,*,15542,54234,0.0455179995103192,CHG,AK_FK
184,Fvb5,9150001,9200000,50000,*,13628,27358,0.0824389059633652,CHG,AK_FK
185,Fvb5,9200001,9250000,50000,*,6761,55314,0.035887808707332,CHG,AK_FK
186,Fvb5,9250001,9300000,50000,*,3216,57241,0.00304854202492766,CHG,AK_FK
187,Fvb5,9300001,9350000,50000,*,1340,62778,0.00602989631930306,CHG,AK_FK
188,Fvb5,9350001,9400000,50000,*,5490,55134,0.039562093320556,CHG,AK_FK
189,Fvb5,9400001,9450000,50000,*,8906,45901,0.0347985540724626,CHG,AK_FK
190,Fvb5,9450001,9500000,50000,*,5685,43664,0.0430630409435313,CHG,AK_FK
191,Fvb5,9500001,9550000,50000,*,2148,58064,0.00503783148159614,CHG,AK_FK
192,Fvb5,9550001,9600000,50000,*,7949,49640,0.00401097276815465,CHG,AK_FK
193,Fvb5,9600001,9650000,50000,*,605,61420,0.00153793982368601,CHG,AK_FK
194,Fvb5,9650001,9700000,50000,*,1495,68149,0.000629047274813683,CHG,AK_FK
195,Fvb5,9700001,9750000,50000,*,4083,57039,0.0208666449629209,CHG,AK_FK
196,Fvb5,9750001,9800000,50000,*,2379,52236,0.00497284241130497,CHG,AK_FK
197,Fvb5,9800001,9850000,50000,*,4960,60971,0.0307641658570426,CHG,AK_FK
198,Fvb5,9850001,9900000,50000,*,1877,60993,0.0084538402230687,CHG,AK_FK
199,Fvb5,9900001,9950000,50000,*,20377,50907,0.184786458189746,CHG,AK_FK
200,Fvb5,9950001,10000000,50000,*,4765,61923,0.037369291488586,CHG,AK_FK
201,Fvb5,10000001,10050000,50000,*,731,63037,0.00304505619308439,CHG,AK_FK
202,Fvb5,10050001,10100000,50000,*,3574,54312,0.0186011871727264,CHG,AK_FK
203,Fvb5,10100001,10150000,50000,*,6693,53972,0.0152024578308907,CHG,AK_FK
204,Fvb5,10150001,10200000,50000,*,1482,64558,0.00396907932177457,CHG,AK_FK
205,Fvb5,10200001,10250000,50000,*,4663,55804,0.0225016344244953,CHG,AK_FK
206,Fvb5,10250001,10300000,50000,*,13119,46382,0.0212058297987195,CHG,AK_FK
207,Fvb5,10300001,10350000,50000,*,8374,56191,0.0498926448909351,CHG,AK_FK
208,Fvb5,10350001,10400000,50000,*,5568,47668,0.0152227461944071,CHG,AK_FK
209,Fvb5,10400001,10450000,50000,*,3251,69913,0.013513599457378,CHG,AK_FK
210,Fvb5,10450001,10500000,50000,*,5432,42063,0.0144105677791401,CHG,AK_FK
211,Fvb5,10500001,10550000,50000,*,7678,50980,-0.00307085918061201,CHG,AK_FK
212,Fvb5,10550001,10600000,50000,*,4335,53845,-0.00638615685904488,CHG,AK_FK
213,Fvb5,10600001,10650000,50000,*,3971,25496,-0.0561762382687928,CHG,AK_FK
214,Fvb5,10650001,10700000,50000,*,4586,59083,0.00187372092474071,CHG,AK_FK
215,Fvb5,10700001,10750000,50000,*,5147,57780,0.00853223554620064,CHG,AK_FK
216,Fvb5,10750001,10800000,50000,*,5499,53607,0.00187361882541119,CHG,AK_FK
217,Fvb5,10800001,10850000,50000,*,8222,46520,-0.0390046138588395,CHG,AK_FK
218,Fvb5,10850001,10900000,50000,*,2142,58277,0.00171597072316593,CHG,AK_FK
219,Fvb5,10900001,10950000,50000,*,6326,43871,-0.0951180903336975,CHG,AK_FK
220,Fvb5,10950001,11000000,50000,*,1998,49565,-0.0283116799275955,CHG,AK_FK
221,Fvb5,11000001,11050000,50000,*,4750,59452,-0.00574071857950216,CHG,AK_FK
222,Fvb5,11050001,11100000,50000,*,6806,53326,0.00838191869990224,CHG,AK_FK
223,Fvb5,11100001,11150000,50000,*,11893,46192,0.0508085325903266,CHG,AK_FK
224,Fvb5,11150001,11200000,50000,*,10764,41349,0.0327246678319892,CHG,AK_FK
225,Fvb5,11200001,11250000,50000,*,6427,43947,0.0308037577195534,CHG,AK_FK
226,Fvb5,11250001,11300000,50000,*,12287,44522,0.0584512598259137,CHG,AK_FK
227,Fvb5,11300001,11350000,50000,*,8555,52202,0.0291485516777358,CHG,AK_FK
228,Fvb5,11350001,11400000,50000,*,5865,41104,0.0249423701644821,CHG,AK_FK
229,Fvb5,11400001,11450000,50000,*,1744,9308,0.0522200758508184,CHG,AK_FK
230,Fvb5,11450001,11500000,50000,*,12133,48387,0.0586717163876029,CHG,AK_FK
231,Fvb5,11500001,11550000,50000,*,4181,59962,0.0196909915805665,CHG,AK_FK
232,Fvb5,11550001,11600000,50000,*,14759,44198,0.0359648204730268,CHG,AK_FK
233,Fvb5,11600001,11650000,50000,*,4691,51592,-0.00656740513547131,CHG,AK_FK
234,Fvb5,11650001,11700000,50000,*,9560,42681,0.0571333702413258,CHG,AK_FK
235,Fvb5,11700001,11750000,50000,*,4713,32764,-0.139622948492548,CHG,AK_FK
236,Fvb5,11750001,11800000,50000,*,9687,37125,0.0134911524644092,CHG,AK_FK
237,Fvb5,11800001,11850000,50000,*,4679,50896,0.0144203134727641,CHG,AK_FK
238,Fvb5,11850001,11900000,50000,*,7703,41583,-0.0253548411857378,CHG,AK_FK
239,Fvb5,11900001,11950000,50000,*,10170,47353,0.0188568700993425,CHG,AK_FK
240,Fvb5,11950001,12000000,50000,*,4392,48551,0.0233079004595052,CHG,AK_FK
241,Fvb5,12000001,12050000,50000,*,3173,53831,0.0116160365078872,CHG,AK_FK
242,Fvb5,12050001,12100000,50000,*,8716,42370,0.0093675374658625,CHG,AK_FK
243,Fvb5,12100001,12150000,50000,*,7927,47685,0.00760386448102712,CHG,AK_FK
244,Fvb5,12150001,12200000,50000,*,4109,44055,0.000629919893804787,CHG,AK_FK
245,Fvb5,12200001,12250000,50000,*,10401,47197,0.0435892254910768,CHG,AK_FK
246,Fvb5,12250001,12300000,50000,*,1174,61826,0.00673250753957981,CHG,AK_FK
247,Fvb5,12300001,12350000,50000,*,4413,59681,0.013502937386715,CHG,AK_FK
248,Fvb5,12350001,12400000,50000,*,1216,61824,-0.000997102253615312,CHG,AK_FK
249,Fvb5,12400001,12450000,50000,*,7843,43783,0.0213049721129309,CHG,AK_FK
250,Fvb5,12450001,12500000,50000,*,4665,47734,0.0130405754362375,CHG,AK_FK
251,Fvb5,12500001,12550000,50000,*,7529,55350,0.0181092068891127,CHG,AK_FK
252,Fvb5,12550001,12600000,50000,*,24845,39865,0.0222560360628303,CHG,AK_FK
253,Fvb5,12600001,12650000,50000,*,9042,56161,0.0647403278416769,CHG,AK_FK
254,Fvb5,12650001,12700000,50000,*,8544,52987,0.0132470983448771,CHG,AK_FK
255,Fvb5,12700001,12750000,50000,*,7923,54885,0.0375885130873092,CHG,AK_FK
256,Fvb5,12750001,12800000,50000,*,25277,41333,0.0780220551566765,CHG,AK_FK
257,Fvb5,12800001,12850000,50000,*,7343,39645,0.0596516348543878,CHG,AK_FK
258,Fvb5,12850001,12900000,50000,*,4673,50839,0.0312680496482696,CHG,AK_FK
259,Fvb5,12900001,12950000,50000,*,8858,53454,0.00788528121424131,CHG,AK_FK
260,Fvb5,12950001,13000000,50000,*,15992,55286,-0.00417577079766523,CHG,AK_FK
261,Fvb5,13000001,13050000,50000,*,6221,52207,0.0201980716467916,CHG,AK_FK
262,Fvb5,13050001,13100000,50000,*,4388,58695,0.0171890862586429,CHG,AK_FK
263,Fvb5,13100001,13150000,50000,*,5461,60589,0.0110864704922002,CHG,AK_FK
264,Fvb5,13150001,13200000,50000,*,21695,50305,-0.00329647017045787,CHG,AK_FK
265,Fvb5,13200001,13250000,50000,*,7431,42079,0.0365645575408219,CHG,AK_FK
266,Fvb5,13250001,13300000,50000,*,22025,38385,0.0540824026738148,CHG,AK_FK
267,Fvb5,13300001,13350000,50000,*,19416,55436,0.01459060703758,CHG,AK_FK
268,Fvb5,13350001,13400000,50000,*,5897,36610,0.0352682461568773,CHG,AK_FK
269,Fvb5,13400001,13450000,50000,*,13488,44390,0.025637820980182,CHG,AK_FK
270,Fvb5,13450001,13500000,50000,*,12120,44261,0.0362168078084621,CHG,AK_FK
271,Fvb5,13500001,13550000,50000,*,13146,40808,0.0301440181388481,CHG,AK_FK
272,Fvb5,13550001,13600000,50000,*,7605,12197,0.0115448668781456,CHG,AK_FK
273,Fvb5,13600001,13650000,50000,*,8947,18345,0.0148703797541594,CHG,AK_FK
274,Fvb5,13650001,13700000,50000,*,6361,36850,0.0280049849172161,CHG,AK_FK
275,Fvb5,13700001,13750000,50000,*,16246,42315,0.0632297970261197,CHG,AK_FK
276,Fvb5,13750001,13800000,50000,*,8979,47974,0.0593813825592799,CHG,AK_FK
277,Fvb5,13800001,13850000,50000,*,3930,56102,0.0278293148401322,CHG,AK_FK
278,Fvb5,13850001,13900000,50000,*,6011,48262,0.0107397771566354,CHG,AK_FK
279,Fvb5,13900001,13950000,50000,*,10683,41705,0.0368184572583759,CHG,AK_FK
280,Fvb5,13950001,14000000,50000,*,7727,57502,0.0108028375992351,CHG,AK_FK
281,Fvb5,14000001,14050000,50000,*,6924,54400,0.0262539655056858,CHG,AK_FK
282,Fvb5,14050001,14100000,50000,*,17052,48694,0.0225916805059795,CHG,AK_FK
283,Fvb5,14100001,14150000,50000,*,10270,62166,-0.00612643488959649,CHG,AK_FK
284,Fvb5,14150001,14200000,50000,*,9566,46583,0.0289573812786324,CHG,AK_FK
285,Fvb5,14200001,14250000,50000,*,14112,21229,0.048481021651906,CHG,AK_FK
286,Fvb5,14250001,14300000,50000,*,12966,40743,0.127422542698062,CHG,AK_FK
287,Fvb5,14300001,14350000,50000,*,7226,41481,0.0540529537745544,CHG,AK_FK
288,Fvb5,14350001,14400000,50000,*,12681,46538,0.06249948426558,CHG,AK_FK
289,Fvb5,14400001,14450000,50000,*,7685,52614,0.0149961527811043,CHG,AK_FK
290,Fvb5,14450001,14500000,50000,*,6208,53106,0.0195180872205796,CHG,AK_FK
291,Fvb5,14500001,14550000,50000,*,22230,37728,0.0712584487604735,CHG,AK_FK
292,Fvb5,14550001,14600000,50000,*,6379,55577,0.0217487764791284,CHG,AK_FK
293,Fvb5,14600001,14650000,50000,*,13804,45695,0.0336017242999194,CHG,AK_FK
294,Fvb5,14650001,14700000,50000,*,15130,46531,0.0390192476985274,CHG,AK_FK
295,Fvb5,14700001,14750000,50000,*,9675,51900,0.0256758373526824,CHG,AK_FK
296,Fvb5,14750001,14800000,50000,*,12289,57472,0.0372750791162061,CHG,AK_FK
297,Fvb5,14800001,14850000,50000,*,14216,48062,0.0207713167018216,CHG,AK_FK
298,Fvb5,14850001,14900000,50000,*,8450,40214,0.0385302893729632,CHG,AK_FK
299,Fvb5,14900001,14950000,50000,*,12865,46096,0.00294965875090636,CHG,AK_FK
300,Fvb5,14950001,15000000,50000,*,9497,47208,0.0164790787739123,CHG,AK_FK
301,Fvb5,15000001,15050000,50000,*,13138,30580,0.0454506200234617,CHG,AK_FK
302,Fvb5,15050001,15100000,50000,*,14335,58400,0.103781828192484,CHG,AK_FK
303,Fvb5,15100001,15150000,50000,*,10282,47256,0.0263467324808357,CHG,AK_FK
304,Fvb5,15150001,15200000,50000,*,12698,36455,0.0257888337885902,CHG,AK_FK
305,Fvb5,15200001,15250000,50000,*,5367,51109,0.0156000364311641,CHG,AK_FK
306,Fvb5,15250001,15300000,50000,*,6750,60398,0.0239330729415601,CHG,AK_FK
307,Fvb5,15300001,15350000,50000,*,28268,43521,0.0423761122010464,CHG,AK_FK
308,Fvb5,15350001,15400000,50000,*,22635,42157,0.0414931634318632,CHG,AK_FK
309,Fvb5,15400001,15450000,50000,*,9574,56880,0.0129926745455222,CHG,AK_FK
310,Fvb5,15450001,15500000,50000,*,14044,41780,0.0653951079731089,CHG,AK_FK
311,Fvb5,15500001,15550000,50000,*,16993,22959,0.045410791204106,CHG,AK_FK
312,Fvb5,15550001,15600000,50000,*,19110,33386,0.0736708293963009,CHG,AK_FK
313,Fvb5,15600001,15650000,50000,*,22293,35688,0.0479629515485215,CHG,AK_FK
314,Fvb5,15650001,15700000,50000,*,18333,34386,0.0694178495292574,CHG,AK_FK
315,Fvb5,15700001,15750000,50000,*,13660,44314,0.056716791877119,CHG,AK_FK
316,Fvb5,15750001,15800000,50000,*,12835,54500,0.0499770711936647,CHG,AK_FK
317,Fvb5,15800001,15850000,50000,*,9088,59981,0.0269232914190838,CHG,AK_FK
318,Fvb5,15850001,15900000,50000,*,16493,48531,-0.00877655474293376,CHG,AK_FK
319,Fvb5,15900001,15950000,50000,*,14173,80335,0.0338898804275886,CHG,AK_FK
320,Fvb5,15950001,16000000,50000,*,24330,51229,0.125487139569267,CHG,AK_FK
321,Fvb5,16000001,16050000,50000,*,3415,49443,0.0101197344646442,CHG,AK_FK
322,Fvb5,16050001,16100000,50000,*,13521,58057,0.0521343414516501,CHG,AK_FK
323,Fvb5,16100001,16150000,50000,*,20185,46616,0.00936274590518654,CHG,AK_FK
324,Fvb5,16150001,16200000,50000,*,21511,35370,0.0593420469891973,CHG,AK_FK
325,Fvb5,16200001,16250000,50000,*,25546,34827,0.0141863586731621,CHG,AK_FK
326,Fvb5,16250001,16300000,50000,*,13282,47100,0.0130146835316679,CHG,AK_FK
327,Fvb5,16300001,16350000,50000,*,25626,47707,0.0563031187238947,CHG,AK_FK
328,Fvb5,16350001,16400000,50000,*,21451,29138,0.038827932661363,CHG,AK_FK
329,Fvb5,16400001,16450000,50000,*,24311,33766,-0.0356428096327944,CHG,AK_FK
330,Fvb5,16450001,16500000,50000,*,14496,38591,0.0860785666463957,CHG,AK_FK
331,Fvb5,16500001,16550000,50000,*,13625,22191,0.0277322616900409,CHG,AK_FK
332,Fvb5,16550001,16600000,50000,*,11309,52348,0.0350838348127694,CHG,AK_FK
333,Fvb5,16600001,16650000,50000,*,7716,47022,0.0159074388921502,CHG,AK_FK
334,Fvb5,16650001,16700000,50000,*,19582,31338,0.0843798425317444,CHG,AK_FK
335,Fvb5,16700001,16750000,50000,*,7444,39625,0.0259043219005356,CHG,AK_FK
336,Fvb5,16750001,16800000,50000,*,7631,46678,0.0242169908655852,CHG,AK_FK
337,Fvb5,16800001,16850000,50000,*,7011,35861,-0.00115001803129858,CHG,AK_FK
338,Fvb5,16850001,16900000,50000,*,16029,42223,0.0516893734309164,CHG,AK_FK
339,Fvb5,16900001,16950000,50000,*,7043,54536,0.0195806169998233,CHG,AK_FK
340,Fvb5,16950001,17000000,50000,*,13320,40777,0.0120820277524896,CHG,AK_FK
341,Fvb5,17000001,17050000,50000,*,15946,34328,0.00791178764092121,CHG,AK_FK
342,Fvb5,17050001,17100000,50000,*,4367,26890,-0.00371103625394581,CHG,AK_FK
343,Fvb5,17100001,17150000,50000,*,11775,53496,0.0137066450052137,CHG,AK_FK
344,Fvb5,17150001,17200000,50000,*,20556,43661,0.0185266739055097,CHG,AK_FK
345,Fvb5,17200001,17250000,50000,*,10086,53819,0.0146792684851776,CHG,AK_FK
346,Fvb5,17250001,17300000,50000,*,13389,39457,0.0183957286723005,CHG,AK_FK
347,Fvb5,17300001,17350000,50000,*,8969,53755,0.0151379771292143,CHG,AK_FK
348,Fvb5,17350001,17400000,50000,*,7508,52035,9.53348780768359e-05,CHG,AK_FK
349,Fvb5,17400001,17450000,50000,*,21253,52750,0.0610959733302561,CHG,AK_FK
350,Fvb5,17450001,17500000,50000,*,19584,42285,0.0607326393169355,CHG,AK_FK
351,Fvb5,17500001,17550000,50000,*,5692,51682,0.0391541302623347,CHG,AK_FK
352,Fvb5,17550001,17600000,50000,*,10327,55838,0.0258457491925987,CHG,AK_FK
353,Fvb5,17600001,17650000,50000,*,11906,38512,0.107015922963927,CHG,AK_FK
354,Fvb5,17650001,17700000,50000,*,21148,47283,0.120791611313118,CHG,AK_FK
355,Fvb5,17700001,17750000,50000,*,28705,50038,0.0871884400556425,CHG,AK_FK
356,Fvb5,17750001,17800000,50000,*,24451,45840,0.04099301775512,CHG,AK_FK
357,Fvb5,17800001,17850000,50000,*,14817,33326,0.0448149006955483,CHG,AK_FK
358,Fvb5,17850001,17900000,50000,*,8777,48229,0.00835017136002802,CHG,AK_FK
359,Fvb5,17900001,17950000,50000,*,12356,56525,0.0311981519244684,CHG,AK_FK
360,Fvb5,17950001,18000000,50000,*,8806,48341,0.0560307768103964,CHG,AK_FK
361,Fvb5,18000001,18050000,50000,*,15151,41389,0.0384327481571446,CHG,AK_FK
362,Fvb5,18050001,18100000,50000,*,14105,35846,0.124360651907867,CHG,AK_FK
363,Fvb5,18100001,18150000,50000,*,8134,45918,0.0327268436637739,CHG,AK_FK
364,Fvb5,18150001,18200000,50000,*,2180,56229,0.00856365071311009,CHG,AK_FK
365,Fvb5,18200001,18250000,50000,*,9612,49432,0.0175756040887702,CHG,AK_FK
366,Fvb5,18250001,18300000,50000,*,8186,122026,0.0210769400716867,CHG,AK_FK
367,Fvb5,18300001,18350000,50000,*,16334,45070,0.0931267338731962,CHG,AK_FK
368,Fvb5,18350001,18400000,50000,*,6808,48796,0.0170706531649466,CHG,AK_FK
369,Fvb5,18400001,18450000,50000,*,856,65553,0.00600692208340864,CHG,AK_FK
370,Fvb5,18450001,18500000,50000,*,10203,50515,-0.0580689971994754,CHG,AK_FK
371,Fvb5,18500001,18550000,50000,*,3367,56372,0.0265736470099558,CHG,AK_FK
372,Fvb5,18550001,18600000,50000,*,3254,47943,0.0251867222957893,CHG,AK_FK
373,Fvb5,18600001,18650000,50000,*,8860,42885,0.0532135839647445,CHG,AK_FK
374,Fvb5,18650001,18700000,50000,*,18911,41185,0.0470465063825619,CHG,AK_FK
375,Fvb5,18700001,18750000,50000,*,2288,57445,0.0111665821671874,CHG,AK_FK
376,Fvb5,18750001,18800000,50000,*,6608,45169,0.0190895859826892,CHG,AK_FK
377,Fvb5,18800001,18850000,50000,*,1612,55367,0.00888807000033093,CHG,AK_FK
378,Fvb5,18850001,18900000,50000,*,7360,52606,0.0264683271646875,CHG,AK_FK
379,Fvb5,18900001,18950000,50000,*,9985,34195,0.0496545339551228,CHG,AK_FK
380,Fvb5,18950001,19000000,50000,*,5398,56277,0.0425564020469896,CHG,AK_FK
381,Fvb5,19000001,19050000,50000,*,13801,33022,0.0762648847173474,CHG,AK_FK
382,Fvb5,19050001,19100000,50000,*,9827,48786,0.0160715385690668,CHG,AK_FK
383,Fvb5,19100001,19150000,50000,*,5199,42911,0.0127128190224541,CHG,AK_FK
384,Fvb5,19150001,19200000,50000,*,15957,46151,0.0693628790168836,CHG,AK_FK
385,Fvb5,19200001,19250000,50000,*,18162,46583,0.0414541166157585,CHG,AK_FK
386,Fvb5,19250001,19300000,50000,*,12369,50509,0.0431089016073784,CHG,AK_FK
387,Fvb5,19300001,19350000,50000,*,8889,48390,0.0237932016148943,CHG,AK_FK
388,Fvb5,19350001,19400000,50000,*,6839,61802,0.0319497243691892,CHG,AK_FK
389,Fvb5,19400001,19450000,50000,*,6566,42166,0.0391668517812233,CHG,AK_FK
390,Fvb5,19450001,19500000,50000,*,9635,43933,0.0270064446922897,CHG,AK_FK
391,Fvb5,19500001,19550000,50000,*,12668,35695,0.0133958765306624,CHG,AK_FK
392,Fvb5,19550001,19600000,50000,*,13986,26558,-0.0463519924774538,CHG,AK_FK
393,Fvb5,19600001,19650000,50000,*,13346,28942,0.0109042379829021,CHG,AK_FK
394,Fvb5,19650001,19700000,50000,*,7757,25402,0.0961835765211164,CHG,AK_FK
395,Fvb5,19700001,19750000,50000,*,13951,20615,0.250046896736443,CHG,AK_FK
396,Fvb5,19750001,19800000,50000,*,14638,40244,0.0318884081198496,CHG,AK_FK
397,Fvb5,19800001,19850000,50000,*,8684,48260,0.0283995539666237,CHG,AK_FK
398,Fvb5,19850001,19900000,50000,*,3454,48887,0.0184842822472744,CHG,AK_FK
399,Fvb5,19900001,19950000,50000,*,5286,51055,0.00690387060198674,CHG,AK_FK
400,Fvb5,19950001,20000000,50000,*,3758,49956,0.0224629346501351,CHG,AK_FK
401,Fvb5,20000001,20050000,50000,*,3972,48511,0.00769038354502347,CHG,AK_FK
402,Fvb5,20050001,20100000,50000,*,9570,48125,0.0544166392217465,CHG,AK_FK
403,Fvb5,20100001,20150000,50000,*,2308,51401,0.00989927643990145,CHG,AK_FK
404,Fvb5,20150001,20200000,50000,*,6171,49507,-0.00863605453680671,CHG,AK_FK
405,Fvb5,20200001,20250000,50000,*,3947,62575,0.0322613173531441,CHG,AK_FK
406,Fvb5,20250001,20300000,50000,*,13041,40904,0.071298930548871,CHG,AK_FK
407,Fvb5,20300001,20350000,50000,*,7056,60892,0.0199392572745908,CHG,AK_FK
408,Fvb5,20350001,20400000,50000,*,8535,36395,0.0253638934589648,CHG,AK_FK
409,Fvb5,20400001,20450000,50000,*,8333,55353,0.0578126928578801,CHG,AK_FK
410,Fvb5,20450001,20500000,50000,*,7155,52527,0.00414421669762322,CHG,AK_FK
411,Fvb5,20500001,20550000,50000,*,11679,36059,0.0353019237476598,CHG,AK_FK
412,Fvb5,20550001,20600000,50000,*,2749,49275,0.00939163322724967,CHG,AK_FK
413,Fvb5,20600001,20650000,50000,*,3873,44922,0.00570638487973536,CHG,AK_FK
414,Fvb5,20650001,20700000,50000,*,6890,48124,0.0150929884334107,CHG,AK_FK
415,Fvb5,20700001,20750000,50000,*,9569,39438,0.0502558792669517,CHG,AK_FK
416,Fvb5,20750001,20800000,50000,*,3057,52183,0.0131654442024531,CHG,AK_FK
417,Fvb5,20800001,20850000,50000,*,10621,50534,0.0352977265230835,CHG,AK_FK
418,Fvb5,20850001,20900000,50000,*,24255,40953,0.0357725373744194,CHG,AK_FK
419,Fvb5,20900001,20950000,50000,*,12718,36833,0.0173295036450017,CHG,AK_FK
420,Fvb5,20950001,21000000,50000,*,12392,45278,0.0438835068594193,CHG,AK_FK
421,Fvb5,21000001,21050000,50000,*,7156,56668,0.0230009815677718,CHG,AK_FK
422,Fvb5,21050001,21100000,50000,*,22293,40805,0.0360538423851009,CHG,AK_FK
423,Fvb5,21100001,21150000,50000,*,16298,49398,0.0508239612948972,CHG,AK_FK
424,Fvb5,21150001,21200000,50000,*,16686,35000,0.0512750145960729,CHG,AK_FK
425,Fvb5,21200001,21250000,50000,*,10437,56329,0.00739030367033094,CHG,AK_FK
426,Fvb5,21250001,21300000,50000,*,15964,39924,0.0460861485879775,CHG,AK_FK
427,Fvb5,21300001,21350000,50000,*,5363,54062,0.012143189345952,CHG,AK_FK
428,Fvb5,21350001,21400000,50000,*,12519,47405,0.0118151277389046,CHG,AK_FK
429,Fvb5,21400001,21450000,50000,*,10517,29490,0.0287186059518121,CHG,AK_FK
430,Fvb5,21450001,21500000,50000,*,2404,31155,0.0175926059492977,CHG,AK_FK
431,Fvb5,21500001,21550000,50000,*,16279,36045,0.0940614934485819,CHG,AK_FK
432,Fvb5,21550001,21600000,50000,*,11582,34972,0.0440748554419251,CHG,AK_FK
433,Fvb5,21600001,21650000,50000,*,11253,44942,0.0330345225698081,CHG,AK_FK
434,Fvb5,21650001,21700000,50000,*,13081,47263,0.0115842096871126,CHG,AK_FK
435,Fvb5,21700001,21750000,50000,*,5184,52656,0.0110246276588351,CHG,AK_FK
436,Fvb5,21750001,21800000,50000,*,16116,35422,0.0774605451137799,CHG,AK_FK
437,Fvb5,21800001,21850000,50000,*,16092,51573,0.0449467279296977,CHG,AK_FK
438,Fvb5,21850001,21900000,50000,*,21438,43276,0.032881458432157,CHG,AK_FK
439,Fvb5,21900001,21950000,50000,*,12784,36475,0.0458694630618906,CHG,AK_FK
440,Fvb5,21950001,22000000,50000,*,6492,58911,0.00412278433681822,CHG,AK_FK
441,Fvb5,22000001,22050000,50000,*,12031,44284,0.0232701543164166,CHG,AK_FK
442,Fvb5,22050001,22100000,50000,*,8616,60898,0.0199142821058198,CHG,AK_FK
443,Fvb5,22100001,22150000,50000,*,8053,48124,0.00125267647370489,CHG,AK_FK
444,Fvb5,22150001,22200000,50000,*,25193,45050,0.0300716683187149,CHG,AK_FK
445,Fvb5,22200001,22250000,50000,*,11758,50808,0.0462839862658154,CHG,AK_FK
446,Fvb5,22250001,22300000,50000,*,18206,60566,0.0333329224121048,CHG,AK_FK
447,Fvb5,22300001,22350000,50000,*,17434,36672,0.0462405226676913,CHG,AK_FK
448,Fvb5,22350001,22400000,50000,*,17341,44014,0.0379242716720863,CHG,AK_FK
449,Fvb5,22400001,22450000,50000,*,19655,33673,0.0178986370867698,CHG,AK_FK
450,Fvb5,22450001,22500000,50000,*,21776,44949,-0.0172998072154886,CHG,AK_FK
451,Fvb5,22500001,22550000,50000,*,24193,32365,-0.0132884447217335,CHG,AK_FK
452,Fvb5,22550001,22600000,50000,*,18552,40993,0.0172076547142251,CHG,AK_FK
453,Fvb5,22600001,22650000,50000,*,23649,31299,0.0532837502383475,CHG,AK_FK
454,Fvb5,22650001,22700000,50000,*,20341,31886,-0.0220237350299779,CHG,AK_FK
455,Fvb5,22700001,22750000,50000,*,20693,42658,0.00869769730781328,CHG,AK_FK
456,Fvb5,22750001,22800000,50000,*,4709,48762,0.0315243459593212,CHG,AK_FK
457,Fvb5,22800001,22850000,50000,*,12459,50878,0.00495182729382193,CHG,AK_FK
458,Fvb5,22850001,22900000,50000,*,17003,47292,0.0538179818996871,CHG,AK_FK
459,Fvb5,22900001,22950000,50000,*,14004,48208,0.0792060360473125,CHG,AK_FK
460,Fvb5,22950001,23000000,50000,*,14062,48839,0.0249456245736044,CHG,AK_FK
461,Fvb5,23000001,23050000,50000,*,16136,47236,0.00344299562028277,CHG,AK_FK
462,Fvb5,23050001,23100000,50000,*,12888,49373,0.0444186285116216,CHG,AK_FK
463,Fvb5,23100001,23150000,50000,*,8321,59065,0.06360653867318,CHG,AK_FK
464,Fvb5,23150001,23200000,50000,*,13751,37803,0.0381563787987939,CHG,AK_FK
465,Fvb5,23200001,23250000,50000,*,13611,44199,0.00343714760124192,CHG,AK_FK
466,Fvb5,23250001,23300000,50000,*,6829,58402,0.00406396485949605,CHG,AK_FK
467,Fvb5,23300001,23350000,50000,*,8683,45551,-0.00644314262496462,CHG,AK_FK
468,Fvb5,23350001,23400000,50000,*,13266,49311,0.0377639855092955,CHG,AK_FK
469,Fvb5,23400001,23450000,50000,*,5030,43895,0.0165046512305343,CHG,AK_FK
470,Fvb5,23450001,23500000,50000,*,6566,52083,0.00209124422631847,CHG,AK_FK
471,Fvb5,23500001,23550000,50000,*,9977,48439,0.0210721115304809,CHG,AK_FK
472,Fvb5,23550001,23600000,50000,*,8086,48701,-0.0113316603574189,CHG,AK_FK
473,Fvb5,23600001,23650000,50000,*,5856,55899,0.0101816485059431,CHG,AK_FK
474,Fvb5,23650001,23700000,50000,*,7814,42120,0.0110659355859503,CHG,AK_FK
475,Fvb5,23700001,23750000,50000,*,4019,49158,0.0150942710076642,CHG,AK_FK
476,Fvb5,23750001,23800000,50000,*,12244,42935,0.0830007130693668,CHG,AK_FK
477,Fvb5,23800001,23850000,50000,*,10458,48774,-0.0176290038742181,CHG,AK_FK
478,Fvb5,23850001,23900000,50000,*,6227,46426,-0.00607089329564042,CHG,AK_FK
479,Fvb5,23900001,23950000,50000,*,10911,52509,0.0257946830968633,CHG,AK_FK
480,Fvb5,23950001,24000000,50000,*,10596,33539,0.0506640860305926,CHG,AK_FK
481,Fvb5,24000001,24050000,50000,*,10824,38576,0.0133838519718607,CHG,AK_FK
482,Fvb5,24050001,24100000,50000,*,449,18415,0.00282282884067174,CHG,AK_FK
483,Fvb5,24100001,24150000,50000,*,4608,44960,0.0266028385830796,CHG,AK_FK
484,Fvb5,24150001,24200000,50000,*,9089,52513,0.0432812320315088,CHG,AK_FK
485,Fvb5,24200001,24250000,50000,*,8185,60651,0.0422801426465808,CHG,AK_FK
486,Fvb5,24250001,24300000,50000,*,5199,55354,0.018205063389307,CHG,AK_FK
487,Fvb5,24300001,24350000,50000,*,9382,46936,0.0324261512210915,CHG,AK_FK
488,Fvb5,24350001,24400000,50000,*,2862,47787,0.0239010480472392,CHG,AK_FK
489,Fvb5,24400001,24450000,50000,*,4978,53543,0.0153781708768739,CHG,AK_FK
490,Fvb5,24450001,24500000,50000,*,9080,43176,0.0438564480447549,CHG,AK_FK
491,Fvb5,24500001,24550000,50000,*,4980,29014,0.0413638339230269,CHG,AK_FK
492,Fvb5,24550001,24600000,50000,*,9262,40133,0.0556722294059444,CHG,AK_FK
493,Fvb5,24600001,24650000,50000,*,6137,61503,0.0211217098353631,CHG,AK_FK
494,Fvb5,24650001,24700000,50000,*,11393,47300,0.0521643629415303,CHG,AK_FK
495,Fvb5,24700001,24750000,50000,*,21280,31670,0.0311852096438833,CHG,AK_FK
496,Fvb5,24750001,24800000,50000,*,8600,40576,0.00688601208808293,CHG,AK_FK
497,Fvb5,24800001,24850000,50000,*,6470,37083,0.0488700621489,CHG,AK_FK
498,Fvb5,24850001,24900000,50000,*,11641,42415,0.0391557327970299,CHG,AK_FK
499,Fvb5,24900001,24950000,50000,*,10000,49342,0.0280943130910734,CHG,AK_FK
500,Fvb5,24950001,25000000,50000,*,5185,57090,0.00667142000510422,CHG,AK_FK
501,Fvb5,25000001,25050000,50000,*,5568,52341,0.00520364760657972,CHG,AK_FK
502,Fvb5,25050001,25100000,50000,*,4207,43571,0.0308859520985667,CHG,AK_FK
503,Fvb5,25100001,25150000,50000,*,9436,45564,0.0526541250568655,CHG,AK_FK
504,Fvb5,25150001,25200000,50000,*,3125,56708,0.00106211279888142,CHG,AK_FK
505,Fvb5,25200001,25250000,50000,*,15359,45881,0.0404236676238571,CHG,AK_FK
506,Fvb5,25250001,25300000,50000,*,19591,33043,0.0573071540267454,CHG,AK_FK
507,Fvb5,25300001,25350000,50000,*,22226,37390,0.203555867703734,CHG,AK_FK
508,Fvb5,25350001,25400000,50000,*,13509,38906,0.0153563028834527,CHG,AK_FK
509,Fvb5,25400001,25450000,50000,*,5892,29787,-0.112115024731992,CHG,AK_FK
510,Fvb5,25450001,25500000,50000,*,3685,55166,0.000865731242332315,CHG,AK_FK
511,Fvb5,25500001,25550000,50000,*,6721,63784,-0.0935029273997689,CHG,AK_FK
512,Fvb5,25550001,25600000,50000,*,4717,62192,0.0115431674716169,CHG,AK_FK
513,Fvb5,25600001,25650000,50000,*,10709,48297,0.0319307136137931,CHG,AK_FK
514,Fvb5,25650001,25700000,50000,*,7758,39369,-0.0481507997099577,CHG,AK_FK
515,Fvb5,25700001,25750000,50000,*,16402,31760,0.0579016571790329,CHG,AK_FK
516,Fvb5,25750001,25800000,50000,*,3293,37378,-0.085729777146541,CHG,AK_FK
517,Fvb5,25800001,25850000,50000,*,9298,41659,0.0321394040286725,CHG,AK_FK
518,Fvb5,25850001,25900000,50000,*,1953,42687,-0.00837104408336456,CHG,AK_FK
519,Fvb5,25900001,25950000,50000,*,2565,42294,-0.00592820454468404,CHG,AK_FK
520,Fvb5,25950001,26000000,50000,*,2488,44752,-0.0142885029179239,CHG,AK_FK
521,Fvb5,26000001,26050000,50000,*,4607,54910,0.00672301468214022,CHG,AK_FK
522,Fvb5,26050001,26100000,50000,*,5910,46911,0.0165516483229428,CHG,AK_FK
523,Fvb5,26100001,26150000,50000,*,5090,64038,0.0271298070908462,CHG,AK_FK
524,Fvb5,26150001,26200000,50000,*,5602,47522,0.0159705762479728,CHG,AK_FK
525,Fvb5,26200001,26250000,50000,*,4295,42002,0.0267171647801583,CHG,AK_FK
526,Fvb5,26250001,26300000,50000,*,6374,38620,-0.0228543735174036,CHG,AK_FK
527,Fvb5,26300001,26350000,50000,*,8463,54782,0.0378909850367185,CHG,AK_FK
528,Fvb5,26350001,26400000,50000,*,3467,55766,0.0124533204215287,CHG,AK_FK
529,Fvb5,26400001,26450000,50000,*,6269,37282,-0.0242065580287846,CHG,AK_FK
530,Fvb5,26450001,26500000,50000,*,13757,39541,0.0777782912953959,CHG,AK_FK
531,Fvb5,26500001,26550000,50000,*,7355,54250,0.0316980818180306,CHG,AK_FK
532,Fvb5,26550001,26600000,50000,*,9407,34081,0.0779563601913774,CHG,AK_FK
533,Fvb5,26600001,26650000,50000,*,3057,26785,-0.0374942623426267,CHG,AK_FK
534,Fvb5,26650001,26700000,50000,*,4671,13488,-0.0182233823680091,CHG,AK_FK
535,Fvb5,26700001,26750000,50000,*,5482,56900,0.022289690073438,CHG,AK_FK
536,Fvb5,26750001,26800000,50000,*,13033,41383,0.0304300564331586,CHG,AK_FK
537,Fvb5,26800001,26850000,50000,*,4710,46723,0.0392629987347491,CHG,AK_FK
538,Fvb5,26850001,26900000,50000,*,3580,36347,-0.0487035802750726,CHG,AK_FK
539,Fvb5,26900001,26950000,50000,*,6830,53341,-0.0149020466794051,CHG,AK_FK
540,Fvb5,26950001,27000000,50000,*,2423,46091,-0.0198705218265336,CHG,AK_FK
541,Fvb5,27000001,27050000,50000,*,6577,51473,0.00490226377461642,CHG,AK_FK
542,Fvb5,27050001,27100000,50000,*,11004,44763,-0.0133281086055151,CHG,AK_FK
543,Fvb5,27100001,27150000,50000,*,8029,39335,0.0252590225517664,CHG,AK_FK
544,Fvb5,27150001,27200000,50000,*,10720,44195,0.0208003794731313,CHG,AK_FK
545,Fvb5,27200001,27250000,50000,*,9657,64208,-0.0310662501193705,CHG,AK_FK
546,Fvb5,27250001,27300000,50000,*,19242,32286,0.168295466117092,CHG,AK_FK
547,Fvb5,27300001,27350000,50000,*,18355,29651,0.0204458368972489,CHG,AK_FK
548,Fvb5,27350001,27400000,50000,*,24340,39331,0.0213035418068124,CHG,AK_FK
549,Fvb5,27400001,27450000,50000,*,3160,60067,0.00698288616618681,CHG,AK_FK
550,Fvb5,27450001,27500000,50000,*,4563,60590,0.019436919596267,CHG,AK_FK
551,Fvb5,27500001,27550000,50000,*,25357,37150,0.0132617220946146,CHG,AK_FK
552,Fvb5,27550001,27600000,50000,*,14031,58883,0.0363952229601114,CHG,AK_FK
553,Fvb5,27600001,27650000,50000,*,26119,47479,0.0274714803429775,CHG,AK_FK
554,Fvb5,27650001,27700000,50000,*,12404,52648,0.0219052093469695,CHG,AK_FK
555,Fvb5,27700001,27750000,50000,*,6342,54754,0.0182060088060672,CHG,AK_FK
556,Fvb5,27750001,27800000,50000,*,14295,39946,0.0163618332839363,CHG,AK_FK
557,Fvb5,27800001,27850000,50000,*,9634,40782,0.0420327314168854,CHG,AK_FK
558,Fvb5,27850001,27900000,50000,*,5117,60608,0.0027284519052253,CHG,AK_FK
559,Fvb5,27900001,27950000,50000,*,10326,52094,0.0721436413379249,CHG,AK_FK
560,Fvb5,27950001,28000000,50000,*,5298,59995,0.00623928873153119,CHG,AK_FK
561,Fvb5,28000001,28050000,50000,*,18256,38351,0.0698022266840152,CHG,AK_FK
562,Fvb5,28050001,28100000,50000,*,4583,54991,0.0166487399660785,CHG,AK_FK
563,Fvb5,28100001,28150000,50000,*,7010,40818,0.0387841744168329,CHG,AK_FK
564,Fvb5,28150001,28200000,50000,*,10129,47881,0.0338490311093612,CHG,AK_FK
565,Fvb5,28200001,28250000,50000,*,7527,38494,0.031878723719395,CHG,AK_FK
566,Fvb5,28250001,28300000,50000,*,8486,56024,0.0419918960409613,CHG,AK_FK
567,Fvb5,28300001,28350000,50000,*,7050,54427,0.021387898993836,CHG,AK_FK
568,Fvb5,28350001,28400000,50000,*,5148,49817,0.0327538666063849,CHG,AK_FK
569,Fvb5,28400001,28450000,50000,*,718,30559,-0.00158625520976763,CHG,AK_FK
570,Fvb5,28450001,28500000,50000,*,7053,36235,0.0551832505214469,CHG,AK_FK
571,Fvb5,28500001,28550000,50000,*,5261,52860,0.00190818158811705,CHG,AK_FK
572,Fvb5,28550001,28600000,50000,*,4778,18267,0.0903202115111977,CHG,AK_FK
573,Fvb5,28600001,28650000,50000,*,1433,3620,0.0392390324316885,CHG,AK_FK
574,Fvb5,28650001,28700000,50000,*,585,31626,-0.0417566446684096,CHG,AK_FK
575,Fvb5,28700001,28750000,50000,*,1730,26305,0.0137261481288961,CHG,AK_FK
576,Fvb5,28750001,28800000,50000,*,4168,41707,0.00262905046123159,CHG,AK_FK
577,Fvb5,28800001,28850000,50000,*,3367,57914,-0.0119792246956574,CHG,AK_FK
578,Fvb5,28850001,28900000,50000,*,6783,51790,0.00896702534208754,CHG,AK_FK
579,Fvb5,28900001,28950000,50000,*,11010,60416,0.0304389670406741,CHG,AK_FK
580,Fvb5,28950001,29000000,50000,*,15115,50111,0.132085639581855,CHG,AK_FK
581,Fvb5,29000001,29050000,50000,*,13928,43720,0.051209338618427,CHG,AK_FK
582,Fvb5,29050001,29100000,50000,*,6826,64142,0.0127429669338834,CHG,AK_FK
583,Fvb5,29100001,29150000,50000,*,1237,71744,0.00579217469877998,CHG,AK_FK
584,Fvb5,29150001,29200000,50000,*,9326,49651,0.00567185429373321,CHG,AK_FK
585,Fvb5,29200001,29250000,50000,*,11087,43959,0.0224936888608517,CHG,AK_FK
586,Fvb5,29250001,29300000,50000,*,17226,37649,0.0777106614220152,CHG,AK_FK
587,Fvb5,29300001,29350000,50000,*,11158,44363,0.0669064975286606,CHG,AK_FK
588,Fvb5,29350001,29400000,50000,*,22147,37538,-0.0180626934713397,CHG,AK_FK
1,Fvb5,1,50000,50000,*,17604,41660,-0.0049243471863154,CHG,AK_NK
2,Fvb5,50001,100000,50000,*,8820,44529,0.125482855923616,CHG,AK_NK
3,Fvb5,100001,150000,50000,*,1642,68774,0.00343985480682146,CHG,AK_NK
4,Fvb5,150001,200000,50000,*,4178,59552,0.0165888367088316,CHG,AK_NK
5,Fvb5,200001,250000,50000,*,924,61716,0.00549253032637067,CHG,AK_NK
6,Fvb5,250001,300000,50000,*,1306,71679,0.00399504927358316,CHG,AK_NK
7,Fvb5,300001,350000,50000,*,543,67393,0.00175638401484855,CHG,AK_NK
8,Fvb5,350001,400000,50000,*,820,73656,-0.000786214944605349,CHG,AK_NK
9,Fvb5,400001,450000,50000,*,1002,70268,0.000873003304817821,CHG,AK_NK
10,Fvb5,450001,500000,50000,*,1387,66850,0.00999138786958763,CHG,AK_NK
11,Fvb5,500001,550000,50000,*,986,59734,-0.000925306890565174,CHG,AK_NK
12,Fvb5,550001,600000,50000,*,3030,55210,0.0170572758735774,CHG,AK_NK
13,Fvb5,600001,650000,50000,*,14528,35177,0.242833958642584,CHG,AK_NK
14,Fvb5,650001,700000,50000,*,3870,68729,0.0449011704689086,CHG,AK_NK
15,Fvb5,700001,750000,50000,*,1944,58929,0.00770237542331871,CHG,AK_NK
16,Fvb5,750001,800000,50000,*,10434,69953,0.124810792564396,CHG,AK_NK
17,Fvb5,800001,850000,50000,*,1974,66171,0.000690600441285962,CHG,AK_NK
18,Fvb5,850001,900000,50000,*,2841,55805,0.0234058344868034,CHG,AK_NK
19,Fvb5,900001,950000,50000,*,1492,64093,0.0127511484862075,CHG,AK_NK
20,Fvb5,950001,1000000,50000,*,2663,34273,-0.0391541317989576,CHG,AK_NK
21,Fvb5,1000001,1050000,50000,*,10403,26086,-0.286598899806166,CHG,AK_NK
22,Fvb5,1050001,1100000,50000,*,3334,64953,0.024989598899343,CHG,AK_NK
23,Fvb5,1100001,1150000,50000,*,3563,64721,0.0359782125144268,CHG,AK_NK
24,Fvb5,1150001,1200000,50000,*,2969,69906,0.00892003012821196,CHG,AK_NK
25,Fvb5,1200001,1250000,50000,*,8998,56720,0.0964649243122243,CHG,AK_NK
26,Fvb5,1250001,1300000,50000,*,1302,66409,0.00387371302852463,CHG,AK_NK
27,Fvb5,1300001,1350000,50000,*,4087,63709,0.0171326008236135,CHG,AK_NK
28,Fvb5,1350001,1400000,50000,*,2619,65311,0.00923205715220363,CHG,AK_NK
29,Fvb5,1400001,1450000,50000,*,789,61642,0.0047144254134148,CHG,AK_NK
30,Fvb5,1450001,1500000,50000,*,6150,49063,0.0488034080553778,CHG,AK_NK
31,Fvb5,1500001,1550000,50000,*,1492,62002,0.00364435717300516,CHG,AK_NK
32,Fvb5,1550001,1600000,50000,*,2566,50563,0.000513394900157213,CHG,AK_NK
33,Fvb5,1600001,1650000,50000,*,2197,49122,0.021976230724213,CHG,AK_NK
34,Fvb5,1650001,1700000,50000,*,2301,50437,0.0168041840014166,CHG,AK_NK
35,Fvb5,1700001,1750000,50000,*,1128,61524,0.00239182653687918,CHG,AK_NK
36,Fvb5,1750001,1800000,50000,*,863,62149,0.00107364090389181,CHG,AK_NK
37,Fvb5,1800001,1850000,50000,*,7047,60722,0.0764639730989727,CHG,AK_NK
38,Fvb5,1850001,1900000,50000,*,12063,59847,0.173740747580635,CHG,AK_NK
39,Fvb5,1900001,1950000,50000,*,1150,69030,0.00107465585540103,CHG,AK_NK
40,Fvb5,1950001,2000000,50000,*,9974,63534,0.137265828510081,CHG,AK_NK
41,Fvb5,2000001,2050000,50000,*,4087,52673,0.044033875175214,CHG,AK_NK
42,Fvb5,2050001,2100000,50000,*,2143,70208,0.0136960115447691,CHG,AK_NK
43,Fvb5,2100001,2150000,50000,*,1535,45435,-0.00667873374219279,CHG,AK_NK
44,Fvb5,2150001,2200000,50000,*,2274,53806,0.0325247581906883,CHG,AK_NK
45,Fvb5,2200001,2250000,50000,*,2382,65990,0.00614031807042385,CHG,AK_NK
46,Fvb5,2250001,2300000,50000,*,2383,45713,-0.00271580529677609,CHG,AK_NK
47,Fvb5,2300001,2350000,50000,*,4316,60068,-0.012131302180664,CHG,AK_NK
48,Fvb5,2350001,2400000,50000,*,2392,58358,0.0158802209787843,CHG,AK_NK
49,Fvb5,2400001,2450000,50000,*,1839,60290,0.0174687485022136,CHG,AK_NK
50,Fvb5,2450001,2500000,50000,*,7880,59719,0.08836829103888,CHG,AK_NK
51,Fvb5,2500001,2550000,50000,*,13579,50655,0.180029548101956,CHG,AK_NK
52,Fvb5,2550001,2600000,50000,*,3430,61198,0.00820908547260282,CHG,AK_NK
53,Fvb5,2600001,2650000,50000,*,7039,60327,0.0710800797245536,CHG,AK_NK
54,Fvb5,2650001,2700000,50000,*,1232,61511,0.011728941652281,CHG,AK_NK
55,Fvb5,2700001,2750000,50000,*,6875,56959,0.0425043370559769,CHG,AK_NK
56,Fvb5,2750001,2800000,50000,*,7486,57281,0.0578148990246194,CHG,AK_NK
57,Fvb5,2800001,2850000,50000,*,23582,50501,0.130719683500514,CHG,AK_NK
58,Fvb5,2850001,2900000,50000,*,2749,57351,0.0193686799162342,CHG,AK_NK
59,Fvb5,2900001,2950000,50000,*,3465,68595,0.00857947248099602,CHG,AK_NK
60,Fvb5,2950001,3000000,50000,*,1783,63550,0.010608447654111,CHG,AK_NK
61,Fvb5,3000001,3050000,50000,*,2975,59766,0.0225064339246134,CHG,AK_NK
62,Fvb5,3050001,3100000,50000,*,1425,58535,0.00385766215963419,CHG,AK_NK
63,Fvb5,3100001,3150000,50000,*,4002,55119,0.0345016123127011,CHG,AK_NK
64,Fvb5,3150001,3200000,50000,*,2709,52702,0.0231309085937707,CHG,AK_NK
65,Fvb5,3200001,3250000,50000,*,648,71605,8.84562218932128e-05,CHG,AK_NK
66,Fvb5,3250001,3300000,50000,*,3338,47863,0.00983126548616037,CHG,AK_NK
67,Fvb5,3300001,3350000,50000,*,5894,56396,0.071313104216509,CHG,AK_NK
68,Fvb5,3350001,3400000,50000,*,360,19062,-0.0102451548473205,CHG,AK_NK
69,Fvb5,3400001,3450000,50000,*,1975,60888,0.00948662246955974,CHG,AK_NK
70,Fvb5,3450001,3500000,50000,*,3030,63194,0.0130187834705702,CHG,AK_NK
71,Fvb5,3500001,3550000,50000,*,3151,58870,0.00848330969816415,CHG,AK_NK
72,Fvb5,3550001,3600000,50000,*,5193,47309,0.0542416998966608,CHG,AK_NK
73,Fvb5,3600001,3650000,50000,*,7838,57163,0.0136373288112582,CHG,AK_NK
74,Fvb5,3650001,3700000,50000,*,5923,47399,-0.140743678911123,CHG,AK_NK
75,Fvb5,3700001,3750000,50000,*,1351,69972,0.00138430757095266,CHG,AK_NK
76,Fvb5,3750001,3800000,50000,*,10550,56387,0.0865181562775643,CHG,AK_NK
77,Fvb5,3800001,3850000,50000,*,18265,37929,0.255717853901241,CHG,AK_NK
78,Fvb5,3850001,3900000,50000,*,3839,59070,0.0362205890564948,CHG,AK_NK
79,Fvb5,3900001,3950000,50000,*,2882,62048,-0.0353771887948542,CHG,AK_NK
80,Fvb5,3950001,4000000,50000,*,1246,60583,0.00483770481663504,CHG,AK_NK
81,Fvb5,4000001,4050000,50000,*,2768,32910,0.00744931354193575,CHG,AK_NK
82,Fvb5,4050001,4100000,50000,*,1089,1523,-0.0181603980963014,CHG,AK_NK
83,Fvb5,4100001,4150000,50000,*,274,19665,0.00259294417602808,CHG,AK_NK
84,Fvb5,4150001,4200000,50000,*,2906,68624,0.0195317000781121,CHG,AK_NK
85,Fvb5,4200001,4250000,50000,*,6496,51807,0.0350744490654561,CHG,AK_NK
86,Fvb5,4250001,4300000,50000,*,1086,45551,0.011332150033854,CHG,AK_NK
87,Fvb5,4300001,4350000,50000,*,13466,48305,-0.0273521353474627,CHG,AK_NK
88,Fvb5,4350001,4400000,50000,*,1981,62520,0.015709571939365,CHG,AK_NK
89,Fvb5,4400001,4450000,50000,*,3172,45636,0.0248937353197148,CHG,AK_NK
90,Fvb5,4450001,4500000,50000,*,36258,73450,0.185690450808167,CHG,AK_NK
91,Fvb5,4500001,4550000,50000,*,5530,61898,0.00250415986268175,CHG,AK_NK
92,Fvb5,4550001,4600000,50000,*,1964,61763,0.0131418880882,CHG,AK_NK
93,Fvb5,4600001,4650000,50000,*,5269,42281,-0.0383576062191282,CHG,AK_NK
94,Fvb5,4650001,4700000,50000,*,2994,20152,-0.0494365548898026,CHG,AK_NK
95,Fvb5,4700001,4750000,50000,*,7878,49932,0.0068481056999368,CHG,AK_NK
96,Fvb5,4750001,4800000,50000,*,1090,66004,0.00395844439905887,CHG,AK_NK
97,Fvb5,4800001,4850000,50000,*,2195,55785,0.0160982879709593,CHG,AK_NK
98,Fvb5,4850001,4900000,50000,*,3507,71825,0.0381463882308373,CHG,AK_NK
99,Fvb5,4900001,4950000,50000,*,3966,58948,0.0343443801682352,CHG,AK_NK
100,Fvb5,4950001,5000000,50000,*,1914,49939,0.0109244484956336,CHG,AK_NK
101,Fvb5,5000001,5050000,50000,*,5398,46688,-0.0468525220084996,CHG,AK_NK
102,Fvb5,5050001,5100000,50000,*,10235,43745,0.124800396930586,CHG,AK_NK
103,Fvb5,5100001,5150000,50000,*,17607,50791,0.0966812405868281,CHG,AK_NK
104,Fvb5,5150001,5200000,50000,*,8071,50566,0.0203109301385564,CHG,AK_NK
105,Fvb5,5200001,5250000,50000,*,2471,61807,0.00612699247141923,CHG,AK_NK
106,Fvb5,5250001,5300000,50000,*,3153,54934,0.0147553547213032,CHG,AK_NK
107,Fvb5,5300001,5350000,50000,*,2766,63080,0.011673967637524,CHG,AK_NK
108,Fvb5,5350001,5400000,50000,*,3954,52381,0.0397492459150334,CHG,AK_NK
109,Fvb5,5400001,5450000,50000,*,2072,63301,-0.00105267828268434,CHG,AK_NK
110,Fvb5,5450001,5500000,50000,*,2076,65013,0.0149834948202531,CHG,AK_NK
111,Fvb5,5500001,5550000,50000,*,1647,68707,0.00588230282698927,CHG,AK_NK
112,Fvb5,5550001,5600000,50000,*,4913,60865,0.00190962232995687,CHG,AK_NK
113,Fvb5,5600001,5650000,50000,*,4223,58852,0.00749778385170455,CHG,AK_NK
114,Fvb5,5650001,5700000,50000,*,1545,65588,-0.00101271788287729,CHG,AK_NK
115,Fvb5,5700001,5750000,50000,*,653,56415,0.0011557930453629,CHG,AK_NK
116,Fvb5,5750001,5800000,50000,*,3420,54375,0.00847923677381827,CHG,AK_NK
117,Fvb5,5800001,5850000,50000,*,3714,63144,-0.0013113847648976,CHG,AK_NK
118,Fvb5,5850001,5900000,50000,*,11090,56525,0.000754687028834994,CHG,AK_NK
119,Fvb5,5900001,5950000,50000,*,905,65620,0.00233142510591154,CHG,AK_NK
120,Fvb5,5950001,6000000,50000,*,8088,71436,0.0998376685668253,CHG,AK_NK
121,Fvb5,6000001,6050000,50000,*,3445,64518,0.0177215910255273,CHG,AK_NK
122,Fvb5,6050001,6100000,50000,*,2581,56305,-0.00301439798149322,CHG,AK_NK
123,Fvb5,6100001,6150000,50000,*,3666,54905,0.024670573747639,CHG,AK_NK
124,Fvb5,6150001,6200000,50000,*,2074,57933,0.0151251245876367,CHG,AK_NK
125,Fvb5,6200001,6250000,50000,*,1678,56397,0.00432725899989835,CHG,AK_NK
126,Fvb5,6250001,6300000,50000,*,486,20058,-0.0034697967443709,CHG,AK_NK
127,Fvb5,6300001,6350000,50000,*,1559,3020,-0.159869476808585,CHG,AK_NK
128,Fvb5,6350001,6400000,50000,*,3223,22188,0.108296280727958,CHG,AK_NK
129,Fvb5,6400001,6450000,50000,*,4605,43335,-0.0351816499913782,CHG,AK_NK
130,Fvb5,6450001,6500000,50000,*,1661,56490,0.0116743913995011,CHG,AK_NK
131,Fvb5,6500001,6550000,50000,*,1259,68124,0.00698976184413913,CHG,AK_NK
132,Fvb5,6550001,6600000,50000,*,7767,51980,0.0433124018144115,CHG,AK_NK
133,Fvb5,6600001,6650000,50000,*,2391,59288,-0.0998288654782214,CHG,AK_NK
134,Fvb5,6650001,6700000,50000,*,663,48064,0.00328579896078608,CHG,AK_NK
135,Fvb5,6700001,6750000,50000,*,3335,63064,0.00914378333546475,CHG,AK_NK
136,Fvb5,6750001,6800000,50000,*,5358,58192,0.0613684068111599,CHG,AK_NK
137,Fvb5,6800001,6850000,50000,*,2245,62562,0.0122438290245058,CHG,AK_NK
138,Fvb5,6850001,6900000,50000,*,3183,60812,0.0191782131980541,CHG,AK_NK
139,Fvb5,6900001,6950000,50000,*,9403,61920,0.131978447263331,CHG,AK_NK
140,Fvb5,6950001,7000000,50000,*,16268,42211,0.141943373474192,CHG,AK_NK
141,Fvb5,7000001,7050000,50000,*,9972,53381,-0.0212823859070437,CHG,AK_NK
142,Fvb5,7050001,7100000,50000,*,6327,65163,0.0218564159190928,CHG,AK_NK
143,Fvb5,7100001,7150000,50000,*,1887,65384,-0.00275111669208258,CHG,AK_NK
144,Fvb5,7150001,7200000,50000,*,2254,64490,0.00530731451482768,CHG,AK_NK
145,Fvb5,7200001,7250000,50000,*,6358,56797,0.00546515861787632,CHG,AK_NK
146,Fvb5,7250001,7300000,50000,*,1453,69482,0.00709835795264036,CHG,AK_NK
147,Fvb5,7300001,7350000,50000,*,1902,70353,0.00348389902606674,CHG,AK_NK
148,Fvb5,7350001,7400000,50000,*,3875,67546,0.0218623195278275,CHG,AK_NK
149,Fvb5,7400001,7450000,50000,*,5867,43575,0.0415657663648292,CHG,AK_NK
150,Fvb5,7450001,7500000,50000,*,3737,34991,-0.00264860945450619,CHG,AK_NK
151,Fvb5,7500001,7550000,50000,*,1421,66122,0.0098260233225051,CHG,AK_NK
152,Fvb5,7550001,7600000,50000,*,5722,55485,-0.0456222572256135,CHG,AK_NK
153,Fvb5,7600001,7650000,50000,*,3008,49402,0.0174710749370846,CHG,AK_NK
154,Fvb5,7650001,7700000,50000,*,4452,45728,0.0390218228095741,CHG,AK_NK
155,Fvb5,7700001,7750000,50000,*,812,64526,0.00446719151969749,CHG,AK_NK
156,Fvb5,7750001,7800000,50000,*,3878,59179,0.0463117486842257,CHG,AK_NK
157,Fvb5,7800001,7850000,50000,*,2306,49182,0.0352652082835908,CHG,AK_NK
158,Fvb5,7850001,7900000,50000,*,6553,50614,0.0929358110561154,CHG,AK_NK
159,Fvb5,7900001,7950000,50000,*,5600,55780,0.0122568542205226,CHG,AK_NK
160,Fvb5,7950001,8000000,50000,*,4274,60424,0.0189495138412806,CHG,AK_NK
161,Fvb5,8000001,8050000,50000,*,2338,63337,0.0123339681636973,CHG,AK_NK
162,Fvb5,8050001,8100000,50000,*,6341,51029,0.0563214976950823,CHG,AK_NK
163,Fvb5,8100001,8150000,50000,*,2072,64701,0.00105950583844465,CHG,AK_NK
164,Fvb5,8150001,8200000,50000,*,5299,50659,-0.000954428522188355,CHG,AK_NK
165,Fvb5,8200001,8250000,50000,*,1284,61389,0.00184379062121333,CHG,AK_NK
166,Fvb5,8250001,8300000,50000,*,7567,49299,0.0972297496277255,CHG,AK_NK
167,Fvb5,8300001,8350000,50000,*,3331,55602,0.0163099734117966,CHG,AK_NK
168,Fvb5,8350001,8400000,50000,*,6009,35971,0.0215241837564687,CHG,AK_NK
169,Fvb5,8400001,8450000,50000,*,1802,59842,-0.052440503403307,CHG,AK_NK
170,Fvb5,8450001,8500000,50000,*,4448,50488,0.0147317944138528,CHG,AK_NK
171,Fvb5,8500001,8550000,50000,*,1870,66327,0.00574740188327813,CHG,AK_NK
172,Fvb5,8550001,8600000,50000,*,1432,66339,0.00126115764633703,CHG,AK_NK
173,Fvb5,8600001,8650000,50000,*,5204,60054,0.0284440721869677,CHG,AK_NK
174,Fvb5,8650001,8700000,50000,*,11029,61318,-0.00513478377116469,CHG,AK_NK
175,Fvb5,8700001,8750000,50000,*,1849,76202,0.00554707543432043,CHG,AK_NK
176,Fvb5,8750001,8800000,50000,*,7847,58227,-0.00218784060702923,CHG,AK_NK
177,Fvb5,8800001,8850000,50000,*,7032,32760,0.0244868206450995,CHG,AK_NK
178,Fvb5,8850001,8900000,50000,*,4693,58600,-0.0165340242540098,CHG,AK_NK
179,Fvb5,8900001,8950000,50000,*,3702,56788,0.0271624521260338,CHG,AK_NK
180,Fvb5,8950001,9000000,50000,*,3135,66860,-0.00150410222909617,CHG,AK_NK
181,Fvb5,9000001,9050000,50000,*,12989,59459,0.106256335134655,CHG,AK_NK
182,Fvb5,9050001,9100000,50000,*,3156,55509,0.0357479920100265,CHG,AK_NK
183,Fvb5,9100001,9150000,50000,*,15542,54234,0.147790852463795,CHG,AK_NK
184,Fvb5,9150001,9200000,50000,*,13628,27358,-0.129225734875471,CHG,AK_NK
185,Fvb5,9200001,9250000,50000,*,6761,55314,0.0724659893268332,CHG,AK_NK
186,Fvb5,9250001,9300000,50000,*,3216,57241,0.0377087283836847,CHG,AK_NK
187,Fvb5,9300001,9350000,50000,*,1340,62778,0.00466017324041871,CHG,AK_NK
188,Fvb5,9350001,9400000,50000,*,5490,55134,0.0730613396255843,CHG,AK_NK
189,Fvb5,9400001,9450000,50000,*,8906,45901,0.0110246601665424,CHG,AK_NK
190,Fvb5,9450001,9500000,50000,*,5685,43664,0.0777531521133131,CHG,AK_NK
191,Fvb5,9500001,9550000,50000,*,2148,58064,0.0157844715166046,CHG,AK_NK
192,Fvb5,9550001,9600000,50000,*,7949,49640,0.052378558953883,CHG,AK_NK
193,Fvb5,9600001,9650000,50000,*,605,61420,0.00255230746582381,CHG,AK_NK
194,Fvb5,9650001,9700000,50000,*,1495,68149,0.0139269626350172,CHG,AK_NK
195,Fvb5,9700001,9750000,50000,*,4083,57039,0.0260232606808503,CHG,AK_NK
196,Fvb5,9750001,9800000,50000,*,2379,52236,0.00425039252681838,CHG,AK_NK
197,Fvb5,9800001,9850000,50000,*,4960,60971,0.0218255250970321,CHG,AK_NK
198,Fvb5,9850001,9900000,50000,*,1877,60993,0.00973518511658538,CHG,AK_NK
199,Fvb5,9900001,9950000,50000,*,20377,50907,0.340902022719284,CHG,AK_NK
200,Fvb5,9950001,10000000,50000,*,4765,61923,0.0469659690062217,CHG,AK_NK
201,Fvb5,10000001,10050000,50000,*,731,63037,0.00202026598092276,CHG,AK_NK
202,Fvb5,10050001,10100000,50000,*,3574,54312,0.0187035293665584,CHG,AK_NK
203,Fvb5,10100001,10150000,50000,*,6693,53972,0.0211268766818142,CHG,AK_NK
204,Fvb5,10150001,10200000,50000,*,1482,64558,0.00335004364315727,CHG,AK_NK
205,Fvb5,10200001,10250000,50000,*,4663,55804,0.00561341039588367,CHG,AK_NK
206,Fvb5,10250001,10300000,50000,*,13119,46382,0.114346036821583,CHG,AK_NK
207,Fvb5,10300001,10350000,50000,*,8374,56191,0.0668559297024021,CHG,AK_NK
208,Fvb5,10350001,10400000,50000,*,5568,47668,0.019494797102626,CHG,AK_NK
209,Fvb5,10400001,10450000,50000,*,3251,69913,0.013463764965445,CHG,AK_NK
210,Fvb5,10450001,10500000,50000,*,5432,42063,0.00869458970334604,CHG,AK_NK
211,Fvb5,10500001,10550000,50000,*,7678,50980,0.0313059753447333,CHG,AK_NK
212,Fvb5,10550001,10600000,50000,*,4335,53845,0.00699876972608487,CHG,AK_NK
213,Fvb5,10600001,10650000,50000,*,3971,25496,-0.117682217870053,CHG,AK_NK
214,Fvb5,10650001,10700000,50000,*,4586,59083,0.0263557104209076,CHG,AK_NK
215,Fvb5,10700001,10750000,50000,*,5147,57780,0.0142488749848512,CHG,AK_NK
216,Fvb5,10750001,10800000,50000,*,5499,53607,0.0365908150816141,CHG,AK_NK
217,Fvb5,10800001,10850000,50000,*,8222,46520,-0.0451238943730456,CHG,AK_NK
218,Fvb5,10850001,10900000,50000,*,2142,58277,0.0225086660951051,CHG,AK_NK
219,Fvb5,10900001,10950000,50000,*,6326,43871,0.0927736812613369,CHG,AK_NK
220,Fvb5,10950001,11000000,50000,*,1998,49565,-0.0211144728161429,CHG,AK_NK
221,Fvb5,11000001,11050000,50000,*,4750,59452,-0.00162689522472961,CHG,AK_NK
222,Fvb5,11050001,11100000,50000,*,6806,53326,0.0870739976077153,CHG,AK_NK
223,Fvb5,11100001,11150000,50000,*,11893,46192,0.0277244415724003,CHG,AK_NK
224,Fvb5,11150001,11200000,50000,*,10764,41349,0.20998889574431,CHG,AK_NK
225,Fvb5,11200001,11250000,50000,*,6427,43947,0.091758766636229,CHG,AK_NK
226,Fvb5,11250001,11300000,50000,*,12287,44522,0.211659346996443,CHG,AK_NK
227,Fvb5,11300001,11350000,50000,*,8555,52202,0.127648602634423,CHG,AK_NK
228,Fvb5,11350001,11400000,50000,*,5865,41104,0.0326136292947323,CHG,AK_NK
229,Fvb5,11400001,11450000,50000,*,1744,9308,0.15826517781825,CHG,AK_NK
230,Fvb5,11450001,11500000,50000,*,12133,48387,0.202496714261691,CHG,AK_NK
231,Fvb5,11500001,11550000,50000,*,4181,59962,0.0316435904794647,CHG,AK_NK
232,Fvb5,11550001,11600000,50000,*,14759,44198,0.0556688228486505,CHG,AK_NK
233,Fvb5,11600001,11650000,50000,*,4691,51592,0.0393102764583287,CHG,AK_NK
234,Fvb5,11650001,11700000,50000,*,9560,42681,0.0613470970745054,CHG,AK_NK
235,Fvb5,11700001,11750000,50000,*,4713,32764,0.0151967499488077,CHG,AK_NK
236,Fvb5,11750001,11800000,50000,*,9687,37125,0.0445108927718023,CHG,AK_NK
237,Fvb5,11800001,11850000,50000,*,4679,50896,0.0198432052024859,CHG,AK_NK
238,Fvb5,11850001,11900000,50000,*,7703,41583,0.0991894356067731,CHG,AK_NK
239,Fvb5,11900001,11950000,50000,*,10170,47353,0.119634916885352,CHG,AK_NK
240,Fvb5,11950001,12000000,50000,*,4392,48551,0.00700127514918482,CHG,AK_NK
241,Fvb5,12000001,12050000,50000,*,3173,53831,0.0158019383733804,CHG,AK_NK
242,Fvb5,12050001,12100000,50000,*,8716,42370,0.147366422517351,CHG,AK_NK
243,Fvb5,12100001,12150000,50000,*,7927,47685,0.0166336050765761,CHG,AK_NK
244,Fvb5,12150001,12200000,50000,*,4109,44055,0.0541275835041391,CHG,AK_NK
245,Fvb5,12200001,12250000,50000,*,10401,47197,0.102164630532993,CHG,AK_NK
246,Fvb5,12250001,12300000,50000,*,1174,61826,0.0106305910690052,CHG,AK_NK
247,Fvb5,12300001,12350000,50000,*,4413,59681,0.0107372526289128,CHG,AK_NK
248,Fvb5,12350001,12400000,50000,*,1216,61824,0.00530485197112212,CHG,AK_NK
249,Fvb5,12400001,12450000,50000,*,7843,43783,0.0935850596534891,CHG,AK_NK
250,Fvb5,12450001,12500000,50000,*,4665,47734,0.0144269654948441,CHG,AK_NK
251,Fvb5,12500001,12550000,50000,*,7529,55350,0.0280858082051984,CHG,AK_NK
252,Fvb5,12550001,12600000,50000,*,24845,39865,0.0563598951119764,CHG,AK_NK
253,Fvb5,12600001,12650000,50000,*,9042,56161,0.0434442090006477,CHG,AK_NK
254,Fvb5,12650001,12700000,50000,*,8544,52987,0.0204987289662296,CHG,AK_NK
255,Fvb5,12700001,12750000,50000,*,7923,54885,0.0413440512612328,CHG,AK_NK
256,Fvb5,12750001,12800000,50000,*,25277,41333,0.0212252543972129,CHG,AK_NK
257,Fvb5,12800001,12850000,50000,*,7343,39645,0.124844716281458,CHG,AK_NK
258,Fvb5,12850001,12900000,50000,*,4673,50839,0.0161729414467784,CHG,AK_NK
259,Fvb5,12900001,12950000,50000,*,8858,53454,0.0322794690796485,CHG,AK_NK
260,Fvb5,12950001,13000000,50000,*,15992,55286,0.201734436930874,CHG,AK_NK
261,Fvb5,13000001,13050000,50000,*,6221,52207,0.0257740776736188,CHG,AK_NK
262,Fvb5,13050001,13100000,50000,*,4388,58695,0.0329257765077097,CHG,AK_NK
263,Fvb5,13100001,13150000,50000,*,5461,60589,0.00615158453677316,CHG,AK_NK
264,Fvb5,13150001,13200000,50000,*,21695,50305,0.116697124912585,CHG,AK_NK
265,Fvb5,13200001,13250000,50000,*,7431,42079,0.0383240252213393,CHG,AK_NK
266,Fvb5,13250001,13300000,50000,*,22025,38385,0.0358961978996957,CHG,AK_NK
267,Fvb5,13300001,13350000,50000,*,19416,55436,0.0940536013699501,CHG,AK_NK
268,Fvb5,13350001,13400000,50000,*,5897,36610,0.0322326257984508,CHG,AK_NK
269,Fvb5,13400001,13450000,50000,*,13488,44390,0.0774138563063758,CHG,AK_NK
270,Fvb5,13450001,13500000,50000,*,12120,44261,0.102236836953317,CHG,AK_NK
271,Fvb5,13500001,13550000,50000,*,13146,40808,0.0620162704790577,CHG,AK_NK
272,Fvb5,13550001,13600000,50000,*,7605,12197,0.0361656890348265,CHG,AK_NK
273,Fvb5,13600001,13650000,50000,*,8947,18345,0.0433783826970916,CHG,AK_NK
274,Fvb5,13650001,13700000,50000,*,6361,36850,0.0475779681195056,CHG,AK_NK
275,Fvb5,13700001,13750000,50000,*,16246,42315,0.0879385120643743,CHG,AK_NK
276,Fvb5,13750001,13800000,50000,*,8979,47974,0.0603540465998456,CHG,AK_NK
277,Fvb5,13800001,13850000,50000,*,3930,56102,0.0347091477520274,CHG,AK_NK
278,Fvb5,13850001,13900000,50000,*,6011,48262,0.0175095492692301,CHG,AK_NK
279,Fvb5,13900001,13950000,50000,*,10683,41705,0.0139006587019809,CHG,AK_NK
280,Fvb5,13950001,14000000,50000,*,7727,57502,0.0559235187261169,CHG,AK_NK
281,Fvb5,14000001,14050000,50000,*,6924,54400,0.00696007313607888,CHG,AK_NK
282,Fvb5,14050001,14100000,50000,*,17052,48694,0.072195592588375,CHG,AK_NK
283,Fvb5,14100001,14150000,50000,*,10270,62166,-0.0150723356629347,CHG,AK_NK
284,Fvb5,14150001,14200000,50000,*,9566,46583,0.0215751690400045,CHG,AK_NK
285,Fvb5,14200001,14250000,50000,*,14112,21229,-0.0899594692058577,CHG,AK_NK
286,Fvb5,14250001,14300000,50000,*,12966,40743,0.104946458343856,CHG,AK_NK
287,Fvb5,14300001,14350000,50000,*,7226,41481,0.0290554929546468,CHG,AK_NK
288,Fvb5,14350001,14400000,50000,*,12681,46538,0.0475605126509872,CHG,AK_NK
289,Fvb5,14400001,14450000,50000,*,7685,52614,0.0249509218646054,CHG,AK_NK
290,Fvb5,14450001,14500000,50000,*,6208,53106,0.0152774244173063,CHG,AK_NK
291,Fvb5,14500001,14550000,50000,*,22230,37728,0.0206090693693279,CHG,AK_NK
292,Fvb5,14550001,14600000,50000,*,6379,55577,0.033861721123095,CHG,AK_NK
293,Fvb5,14600001,14650000,50000,*,13804,45695,0.0342754198174371,CHG,AK_NK
294,Fvb5,14650001,14700000,50000,*,15130,46531,0.024940150137746,CHG,AK_NK
295,Fvb5,14700001,14750000,50000,*,9675,51900,0.0233214729369254,CHG,AK_NK
296,Fvb5,14750001,14800000,50000,*,12289,57472,0.040062219315168,CHG,AK_NK
297,Fvb5,14800001,14850000,50000,*,14216,48062,0.0403496047367732,CHG,AK_NK
298,Fvb5,14850001,14900000,50000,*,8450,40214,0.03015111373564,CHG,AK_NK
299,Fvb5,14900001,14950000,50000,*,12865,46096,0.0168586623669646,CHG,AK_NK
300,Fvb5,14950001,15000000,50000,*,9497,47208,0.00805239296362625,CHG,AK_NK
301,Fvb5,15000001,15050000,50000,*,13138,30580,0.0859414949353749,CHG,AK_NK
302,Fvb5,15050001,15100000,50000,*,14335,58400,0.112896230256856,CHG,AK_NK
303,Fvb5,15100001,15150000,50000,*,10282,47256,0.034701294864579,CHG,AK_NK
304,Fvb5,15150001,15200000,50000,*,12698,36455,0.0199437095673315,CHG,AK_NK
305,Fvb5,15200001,15250000,50000,*,5367,51109,0.0226889998188384,CHG,AK_NK
306,Fvb5,15250001,15300000,50000,*,6750,60398,0.0313183908362196,CHG,AK_NK
307,Fvb5,15300001,15350000,50000,*,28268,43521,0.286082483826581,CHG,AK_NK
308,Fvb5,15350001,15400000,50000,*,22635,42157,0.0499728711276907,CHG,AK_NK
309,Fvb5,15400001,15450000,50000,*,9574,56880,0.106304047048746,CHG,AK_NK
310,Fvb5,15450001,15500000,50000,*,14044,41780,0.172234304803209,CHG,AK_NK
311,Fvb5,15500001,15550000,50000,*,16993,22959,-0.0389438993345936,CHG,AK_NK
312,Fvb5,15550001,15600000,50000,*,19110,33386,0.0760825597918285,CHG,AK_NK
313,Fvb5,15600001,15650000,50000,*,22293,35688,0.234086244923072,CHG,AK_NK
314,Fvb5,15650001,15700000,50000,*,18333,34386,0.109155334865306,CHG,AK_NK
315,Fvb5,15700001,15750000,50000,*,13660,44314,0.0740579365952312,CHG,AK_NK
316,Fvb5,15750001,15800000,50000,*,12835,54500,0.1463731092289,CHG,AK_NK
317,Fvb5,15800001,15850000,50000,*,9088,59981,0.0573283645214298,CHG,AK_NK
318,Fvb5,15850001,15900000,50000,*,16493,48531,0.148696218752818,CHG,AK_NK
319,Fvb5,15900001,15950000,50000,*,14173,80335,0.117593549760932,CHG,AK_NK
320,Fvb5,15950001,16000000,50000,*,24330,51229,0.129831646897235,CHG,AK_NK
321,Fvb5,16000001,16050000,50000,*,3415,49443,0.0296798567542568,CHG,AK_NK
322,Fvb5,16050001,16100000,50000,*,13521,58057,0.161099605425837,CHG,AK_NK
323,Fvb5,16100001,16150000,50000,*,20185,46616,0.102642538657577,CHG,AK_NK
324,Fvb5,16150001,16200000,50000,*,21511,35370,0.107688606108888,CHG,AK_NK
325,Fvb5,16200001,16250000,50000,*,25546,34827,0.00695279757317835,CHG,AK_NK
326,Fvb5,16250001,16300000,50000,*,13282,47100,0.0149758737455065,CHG,AK_NK
327,Fvb5,16300001,16350000,50000,*,25626,47707,0.0918646785908446,CHG,AK_NK
328,Fvb5,16350001,16400000,50000,*,21451,29138,0.00823956705561013,CHG,AK_NK
329,Fvb5,16400001,16450000,50000,*,24311,33766,-0.0207759071112859,CHG,AK_NK
330,Fvb5,16450001,16500000,50000,*,14496,38591,0.0147408368884879,CHG,AK_NK
331,Fvb5,16500001,16550000,50000,*,13625,22191,0.0599225211220559,CHG,AK_NK
332,Fvb5,16550001,16600000,50000,*,11309,52348,0.0202124351104494,CHG,AK_NK
333,Fvb5,16600001,16650000,50000,*,7716,47022,0.0698311080059491,CHG,AK_NK
334,Fvb5,16650001,16700000,50000,*,19582,31338,0.0602079455795828,CHG,AK_NK
335,Fvb5,16700001,16750000,50000,*,7444,39625,0.0487003939764998,CHG,AK_NK
336,Fvb5,16750001,16800000,50000,*,7631,46678,0.0268479012594586,CHG,AK_NK
337,Fvb5,16800001,16850000,50000,*,7011,35861,0.1056423028717,CHG,AK_NK
338,Fvb5,16850001,16900000,50000,*,16029,42223,-0.0111541871565867,CHG,AK_NK
339,Fvb5,16900001,16950000,50000,*,7043,54536,0.0106067118212112,CHG,AK_NK
340,Fvb5,16950001,17000000,50000,*,13320,40777,0.0889286336429077,CHG,AK_NK
341,Fvb5,17000001,17050000,50000,*,15946,34328,0.0160284051496305,CHG,AK_NK
342,Fvb5,17050001,17100000,50000,*,4367,26890,-0.111035628923874,CHG,AK_NK
343,Fvb5,17100001,17150000,50000,*,11775,53496,0.0675246175387369,CHG,AK_NK
344,Fvb5,17150001,17200000,50000,*,20556,43661,0.0656147813861109,CHG,AK_NK
345,Fvb5,17200001,17250000,50000,*,10086,53819,0.0316659290933763,CHG,AK_NK
346,Fvb5,17250001,17300000,50000,*,13389,39457,0.022903346810878,CHG,AK_NK
347,Fvb5,17300001,17350000,50000,*,8969,53755,0.0552091257162202,CHG,AK_NK
348,Fvb5,17350001,17400000,50000,*,7508,52035,0.00556409454356621,CHG,AK_NK
349,Fvb5,17400001,17450000,50000,*,21253,52750,0.056059458915524,CHG,AK_NK
350,Fvb5,17450001,17500000,50000,*,19584,42285,0.132435751011462,CHG,AK_NK
351,Fvb5,17500001,17550000,50000,*,5692,51682,0.0493315371444171,CHG,AK_NK
352,Fvb5,17550001,17600000,50000,*,10327,55838,0.0296062904239093,CHG,AK_NK
353,Fvb5,17600001,17650000,50000,*,11906,38512,0.0993557659302023,CHG,AK_NK
354,Fvb5,17650001,17700000,50000,*,21148,47283,0.118323445668879,CHG,AK_NK
355,Fvb5,17700001,17750000,50000,*,28705,50038,0.0559348477058227,CHG,AK_NK
356,Fvb5,17750001,17800000,50000,*,24451,45840,0.0980657863178117,CHG,AK_NK
357,Fvb5,17800001,17850000,50000,*,14817,33326,0.105854426185143,CHG,AK_NK
358,Fvb5,17850001,17900000,50000,*,8777,48229,0.0828838469566436,CHG,AK_NK
359,Fvb5,17900001,17950000,50000,*,12356,56525,0.116868312587448,CHG,AK_NK
360,Fvb5,17950001,18000000,50000,*,8806,48341,0.0341611750688659,CHG,AK_NK
361,Fvb5,18000001,18050000,50000,*,15151,41389,0.108063219045047,CHG,AK_NK
362,Fvb5,18050001,18100000,50000,*,14105,35846,0.153171218250951,CHG,AK_NK
363,Fvb5,18100001,18150000,50000,*,8134,45918,0.0703899192691684,CHG,AK_NK
364,Fvb5,18150001,18200000,50000,*,2180,56229,0.0157717959643278,CHG,AK_NK
365,Fvb5,18200001,18250000,50000,*,9612,49432,0.0157311030630245,CHG,AK_NK
366,Fvb5,18250001,18300000,50000,*,8186,122026,0.0279569308438182,CHG,AK_NK
367,Fvb5,18300001,18350000,50000,*,16334,45070,0.0812733045109874,CHG,AK_NK
368,Fvb5,18350001,18400000,50000,*,6808,48796,0.00781439654050947,CHG,AK_NK
369,Fvb5,18400001,18450000,50000,*,856,65553,0.0028068434131106,CHG,AK_NK
370,Fvb5,18450001,18500000,50000,*,10203,50515,0.0585855379867586,CHG,AK_NK
371,Fvb5,18500001,18550000,50000,*,3367,56372,-0.0075427227509911,CHG,AK_NK
372,Fvb5,18550001,18600000,50000,*,3254,47943,0.0244499426912066,CHG,AK_NK
373,Fvb5,18600001,18650000,50000,*,8860,42885,0.0406970525451571,CHG,AK_NK
374,Fvb5,18650001,18700000,50000,*,18911,41185,0.0674999401671481,CHG,AK_NK
375,Fvb5,18700001,18750000,50000,*,2288,57445,-0.16998175331265,CHG,AK_NK
376,Fvb5,18750001,18800000,50000,*,6608,45169,-0.0475634387471917,CHG,AK_NK
377,Fvb5,18800001,18850000,50000,*,1612,55367,0.00655410293834876,CHG,AK_NK
378,Fvb5,18850001,18900000,50000,*,7360,52606,0.0404461655069566,CHG,AK_NK
379,Fvb5,18900001,18950000,50000,*,9985,34195,0.0360552893937008,CHG,AK_NK
380,Fvb5,18950001,19000000,50000,*,5398,56277,0.0466547023810164,CHG,AK_NK
381,Fvb5,19000001,19050000,50000,*,13801,33022,0.0699995505114443,CHG,AK_NK
382,Fvb5,19050001,19100000,50000,*,9827,48786,0.0720662903463693,CHG,AK_NK
383,Fvb5,19100001,19150000,50000,*,5199,42911,0.030997604398667,CHG,AK_NK
384,Fvb5,19150001,19200000,50000,*,15957,46151,-0.0040851030979065,CHG,AK_NK
385,Fvb5,19200001,19250000,50000,*,18162,46583,-0.0138891076998331,CHG,AK_NK
386,Fvb5,19250001,19300000,50000,*,12369,50509,0.0594411399900331,CHG,AK_NK
387,Fvb5,19300001,19350000,50000,*,8889,48390,0.0191717936993772,CHG,AK_NK
388,Fvb5,19350001,19400000,50000,*,6839,61802,0.048992014577739,CHG,AK_NK
389,Fvb5,19400001,19450000,50000,*,6566,42166,0.00153476345521292,CHG,AK_NK
390,Fvb5,19450001,19500000,50000,*,9635,43933,0.123898223140364,CHG,AK_NK
391,Fvb5,19500001,19550000,50000,*,12668,35695,0.151490318541868,CHG,AK_NK
392,Fvb5,19550001,19600000,50000,*,13986,26558,0.266352620360315,CHG,AK_NK
393,Fvb5,19600001,19650000,50000,*,13346,28942,-0.0204190772017181,CHG,AK_NK
394,Fvb5,19650001,19700000,50000,*,7757,25402,-0.139506579600048,CHG,AK_NK
395,Fvb5,19700001,19750000,50000,*,13951,20615,0.186339691935227,CHG,AK_NK
396,Fvb5,19750001,19800000,50000,*,14638,40244,0.0680940408171463,CHG,AK_NK
397,Fvb5,19800001,19850000,50000,*,8684,48260,0.0216951628140097,CHG,AK_NK
398,Fvb5,19850001,19900000,50000,*,3454,48887,0.0215933259847153,CHG,AK_NK
399,Fvb5,19900001,19950000,50000,*,5286,51055,0.0128355303957737,CHG,AK_NK
400,Fvb5,19950001,20000000,50000,*,3758,49956,0.0377219372072313,CHG,AK_NK
401,Fvb5,20000001,20050000,50000,*,3972,48511,0.0270754881661264,CHG,AK_NK
402,Fvb5,20050001,20100000,50000,*,9570,48125,-0.035343212308427,CHG,AK_NK
403,Fvb5,20100001,20150000,50000,*,2308,51401,0.00648832086522121,CHG,AK_NK
404,Fvb5,20150001,20200000,50000,*,6171,49507,0.0128236488145429,CHG,AK_NK
405,Fvb5,20200001,20250000,50000,*,3947,62575,0.0223279113870335,CHG,AK_NK
406,Fvb5,20250001,20300000,50000,*,13041,40904,0.0425093162783576,CHG,AK_NK
407,Fvb5,20300001,20350000,50000,*,7056,60892,0.0508341552847937,CHG,AK_NK
408,Fvb5,20350001,20400000,50000,*,8535,36395,-0.0264116280491371,CHG,AK_NK
409,Fvb5,20400001,20450000,50000,*,8333,55353,0.0857178911101589,CHG,AK_NK
410,Fvb5,20450001,20500000,50000,*,7155,52527,0.0910298155097552,CHG,AK_NK
411,Fvb5,20500001,20550000,50000,*,11679,36059,0.137759751330859,CHG,AK_NK
412,Fvb5,20550001,20600000,50000,*,2749,49275,0.0128312470226128,CHG,AK_NK
413,Fvb5,20600001,20650000,50000,*,3873,44922,0.0497336203977594,CHG,AK_NK
414,Fvb5,20650001,20700000,50000,*,6890,48124,-0.00185118376673607,CHG,AK_NK
415,Fvb5,20700001,20750000,50000,*,9569,39438,0.0408051735546755,CHG,AK_NK
416,Fvb5,20750001,20800000,50000,*,3057,52183,0.0203261065605435,CHG,AK_NK
417,Fvb5,20800001,20850000,50000,*,10621,50534,0.0131734389281492,CHG,AK_NK
418,Fvb5,20850001,20900000,50000,*,24255,40953,0.226532215754052,CHG,AK_NK
419,Fvb5,20900001,20950000,50000,*,12718,36833,0.0508096650459652,CHG,AK_NK
420,Fvb5,20950001,21000000,50000,*,12392,45278,0.119091489932242,CHG,AK_NK
421,Fvb5,21000001,21050000,50000,*,7156,56668,0.047293559616665,CHG,AK_NK
422,Fvb5,21050001,21100000,50000,*,22293,40805,0.054031083313824,CHG,AK_NK
423,Fvb5,21100001,21150000,50000,*,16298,49398,0.0443586799631627,CHG,AK_NK
424,Fvb5,21150001,21200000,50000,*,16686,35000,0.0557891633023909,CHG,AK_NK
425,Fvb5,21200001,21250000,50000,*,10437,56329,0.0246600264685308,CHG,AK_NK
426,Fvb5,21250001,21300000,50000,*,15964,39924,0.105574644813979,CHG,AK_NK
427,Fvb5,21300001,21350000,50000,*,5363,54062,0.014694408231103,CHG,AK_NK
428,Fvb5,21350001,21400000,50000,*,12519,47405,0.0597072230821454,CHG,AK_NK
429,Fvb5,21400001,21450000,50000,*,10517,29490,0.029813085932386,CHG,AK_NK
430,Fvb5,21450001,21500000,50000,*,2404,31155,0.00109877878430806,CHG,AK_NK
431,Fvb5,21500001,21550000,50000,*,16279,36045,0.0885718586680252,CHG,AK_NK
432,Fvb5,21550001,21600000,50000,*,11582,34972,0.106568597098593,CHG,AK_NK
433,Fvb5,21600001,21650000,50000,*,11253,44942,0.0932741582837304,CHG,AK_NK
434,Fvb5,21650001,21700000,50000,*,13081,47263,0.0411533524822082,CHG,AK_NK
435,Fvb5,21700001,21750000,50000,*,5184,52656,0.00447235269793279,CHG,AK_NK
436,Fvb5,21750001,21800000,50000,*,16116,35422,0.17326591657846,CHG,AK_NK
437,Fvb5,21800001,21850000,50000,*,16092,51573,0.100111199252347,CHG,AK_NK
438,Fvb5,21850001,21900000,50000,*,21438,43276,0.070925751186082,CHG,AK_NK
439,Fvb5,21900001,21950000,50000,*,12784,36475,0.134417991935579,CHG,AK_NK
440,Fvb5,21950001,22000000,50000,*,6492,58911,-0.0195098212045476,CHG,AK_NK
441,Fvb5,22000001,22050000,50000,*,12031,44284,0.0128982215446561,CHG,AK_NK
442,Fvb5,22050001,22100000,50000,*,8616,60898,0.0384248857551237,CHG,AK_NK
443,Fvb5,22100001,22150000,50000,*,8053,48124,0.0155783785747067,CHG,AK_NK
444,Fvb5,22150001,22200000,50000,*,25193,45050,0.113211115263946,CHG,AK_NK
445,Fvb5,22200001,22250000,50000,*,11758,50808,0.0721218345557889,CHG,AK_NK
446,Fvb5,22250001,22300000,50000,*,18206,60566,0.0402049968098402,CHG,AK_NK
447,Fvb5,22300001,22350000,50000,*,17434,36672,0.0891088064703814,CHG,AK_NK
448,Fvb5,22350001,22400000,50000,*,17341,44014,-0.0736063032224406,CHG,AK_NK
449,Fvb5,22400001,22450000,50000,*,19655,33673,0.116350065002111,CHG,AK_NK
450,Fvb5,22450001,22500000,50000,*,21776,44949,-0.0296144001721331,CHG,AK_NK
451,Fvb5,22500001,22550000,50000,*,24193,32365,0.00270313776445441,CHG,AK_NK
452,Fvb5,22550001,22600000,50000,*,18552,40993,0.116037863191388,CHG,AK_NK
453,Fvb5,22600001,22650000,50000,*,23649,31299,0.0166155035356175,CHG,AK_NK
454,Fvb5,22650001,22700000,50000,*,20341,31886,-0.0739704418960511,CHG,AK_NK
455,Fvb5,22700001,22750000,50000,*,20693,42658,0.108303691339109,CHG,AK_NK
456,Fvb5,22750001,22800000,50000,*,4709,48762,0.00341613946602151,CHG,AK_NK
457,Fvb5,22800001,22850000,50000,*,12459,50878,0.11175798283717,CHG,AK_NK
458,Fvb5,22850001,22900000,50000,*,17003,47292,0.121227530849051,CHG,AK_NK
459,Fvb5,22900001,22950000,50000,*,14004,48208,0.105028254918434,CHG,AK_NK
460,Fvb5,22950001,23000000,50000,*,14062,48839,0.0448690851585731,CHG,AK_NK
461,Fvb5,23000001,23050000,50000,*,16136,47236,0.0646706473607829,CHG,AK_NK
462,Fvb5,23050001,23100000,50000,*,12888,49373,0.10175056212623,CHG,AK_NK
463,Fvb5,23100001,23150000,50000,*,8321,59065,0.0118526563212113,CHG,AK_NK
464,Fvb5,23150001,23200000,50000,*,13751,37803,0.185420291327874,CHG,AK_NK
465,Fvb5,23200001,23250000,50000,*,13611,44199,-0.0313327742234318,CHG,AK_NK
466,Fvb5,23250001,23300000,50000,*,6829,58402,0.00477737835872,CHG,AK_NK
467,Fvb5,23300001,23350000,50000,*,8683,45551,0.023272685354779,CHG,AK_NK
468,Fvb5,23350001,23400000,50000,*,13266,49311,0.0652383662159162,CHG,AK_NK
469,Fvb5,23400001,23450000,50000,*,5030,43895,0.0374610825747169,CHG,AK_NK
470,Fvb5,23450001,23500000,50000,*,6566,52083,0.00186056089149476,CHG,AK_NK
471,Fvb5,23500001,23550000,50000,*,9977,48439,0.0309242702942317,CHG,AK_NK
472,Fvb5,23550001,23600000,50000,*,8086,48701,0.0292020780287411,CHG,AK_NK
473,Fvb5,23600001,23650000,50000,*,5856,55899,0.0498032110413862,CHG,AK_NK
474,Fvb5,23650001,23700000,50000,*,7814,42120,0.0862333626610881,CHG,AK_NK
475,Fvb5,23700001,23750000,50000,*,4019,49158,0.0157336327818378,CHG,AK_NK
476,Fvb5,23750001,23800000,50000,*,12244,42935,0.153496855155143,CHG,AK_NK
477,Fvb5,23800001,23850000,50000,*,10458,48774,0.0980900429692394,CHG,AK_NK
478,Fvb5,23850001,23900000,50000,*,6227,46426,0.00895100381383868,CHG,AK_NK
479,Fvb5,23900001,23950000,50000,*,10911,52509,0.0195364834262496,CHG,AK_NK
480,Fvb5,23950001,24000000,50000,*,10596,33539,0.0795096005805707,CHG,AK_NK
481,Fvb5,24000001,24050000,50000,*,10824,38576,0.0330578505386028,CHG,AK_NK
482,Fvb5,24050001,24100000,50000,*,449,18415,0.011936746324837,CHG,AK_NK
483,Fvb5,24100001,24150000,50000,*,4608,44960,-0.00250771224372967,CHG,AK_NK
484,Fvb5,24150001,24200000,50000,*,9089,52513,0.0421466719443725,CHG,AK_NK
485,Fvb5,24200001,24250000,50000,*,8185,60651,0.0884857557956866,CHG,AK_NK
486,Fvb5,24250001,24300000,50000,*,5199,55354,0.032535215048293,CHG,AK_NK
487,Fvb5,24300001,24350000,50000,*,9382,46936,0.0854640481504884,CHG,AK_NK
488,Fvb5,24350001,24400000,50000,*,2862,47787,0.0149264310317591,CHG,AK_NK
489,Fvb5,24400001,24450000,50000,*,4978,53543,0.0458761274458528,CHG,AK_NK
490,Fvb5,24450001,24500000,50000,*,9080,43176,0.0183980400859591,CHG,AK_NK
491,Fvb5,24500001,24550000,50000,*,4980,29014,0.0730268898326247,CHG,AK_NK
492,Fvb5,24550001,24600000,50000,*,9262,40133,0.0869843091114768,CHG,AK_NK
493,Fvb5,24600001,24650000,50000,*,6137,61503,0.0435260254150664,CHG,AK_NK
494,Fvb5,24650001,24700000,50000,*,11393,47300,0.169975346247582,CHG,AK_NK
495,Fvb5,24700001,24750000,50000,*,21280,31670,0.334970415504704,CHG,AK_NK
496,Fvb5,24750001,24800000,50000,*,8600,40576,0.10682311378437,CHG,AK_NK
497,Fvb5,24800001,24850000,50000,*,6470,37083,0.0405096848439835,CHG,AK_NK
498,Fvb5,24850001,24900000,50000,*,11641,42415,0.078659439178503,CHG,AK_NK
499,Fvb5,24900001,24950000,50000,*,10000,49342,0.0229992305647156,CHG,AK_NK
500,Fvb5,24950001,25000000,50000,*,5185,57090,-0.00380418388972707,CHG,AK_NK
501,Fvb5,25000001,25050000,50000,*,5568,52341,-0.0361223510201486,CHG,AK_NK
502,Fvb5,25050001,25100000,50000,*,4207,43571,0.0752703654522615,CHG,AK_NK
503,Fvb5,25100001,25150000,50000,*,9436,45564,0.0536873750375719,CHG,AK_NK
504,Fvb5,25150001,25200000,50000,*,3125,56708,0.00417453633556017,CHG,AK_NK
505,Fvb5,25200001,25250000,50000,*,15359,45881,0.0359062143578097,CHG,AK_NK
506,Fvb5,25250001,25300000,50000,*,19591,33043,0.0962136097525631,CHG,AK_NK
507,Fvb5,25300001,25350000,50000,*,22226,37390,0.100381533078271,CHG,AK_NK
508,Fvb5,25350001,25400000,50000,*,13509,38906,-0.00703804109263895,CHG,AK_NK
509,Fvb5,25400001,25450000,50000,*,5892,29787,0.00602727653805854,CHG,AK_NK
510,Fvb5,25450001,25500000,50000,*,3685,55166,-0.0581391908316383,CHG,AK_NK
511,Fvb5,25500001,25550000,50000,*,6721,63784,0.0335325058790355,CHG,AK_NK
512,Fvb5,25550001,25600000,50000,*,4717,62192,0.0384701936718421,CHG,AK_NK
513,Fvb5,25600001,25650000,50000,*,10709,48297,-0.101500867430237,CHG,AK_NK
514,Fvb5,25650001,25700000,50000,*,7758,39369,0.00943702557715331,CHG,AK_NK
515,Fvb5,25700001,25750000,50000,*,16402,31760,0.142842826369662,CHG,AK_NK
516,Fvb5,25750001,25800000,50000,*,3293,37378,-0.0299188355178994,CHG,AK_NK
517,Fvb5,25800001,25850000,50000,*,9298,41659,0.115076113564136,CHG,AK_NK
518,Fvb5,25850001,25900000,50000,*,1953,42687,0.00472087559293891,CHG,AK_NK
519,Fvb5,25900001,25950000,50000,*,2565,42294,0.0377947584890196,CHG,AK_NK
520,Fvb5,25950001,26000000,50000,*,2488,44752,0.0208991066143368,CHG,AK_NK
521,Fvb5,26000001,26050000,50000,*,4607,54910,0.0233526413689946,CHG,AK_NK
522,Fvb5,26050001,26100000,50000,*,5910,46911,0.00389783747994035,CHG,AK_NK
523,Fvb5,26100001,26150000,50000,*,5090,64038,-0.00309792966046997,CHG,AK_NK
524,Fvb5,26150001,26200000,50000,*,5602,47522,0.0288225047458334,CHG,AK_NK
525,Fvb5,26200001,26250000,50000,*,4295,42002,0.0457771538685296,CHG,AK_NK
526,Fvb5,26250001,26300000,50000,*,6374,38620,0.0202839036752484,CHG,AK_NK
527,Fvb5,26300001,26350000,50000,*,8463,54782,0.0357957111836726,CHG,AK_NK
528,Fvb5,26350001,26400000,50000,*,3467,55766,-0.00546715726441031,CHG,AK_NK
529,Fvb5,26400001,26450000,50000,*,6269,37282,-0.0417911381214068,CHG,AK_NK
530,Fvb5,26450001,26500000,50000,*,13757,39541,0.0239418164415258,CHG,AK_NK
531,Fvb5,26500001,26550000,50000,*,7355,54250,0.0564414639379387,CHG,AK_NK
532,Fvb5,26550001,26600000,50000,*,9407,34081,0.0748136497926136,CHG,AK_NK
533,Fvb5,26600001,26650000,50000,*,3057,26785,0.0211828064352284,CHG,AK_NK
534,Fvb5,26650001,26700000,50000,*,4671,13488,0.0647544311232423,CHG,AK_NK
535,Fvb5,26700001,26750000,50000,*,5482,56900,0.0277533177002091,CHG,AK_NK
536,Fvb5,26750001,26800000,50000,*,13033,41383,0.0981643217014061,CHG,AK_NK
537,Fvb5,26800001,26850000,50000,*,4710,46723,0.0542202498998096,CHG,AK_NK
538,Fvb5,26850001,26900000,50000,*,3580,36347,0.023903568413421,CHG,AK_NK
539,Fvb5,26900001,26950000,50000,*,6830,53341,0.0377283621316341,CHG,AK_NK
540,Fvb5,26950001,27000000,50000,*,2423,46091,-0.000609980219943657,CHG,AK_NK
541,Fvb5,27000001,27050000,50000,*,6577,51473,0.0513710625337985,CHG,AK_NK
542,Fvb5,27050001,27100000,50000,*,11004,44763,0.188773022487389,CHG,AK_NK
543,Fvb5,27100001,27150000,50000,*,8029,39335,0.168395563449689,CHG,AK_NK
544,Fvb5,27150001,27200000,50000,*,10720,44195,0.0731468694584915,CHG,AK_NK
545,Fvb5,27200001,27250000,50000,*,9657,64208,0.0084714832567124,CHG,AK_NK
546,Fvb5,27250001,27300000,50000,*,19242,32286,0.180589404232554,CHG,AK_NK
547,Fvb5,27300001,27350000,50000,*,18355,29651,0.174218717659587,CHG,AK_NK
548,Fvb5,27350001,27400000,50000,*,24340,39331,0.0493050058642985,CHG,AK_NK
549,Fvb5,27400001,27450000,50000,*,3160,60067,0.0122382539268566,CHG,AK_NK
550,Fvb5,27450001,27500000,50000,*,4563,60590,0.00923256010239787,CHG,AK_NK
551,Fvb5,27500001,27550000,50000,*,25357,37150,-0.0171826208525427,CHG,AK_NK
552,Fvb5,27550001,27600000,50000,*,14031,58883,0.0681858507968596,CHG,AK_NK
553,Fvb5,27600001,27650000,50000,*,26119,47479,0.132401478383685,CHG,AK_NK
554,Fvb5,27650001,27700000,50000,*,12404,52648,0.105638317923853,CHG,AK_NK
555,Fvb5,27700001,27750000,50000,*,6342,54754,0.0126849497686967,CHG,AK_NK
556,Fvb5,27750001,27800000,50000,*,14295,39946,0.0424950835033321,CHG,AK_NK
557,Fvb5,27800001,27850000,50000,*,9634,40782,0.159301527997713,CHG,AK_NK
558,Fvb5,27850001,27900000,50000,*,5117,60608,0.0218849842263329,CHG,AK_NK
559,Fvb5,27900001,27950000,50000,*,10326,52094,0.0831548554200032,CHG,AK_NK
560,Fvb5,27950001,28000000,50000,*,5298,59995,0.0179932758665384,CHG,AK_NK
561,Fvb5,28000001,28050000,50000,*,18256,38351,0.190926901019361,CHG,AK_NK
562,Fvb5,28050001,28100000,50000,*,4583,54991,0.0622678092910163,CHG,AK_NK
563,Fvb5,28100001,28150000,50000,*,7010,40818,0.00380278927536759,CHG,AK_NK
564,Fvb5,28150001,28200000,50000,*,10129,47881,0.130815172022926,CHG,AK_NK
565,Fvb5,28200001,28250000,50000,*,7527,38494,0.0456660268129268,CHG,AK_NK
566,Fvb5,28250001,28300000,50000,*,8486,56024,0.0724339168993093,CHG,AK_NK
567,Fvb5,28300001,28350000,50000,*,7050,54427,0.074587004291412,CHG,AK_NK
568,Fvb5,28350001,28400000,50000,*,5148,49817,0.0706656774956399,CHG,AK_NK
569,Fvb5,28400001,28450000,50000,*,718,30559,0.0137630120443588,CHG,AK_NK
570,Fvb5,28450001,28500000,50000,*,7053,36235,-0.0228105265830022,CHG,AK_NK
571,Fvb5,28500001,28550000,50000,*,5261,52860,0.0715889743651328,CHG,AK_NK
572,Fvb5,28550001,28600000,50000,*,4778,18267,-0.00243872490331726,CHG,AK_NK
573,Fvb5,28600001,28650000,50000,*,1433,3620,-0.33652388217508,CHG,AK_NK
574,Fvb5,28650001,28700000,50000,*,585,31626,0.0062590919961278,CHG,AK_NK
575,Fvb5,28700001,28750000,50000,*,1730,26305,0.0104430110074503,CHG,AK_NK
576,Fvb5,28750001,28800000,50000,*,4168,41707,0.0595881162780161,CHG,AK_NK
577,Fvb5,28800001,28850000,50000,*,3367,57914,0.0217795913727834,CHG,AK_NK
578,Fvb5,28850001,28900000,50000,*,6783,51790,0.0388862041360437,CHG,AK_NK
579,Fvb5,28900001,28950000,50000,*,11010,60416,0.11673736930081,CHG,AK_NK
580,Fvb5,28950001,29000000,50000,*,15115,50111,0.141206415765803,CHG,AK_NK
581,Fvb5,29000001,29050000,50000,*,13928,43720,0.00098880783669969,CHG,AK_NK
582,Fvb5,29050001,29100000,50000,*,6826,64142,0.0146381381950349,CHG,AK_NK
583,Fvb5,29100001,29150000,50000,*,1237,71744,0.00359353562527808,CHG,AK_NK
584,Fvb5,29150001,29200000,50000,*,9326,49651,0.0651311540800868,CHG,AK_NK
585,Fvb5,29200001,29250000,50000,*,11087,43959,0.0260933542900019,CHG,AK_NK
586,Fvb5,29250001,29300000,50000,*,17226,37649,0.051364606142663,CHG,AK_NK
587,Fvb5,29300001,29350000,50000,*,11158,44363,0.156579545824627,CHG,AK_NK
588,Fvb5,29350001,29400000,50000,*,22147,37538,0.0103432221057344,CHG,AK_NK
