,seqnames,start,end,width,strand,sumReadsM,sumReadsN,Propdiff.CHH.Fvb5,context,group
1,Fvb5,1,50000,50000,*,11136,157489,-0.0240990253988057,CHH,AL_FL
2,Fvb5,50001,100000,50000,*,4105,165067,0.00601369175821177,CHH,AL_FL
3,Fvb5,100001,150000,50000,*,2373,236331,-0.000580798201893861,CHH,AL_FL
4,Fvb5,150001,200000,50000,*,2830,211699,-0.00360442028410418,CHH,AL_FL
5,Fvb5,200001,250000,50000,*,2448,208448,0.00361600964227646,CHH,AL_FL
6,Fvb5,250001,300000,50000,*,1427,222577,0.000212536238207994,CHH,AL_FL
7,Fvb5,300001,350000,50000,*,1207,210945,0.00126618552254727,CHH,AL_FL
8,Fvb5,350001,400000,50000,*,1611,234694,-0.00140534368855812,CHH,AL_FL
9,Fvb5,400001,450000,50000,*,1469,226706,-0.00163992476131468,CHH,AL_FL
10,Fvb5,450001,500000,50000,*,1555,217963,-0.000593101606609742,CHH,AL_FL
11,Fvb5,500001,550000,50000,*,1349,193012,-0.000729162677852063,CHH,AL_FL
12,Fvb5,550001,600000,50000,*,3947,181858,0.000327307787015934,CHH,AL_FL
13,Fvb5,600001,650000,50000,*,21294,159030,0.0892561337591219,CHH,AL_FL
14,Fvb5,650001,700000,50000,*,2647,192769,0.00548582001618727,CHH,AL_FL
15,Fvb5,700001,750000,50000,*,1990,191415,-0.000417494306738611,CHH,AL_FL
16,Fvb5,750001,800000,50000,*,4162,233384,0.00913023943419298,CHH,AL_FL
17,Fvb5,800001,850000,50000,*,2737,210922,-0.0023587211411297,CHH,AL_FL
18,Fvb5,850001,900000,50000,*,2331,174672,-0.000693420009016829,CHH,AL_FL
19,Fvb5,900001,950000,50000,*,1910,199129,0.00200672146448684,CHH,AL_FL
20,Fvb5,950001,1000000,50000,*,2123,117244,-0.00432746367354948,CHH,AL_FL
21,Fvb5,1000001,1050000,50000,*,4931,91834,-0.0713190580158734,CHH,AL_FL
22,Fvb5,1050001,1100000,50000,*,3429,200998,0.00432121907408419,CHH,AL_FL
23,Fvb5,1100001,1150000,50000,*,3078,198213,0.00273471545920126,CHH,AL_FL
24,Fvb5,1150001,1200000,50000,*,2479,193583,0.00244698656915799,CHH,AL_FL
25,Fvb5,1200001,1250000,50000,*,17258,205249,0.0490357161987481,CHH,AL_FL
26,Fvb5,1250001,1300000,50000,*,2118,206138,-0.000536764043903022,CHH,AL_FL
27,Fvb5,1300001,1350000,50000,*,3208,201929,-0.000848139791409207,CHH,AL_FL
28,Fvb5,1350001,1400000,50000,*,2026,206288,-0.00159622630446362,CHH,AL_FL
29,Fvb5,1400001,1450000,50000,*,1108,182228,-0.00147228910460958,CHH,AL_FL
30,Fvb5,1450001,1500000,50000,*,4552,165035,-0.00252012365149576,CHH,AL_FL
31,Fvb5,1500001,1550000,50000,*,1412,199196,-0.00138103312322025,CHH,AL_FL
32,Fvb5,1550001,1600000,50000,*,2184,164354,-0.00174417430120215,CHH,AL_FL
33,Fvb5,1600001,1650000,50000,*,1775,141043,0.00192791565386664,CHH,AL_FL
34,Fvb5,1650001,1700000,50000,*,2659,151678,0.00633927729821257,CHH,AL_FL
35,Fvb5,1700001,1750000,50000,*,1186,185881,2.7613317428809e-05,CHH,AL_FL
36,Fvb5,1750001,1800000,50000,*,1768,209730,-0.000630957134408618,CHH,AL_FL
37,Fvb5,1800001,1850000,50000,*,5077,202778,0.00919372998145995,CHH,AL_FL
38,Fvb5,1850001,1900000,50000,*,7321,209815,0.0253987450272863,CHH,AL_FL
39,Fvb5,1900001,1950000,50000,*,1793,231648,-0.000956949536692068,CHH,AL_FL
40,Fvb5,1950001,2000000,50000,*,4374,212056,0.0131755153445382,CHH,AL_FL
41,Fvb5,2000001,2050000,50000,*,3381,169651,0.00559820170251339,CHH,AL_FL
42,Fvb5,2050001,2100000,50000,*,1966,226266,-0.00182150785310431,CHH,AL_FL
43,Fvb5,2100001,2150000,50000,*,1578,162553,0.000289123732807969,CHH,AL_FL
44,Fvb5,2150001,2200000,50000,*,1915,184997,0.00461709231760059,CHH,AL_FL
45,Fvb5,2200001,2250000,50000,*,2326,206224,9.8149085056504e-05,CHH,AL_FL
46,Fvb5,2250001,2300000,50000,*,1703,130133,-0.00337897869555226,CHH,AL_FL
47,Fvb5,2300001,2350000,50000,*,2449,184536,-0.00170922533152412,CHH,AL_FL
48,Fvb5,2350001,2400000,50000,*,3130,190647,-0.000159248395614771,CHH,AL_FL
49,Fvb5,2400001,2450000,50000,*,1877,166475,0.00110227234816889,CHH,AL_FL
50,Fvb5,2450001,2500000,50000,*,4617,200096,0.00794873289640594,CHH,AL_FL
51,Fvb5,2500001,2550000,50000,*,7864,204947,0.0168878441166578,CHH,AL_FL
52,Fvb5,2550001,2600000,50000,*,3161,192699,-0.00173262678994062,CHH,AL_FL
53,Fvb5,2600001,2650000,50000,*,4136,187049,0.00389436425461715,CHH,AL_FL
54,Fvb5,2650001,2700000,50000,*,1137,191982,0.000924439224217666,CHH,AL_FL
55,Fvb5,2700001,2750000,50000,*,3822,181571,0.0018164070734329,CHH,AL_FL
56,Fvb5,2750001,2800000,50000,*,6351,193275,0.00507151122866628,CHH,AL_FL
57,Fvb5,2800001,2850000,50000,*,30623,231183,0.0162937648267476,CHH,AL_FL
58,Fvb5,2850001,2900000,50000,*,2476,171827,0.000845002522932181,CHH,AL_FL
59,Fvb5,2900001,2950000,50000,*,2736,205574,-0.000907712199351202,CHH,AL_FL
60,Fvb5,2950001,3000000,50000,*,1837,208941,0.00116653294769258,CHH,AL_FL
61,Fvb5,3000001,3050000,50000,*,3374,191126,0.0037397690924752,CHH,AL_FL
62,Fvb5,3050001,3100000,50000,*,1675,178237,0.000197553772389451,CHH,AL_FL
63,Fvb5,3100001,3150000,50000,*,2382,184908,-0.000635205127559985,CHH,AL_FL
64,Fvb5,3150001,3200000,50000,*,2301,182163,-0.000715214368049199,CHH,AL_FL
65,Fvb5,3200001,3250000,50000,*,1422,200372,0.000243721561263848,CHH,AL_FL
66,Fvb5,3250001,3300000,50000,*,2571,138237,-0.00101004787966192,CHH,AL_FL
67,Fvb5,3300001,3350000,50000,*,2970,166438,0.00427932612035209,CHH,AL_FL
68,Fvb5,3350001,3400000,50000,*,407,56404,-0.00462050141617927,CHH,AL_FL
69,Fvb5,3400001,3450000,50000,*,1798,196343,-0.00146842140087259,CHH,AL_FL
70,Fvb5,3450001,3500000,50000,*,1920,207811,-0.00209175411434681,CHH,AL_FL
71,Fvb5,3500001,3550000,50000,*,3050,198516,-0.00333284119928515,CHH,AL_FL
72,Fvb5,3550001,3600000,50000,*,3068,168210,0.00544496259909515,CHH,AL_FL
73,Fvb5,3600001,3650000,50000,*,4062,188075,-0.00936910620585368,CHH,AL_FL
74,Fvb5,3650001,3700000,50000,*,3123,161607,-0.0169983412111236,CHH,AL_FL
75,Fvb5,3700001,3750000,50000,*,2221,225815,-0.00111189795879377,CHH,AL_FL
76,Fvb5,3750001,3800000,50000,*,5104,197780,0.00368435096688068,CHH,AL_FL
77,Fvb5,3800001,3850000,50000,*,6484,146108,-0.00130270836710641,CHH,AL_FL
78,Fvb5,3850001,3900000,50000,*,3944,201799,0.00304478247516764,CHH,AL_FL
79,Fvb5,3900001,3950000,50000,*,2615,203025,-0.0103482678912142,CHH,AL_FL
80,Fvb5,3950001,4000000,50000,*,1814,191881,6.48531957330428e-05,CHH,AL_FL
81,Fvb5,4000001,4050000,50000,*,1458,114009,-0.00666806818163977,CHH,AL_FL
82,Fvb5,4050001,4100000,50000,*,445,4671,-0.0343031950302699,CHH,AL_FL
83,Fvb5,4100001,4150000,50000,*,335,53772,-0.000635716830712305,CHH,AL_FL
84,Fvb5,4150001,4200000,50000,*,2430,210188,0.00251250912578456,CHH,AL_FL
85,Fvb5,4200001,4250000,50000,*,2763,176920,-0.00506674907505344,CHH,AL_FL
86,Fvb5,4250001,4300000,50000,*,1255,152178,0.00142262817019306,CHH,AL_FL
87,Fvb5,4300001,4350000,50000,*,5896,157314,-0.0097704656268303,CHH,AL_FL
88,Fvb5,4350001,4400000,50000,*,1429,177494,-0.000417307697757498,CHH,AL_FL
89,Fvb5,4400001,4450000,50000,*,2363,145595,-0.00085887969489179,CHH,AL_FL
90,Fvb5,4450001,4500000,50000,*,46371,265880,0.0705684928077358,CHH,AL_FL
91,Fvb5,4500001,4550000,50000,*,2515,183373,-0.00198457681775081,CHH,AL_FL
92,Fvb5,4550001,4600000,50000,*,1433,208356,-0.00088952519491566,CHH,AL_FL
93,Fvb5,4600001,4650000,50000,*,2460,152871,-0.00794474493083725,CHH,AL_FL
94,Fvb5,4650001,4700000,50000,*,2230,71021,-0.0170558529116228,CHH,AL_FL
95,Fvb5,4700001,4750000,50000,*,4419,143173,-0.00562742299671952,CHH,AL_FL
96,Fvb5,4750001,4800000,50000,*,1810,190651,-0.00011728487798187,CHH,AL_FL
97,Fvb5,4800001,4850000,50000,*,1905,166248,-0.00119418470812826,CHH,AL_FL
98,Fvb5,4850001,4900000,50000,*,2128,226513,0.00319930639591284,CHH,AL_FL
99,Fvb5,4900001,4950000,50000,*,2935,191963,0.00474811639265037,CHH,AL_FL
100,Fvb5,4950001,5000000,50000,*,2166,173912,0.000120304326779124,CHH,AL_FL
101,Fvb5,5000001,5050000,50000,*,3298,161584,-0.00697173601290086,CHH,AL_FL
102,Fvb5,5050001,5100000,50000,*,5258,161899,0.00581745970553965,CHH,AL_FL
103,Fvb5,5100001,5150000,50000,*,9686,190295,0.00121411165048239,CHH,AL_FL
104,Fvb5,5150001,5200000,50000,*,4403,178319,-0.0056581536385759,CHH,AL_FL
105,Fvb5,5200001,5250000,50000,*,1912,199483,-0.00315301768521142,CHH,AL_FL
106,Fvb5,5250001,5300000,50000,*,3460,180129,-0.000589780899531062,CHH,AL_FL
107,Fvb5,5300001,5350000,50000,*,1712,203710,-0.00333795919850006,CHH,AL_FL
108,Fvb5,5350001,5400000,50000,*,3135,176472,0.00599818004003739,CHH,AL_FL
109,Fvb5,5400001,5450000,50000,*,1798,200511,-0.00212286375991605,CHH,AL_FL
110,Fvb5,5450001,5500000,50000,*,1840,194723,-0.00102637452944445,CHH,AL_FL
111,Fvb5,5500001,5550000,50000,*,1898,207891,0.000287124572093209,CHH,AL_FL
112,Fvb5,5550001,5600000,50000,*,2852,192009,-0.00398153138451812,CHH,AL_FL
113,Fvb5,5600001,5650000,50000,*,2667,183564,-0.00194436598988068,CHH,AL_FL
114,Fvb5,5650001,5700000,50000,*,1540,185898,-0.00225286035830539,CHH,AL_FL
115,Fvb5,5700001,5750000,50000,*,1182,171982,-7.17910742564802e-05,CHH,AL_FL
116,Fvb5,5750001,5800000,50000,*,2617,174496,-0.00232181517506155,CHH,AL_FL
117,Fvb5,5800001,5850000,50000,*,2316,198165,-0.0035297382724209,CHH,AL_FL
118,Fvb5,5850001,5900000,50000,*,5162,189709,-0.00970667597873712,CHH,AL_FL
119,Fvb5,5900001,5950000,50000,*,2249,198273,-0.000564782112292987,CHH,AL_FL
120,Fvb5,5950001,6000000,50000,*,3840,235172,0.00717365713191171,CHH,AL_FL
121,Fvb5,6000001,6050000,50000,*,2621,200038,-0.00302141066550944,CHH,AL_FL
122,Fvb5,6050001,6100000,50000,*,2062,177751,0.00122511250018553,CHH,AL_FL
123,Fvb5,6100001,6150000,50000,*,2992,178633,0.0016018793605451,CHH,AL_FL
124,Fvb5,6150001,6200000,50000,*,2668,193107,0.00291423351766417,CHH,AL_FL
125,Fvb5,6200001,6250000,50000,*,1644,191202,-0.00136926497741353,CHH,AL_FL
126,Fvb5,6250001,6300000,50000,*,463,58569,-0.00108585419993538,CHH,AL_FL
127,Fvb5,6300001,6350000,50000,*,465,9794,-0.064626235269646,CHH,AL_FL
128,Fvb5,6350001,6400000,50000,*,1993,67450,0.00422061667134194,CHH,AL_FL
129,Fvb5,6400001,6450000,50000,*,3499,156134,-0.00741645868371814,CHH,AL_FL
130,Fvb5,6450001,6500000,50000,*,1798,199339,0.00139179358424761,CHH,AL_FL
131,Fvb5,6500001,6550000,50000,*,1562,202845,-0.00071375563230269,CHH,AL_FL
132,Fvb5,6550001,6600000,50000,*,4611,181662,-0.00399496311667721,CHH,AL_FL
133,Fvb5,6600001,6650000,50000,*,1723,191197,-0.0115736500588134,CHH,AL_FL
134,Fvb5,6650001,6700000,50000,*,1674,154476,-0.000517686471462652,CHH,AL_FL
135,Fvb5,6700001,6750000,50000,*,2446,180312,0.00178549168297724,CHH,AL_FL
136,Fvb5,6750001,6800000,50000,*,3266,171790,0.00563080099243904,CHH,AL_FL
137,Fvb5,6800001,6850000,50000,*,2139,189864,-0.000396982213400688,CHH,AL_FL
138,Fvb5,6850001,6900000,50000,*,2249,179946,-0.000515061836149725,CHH,AL_FL
139,Fvb5,6900001,6950000,50000,*,3884,191771,0.0120710453227109,CHH,AL_FL
140,Fvb5,6950001,7000000,50000,*,6153,144676,-0.00510488882949164,CHH,AL_FL
141,Fvb5,7000001,7050000,50000,*,4904,166590,-0.0188562176514782,CHH,AL_FL
142,Fvb5,7050001,7100000,50000,*,3783,204198,-0.00441319672504675,CHH,AL_FL
143,Fvb5,7100001,7150000,50000,*,2000,183771,-0.00230246287098349,CHH,AL_FL
144,Fvb5,7150001,7200000,50000,*,1594,174915,-0.000853693661860517,CHH,AL_FL
145,Fvb5,7200001,7250000,50000,*,3258,202196,-0.00396150701699372,CHH,AL_FL
146,Fvb5,7250001,7300000,50000,*,1923,216562,0.000782846134321356,CHH,AL_FL
147,Fvb5,7300001,7350000,50000,*,2825,202510,0.0022603067086931,CHH,AL_FL
148,Fvb5,7350001,7400000,50000,*,2424,324095,-0.00111658504172747,CHH,AL_FL
149,Fvb5,7400001,7450000,50000,*,3203,145375,0.00097478121184362,CHH,AL_FL
150,Fvb5,7450001,7500000,50000,*,2048,116917,-0.00796455376474871,CHH,AL_FL
151,Fvb5,7500001,7550000,50000,*,2437,218262,-0.000206152578674771,CHH,AL_FL
152,Fvb5,7550001,7600000,50000,*,3429,196931,-0.00665315470207206,CHH,AL_FL
153,Fvb5,7600001,7650000,50000,*,2250,172431,-0.0015381351995138,CHH,AL_FL
154,Fvb5,7650001,7700000,50000,*,2477,156371,0.000540627350548403,CHH,AL_FL
155,Fvb5,7700001,7750000,50000,*,1096,178449,0.000691311271451927,CHH,AL_FL
156,Fvb5,7750001,7800000,50000,*,2424,183502,0.00460025767323799,CHH,AL_FL
157,Fvb5,7800001,7850000,50000,*,1310,149508,0.00169958789544413,CHH,AL_FL
158,Fvb5,7850001,7900000,50000,*,3572,169167,0.00455721430840411,CHH,AL_FL
159,Fvb5,7900001,7950000,50000,*,4531,173353,-0.00825923239431723,CHH,AL_FL
160,Fvb5,7950001,8000000,50000,*,2537,185613,-0.00277380518366572,CHH,AL_FL
161,Fvb5,8000001,8050000,50000,*,1442,178076,-0.00133759283825143,CHH,AL_FL
162,Fvb5,8050001,8100000,50000,*,3460,168443,0.00263584690830726,CHH,AL_FL
163,Fvb5,8100001,8150000,50000,*,2012,195090,0.00113117593669775,CHH,AL_FL
164,Fvb5,8150001,8200000,50000,*,3501,191681,-0.00443854757312868,CHH,AL_FL
165,Fvb5,8200001,8250000,50000,*,1619,198159,-0.00163089384749174,CHH,AL_FL
166,Fvb5,8250001,8300000,50000,*,4626,142502,0.0121757983481299,CHH,AL_FL
167,Fvb5,8300001,8350000,50000,*,3107,175005,0.00332581212500199,CHH,AL_FL
168,Fvb5,8350001,8400000,50000,*,3948,124665,-0.00258567823584584,CHH,AL_FL
169,Fvb5,8400001,8450000,50000,*,2364,179588,-0.00863699329924013,CHH,AL_FL
170,Fvb5,8450001,8500000,50000,*,3276,182879,-0.00136331150803979,CHH,AL_FL
171,Fvb5,8500001,8550000,50000,*,2210,197777,-0.000154793084444965,CHH,AL_FL
172,Fvb5,8550001,8600000,50000,*,1552,199875,-0.000110787198997302,CHH,AL_FL
173,Fvb5,8600001,8650000,50000,*,2788,196277,-0.0005815843769347,CHH,AL_FL
174,Fvb5,8650001,8700000,50000,*,6103,204365,-0.00619936433050643,CHH,AL_FL
175,Fvb5,8700001,8750000,50000,*,1742,233325,-0.00157277080517546,CHH,AL_FL
176,Fvb5,8750001,8800000,50000,*,4790,199965,-0.0032605956298346,CHH,AL_FL
177,Fvb5,8800001,8850000,50000,*,3567,117736,-0.00277639622331931,CHH,AL_FL
178,Fvb5,8850001,8900000,50000,*,3067,187149,-0.00659764806324269,CHH,AL_FL
179,Fvb5,8900001,8950000,50000,*,3256,182391,0.00241879864032626,CHH,AL_FL
180,Fvb5,8950001,9000000,50000,*,2457,217433,-0.00252794589807431,CHH,AL_FL
181,Fvb5,9000001,9050000,50000,*,6554,203614,0.0086085064534452,CHH,AL_FL
182,Fvb5,9050001,9100000,50000,*,1888,175715,0.00055387745382556,CHH,AL_FL
183,Fvb5,9100001,9150000,50000,*,6369,186064,0.0161379815881444,CHH,AL_FL
184,Fvb5,9150001,9200000,50000,*,15413,149631,-0.0138833505400945,CHH,AL_FL
185,Fvb5,9200001,9250000,50000,*,5211,197180,0.012071648310415,CHH,AL_FL
186,Fvb5,9250001,9300000,50000,*,2189,188454,0.00368411230285863,CHH,AL_FL
187,Fvb5,9300001,9350000,50000,*,1604,199486,-0.00041651310984242,CHH,AL_FL
188,Fvb5,9350001,9400000,50000,*,3859,191938,0.010146197612994,CHH,AL_FL
189,Fvb5,9400001,9450000,50000,*,3963,161101,-0.00917427623744953,CHH,AL_FL
190,Fvb5,9450001,9500000,50000,*,3669,164101,0.00963033589338763,CHH,AL_FL
191,Fvb5,9500001,9550000,50000,*,1832,175439,0.00047028674204061,CHH,AL_FL
192,Fvb5,9550001,9600000,50000,*,4513,167938,0.00184480892400577,CHH,AL_FL
193,Fvb5,9600001,9650000,50000,*,1278,198203,8.40113261547804e-05,CHH,AL_FL
194,Fvb5,9650001,9700000,50000,*,1299,209316,0.000476187163825389,CHH,AL_FL
195,Fvb5,9700001,9750000,50000,*,2194,183450,-0.00172316992202512,CHH,AL_FL
196,Fvb5,9750001,9800000,50000,*,2582,171251,-0.000282025134691832,CHH,AL_FL
197,Fvb5,9800001,9850000,50000,*,4105,200104,-0.000660830507529492,CHH,AL_FL
198,Fvb5,9850001,9900000,50000,*,2713,204539,-0.00279994515225486,CHH,AL_FL
199,Fvb5,9900001,9950000,50000,*,11298,183518,0.0423629796586408,CHH,AL_FL
200,Fvb5,9950001,10000000,50000,*,2744,201074,0.00173831395616181,CHH,AL_FL
201,Fvb5,10000001,10050000,50000,*,1586,194983,-0.000698200307099935,CHH,AL_FL
202,Fvb5,10050001,10100000,50000,*,3063,189556,0.00119513235939927,CHH,AL_FL
203,Fvb5,10100001,10150000,50000,*,4112,192500,-0.00186339970138756,CHH,AL_FL
204,Fvb5,10150001,10200000,50000,*,1981,204533,-0.000646857475083501,CHH,AL_FL
205,Fvb5,10200001,10250000,50000,*,2410,188840,-0.00511702868213818,CHH,AL_FL
206,Fvb5,10250001,10300000,50000,*,5410,155075,-0.000532549978962307,CHH,AL_FL
207,Fvb5,10300001,10350000,50000,*,4117,181072,-0.00332090474873449,CHH,AL_FL
208,Fvb5,10350001,10400000,50000,*,2800,150810,-0.00418948994811457,CHH,AL_FL
209,Fvb5,10400001,10450000,50000,*,2544,198751,0.000288531974714347,CHH,AL_FL
210,Fvb5,10450001,10500000,50000,*,3397,128906,-0.00598044507488442,CHH,AL_FL
211,Fvb5,10500001,10550000,50000,*,4763,189239,-0.00434009580232873,CHH,AL_FL
212,Fvb5,10550001,10600000,50000,*,2579,174930,-0.00874228546957117,CHH,AL_FL
213,Fvb5,10600001,10650000,50000,*,2590,87506,-0.0204678334794798,CHH,AL_FL
214,Fvb5,10650001,10700000,50000,*,2948,172322,0.00218666019501373,CHH,AL_FL
215,Fvb5,10700001,10750000,50000,*,2852,196352,-0.000393064627201508,CHH,AL_FL
216,Fvb5,10750001,10800000,50000,*,2654,174093,-0.00032396261782501,CHH,AL_FL
217,Fvb5,10800001,10850000,50000,*,4371,158828,-0.0112979155412997,CHH,AL_FL
218,Fvb5,10850001,10900000,50000,*,1913,183011,-0.000949360147952676,CHH,AL_FL
219,Fvb5,10900001,10950000,50000,*,4588,138636,0.0133983466795061,CHH,AL_FL
220,Fvb5,10950001,11000000,50000,*,1807,167866,-0.00301824785012395,CHH,AL_FL
221,Fvb5,11000001,11050000,50000,*,3879,192946,-0.0060165851813179,CHH,AL_FL
222,Fvb5,11050001,11100000,50000,*,3972,181601,0.0119195971993195,CHH,AL_FL
223,Fvb5,11100001,11150000,50000,*,6043,159702,0.00207123904463798,CHH,AL_FL
224,Fvb5,11150001,11200000,50000,*,5767,138969,0.029872840183534,CHH,AL_FL
225,Fvb5,11200001,11250000,50000,*,5333,164312,0.0140826370339113,CHH,AL_FL
226,Fvb5,11250001,11300000,50000,*,6443,162711,0.020371163726963,CHH,AL_FL
227,Fvb5,11300001,11350000,50000,*,4385,162646,0.0145526630138214,CHH,AL_FL
228,Fvb5,11350001,11400000,50000,*,3296,149761,0.000439748460798122,CHH,AL_FL
229,Fvb5,11400001,11450000,50000,*,412,35080,0.00532821890150691,CHH,AL_FL
230,Fvb5,11450001,11500000,50000,*,4567,167863,0.0163384723538577,CHH,AL_FL
231,Fvb5,11500001,11550000,50000,*,2666,181581,-0.00151595173525499,CHH,AL_FL
232,Fvb5,11550001,11600000,50000,*,6074,159400,-0.00418039280653531,CHH,AL_FL
233,Fvb5,11600001,11650000,50000,*,3369,170246,0.000303430525260093,CHH,AL_FL
234,Fvb5,11650001,11700000,50000,*,5387,164341,-0.00204484103469316,CHH,AL_FL
235,Fvb5,11700001,11750000,50000,*,2495,108014,-0.00447305458419165,CHH,AL_FL
236,Fvb5,11750001,11800000,50000,*,4926,144283,-0.0046898915940165,CHH,AL_FL
237,Fvb5,11800001,11850000,50000,*,2894,183390,-0.00570585139422673,CHH,AL_FL
238,Fvb5,11850001,11900000,50000,*,4675,151837,0.0122305287312097,CHH,AL_FL
239,Fvb5,11900001,11950000,50000,*,4391,172916,0.00353483527476929,CHH,AL_FL
240,Fvb5,11950001,12000000,50000,*,2886,178882,-0.00399861409258511,CHH,AL_FL
241,Fvb5,12000001,12050000,50000,*,2640,168472,-0.000295636596404792,CHH,AL_FL
242,Fvb5,12050001,12100000,50000,*,4502,168255,0.0130285758326465,CHH,AL_FL
243,Fvb5,12100001,12150000,50000,*,3518,170610,-0.0117333151071475,CHH,AL_FL
244,Fvb5,12150001,12200000,50000,*,2187,146174,0.00326087498409523,CHH,AL_FL
245,Fvb5,12200001,12250000,50000,*,4464,165350,0.0054914263418221,CHH,AL_FL
246,Fvb5,12250001,12300000,50000,*,1216,186414,0.00043638219176057,CHH,AL_FL
247,Fvb5,12300001,12350000,50000,*,3376,198682,-0.00247972098392558,CHH,AL_FL
248,Fvb5,12350001,12400000,50000,*,1209,174962,-0.000280188393604942,CHH,AL_FL
249,Fvb5,12400001,12450000,50000,*,5411,173019,0.00285378993597636,CHH,AL_FL
250,Fvb5,12450001,12500000,50000,*,2837,182139,-0.00579288496603963,CHH,AL_FL
251,Fvb5,12500001,12550000,50000,*,5539,187089,-0.00931434437705278,CHH,AL_FL
252,Fvb5,12550001,12600000,50000,*,9856,144940,-0.0234061167713801,CHH,AL_FL
253,Fvb5,12600001,12650000,50000,*,3144,171260,-0.000256072870074481,CHH,AL_FL
254,Fvb5,12650001,12700000,50000,*,3686,187249,-0.00509581285720922,CHH,AL_FL
255,Fvb5,12700001,12750000,50000,*,3883,176520,0.00314373372527242,CHH,AL_FL
256,Fvb5,12750001,12800000,50000,*,9528,151665,-0.0069344825677685,CHH,AL_FL
257,Fvb5,12800001,12850000,50000,*,3747,139922,0.00537721595428896,CHH,AL_FL
258,Fvb5,12850001,12900000,50000,*,2525,168975,-0.00548390834283809,CHH,AL_FL
259,Fvb5,12900001,12950000,50000,*,4751,170554,-0.00557217028665317,CHH,AL_FL
260,Fvb5,12950001,13000000,50000,*,4667,190287,0.00725989060367922,CHH,AL_FL
261,Fvb5,13000001,13050000,50000,*,4404,186637,-0.0021459461416992,CHH,AL_FL
262,Fvb5,13050001,13100000,50000,*,2948,206562,0.000212670169964157,CHH,AL_FL
263,Fvb5,13100001,13150000,50000,*,2775,204474,-0.00439035288097895,CHH,AL_FL
264,Fvb5,13150001,13200000,50000,*,9724,159306,-0.0023607240388067,CHH,AL_FL
265,Fvb5,13200001,13250000,50000,*,3064,153559,-0.00530432601833889,CHH,AL_FL
266,Fvb5,13250001,13300000,50000,*,7723,167009,-0.0202427702965644,CHH,AL_FL
267,Fvb5,13300001,13350000,50000,*,5890,176494,-0.00826832525995324,CHH,AL_FL
268,Fvb5,13350001,13400000,50000,*,2959,149974,-0.00520394719733781,CHH,AL_FL
269,Fvb5,13400001,13450000,50000,*,7094,183672,-0.00142146319524662,CHH,AL_FL
270,Fvb5,13450001,13500000,50000,*,6160,179740,0.00340909241751942,CHH,AL_FL
271,Fvb5,13500001,13550000,50000,*,6073,159299,-0.00482855162644097,CHH,AL_FL
272,Fvb5,13550001,13600000,50000,*,3226,52041,-0.012058524228564,CHH,AL_FL
273,Fvb5,13600001,13650000,50000,*,6485,102243,-0.0156096739221518,CHH,AL_FL
274,Fvb5,13650001,13700000,50000,*,3121,146297,-0.00235797265476232,CHH,AL_FL
275,Fvb5,13700001,13750000,50000,*,7056,146157,0.00223970565997263,CHH,AL_FL
276,Fvb5,13750001,13800000,50000,*,4603,188605,0.00340147477564811,CHH,AL_FL
277,Fvb5,13800001,13850000,50000,*,2639,190344,-0.00033308901914088,CHH,AL_FL
278,Fvb5,13850001,13900000,50000,*,3601,163481,-0.00477596692814616,CHH,AL_FL
279,Fvb5,13900001,13950000,50000,*,4565,134547,-0.00698767440814855,CHH,AL_FL
280,Fvb5,13950001,14000000,50000,*,3717,188674,-0.000472402599592001,CHH,AL_FL
281,Fvb5,14000001,14050000,50000,*,2511,174567,-0.00595515310304924,CHH,AL_FL
282,Fvb5,14050001,14100000,50000,*,6585,167882,-0.00699246953017232,CHH,AL_FL
283,Fvb5,14100001,14150000,50000,*,5692,194436,-0.00355708174285249,CHH,AL_FL
284,Fvb5,14150001,14200000,50000,*,5710,170768,-0.00758200632938819,CHH,AL_FL
285,Fvb5,14200001,14250000,50000,*,4766,80043,-0.0172453524427523,CHH,AL_FL
286,Fvb5,14250001,14300000,50000,*,5751,161420,-0.00269786535734032,CHH,AL_FL
287,Fvb5,14300001,14350000,50000,*,2909,161944,-0.00644625026558293,CHH,AL_FL
288,Fvb5,14350001,14400000,50000,*,4928,160126,-0.00631134130276233,CHH,AL_FL
289,Fvb5,14400001,14450000,50000,*,5913,175585,-0.00210114621562551,CHH,AL_FL
290,Fvb5,14450001,14500000,50000,*,3294,180802,-0.00293365054815008,CHH,AL_FL
291,Fvb5,14500001,14550000,50000,*,8356,148665,-0.0162700133319797,CHH,AL_FL
292,Fvb5,14550001,14600000,50000,*,3616,184885,-0.00473444429386839,CHH,AL_FL
293,Fvb5,14600001,14650000,50000,*,4562,161970,-0.0057312260730776,CHH,AL_FL
294,Fvb5,14650001,14700000,50000,*,6162,158942,-0.00567263587016469,CHH,AL_FL
295,Fvb5,14700001,14750000,50000,*,3897,167936,-0.0060869461609439,CHH,AL_FL
296,Fvb5,14750001,14800000,50000,*,5081,186754,-0.00194812794120653,CHH,AL_FL
297,Fvb5,14800001,14850000,50000,*,7277,169033,-0.00730388430404409,CHH,AL_FL
298,Fvb5,14850001,14900000,50000,*,3926,155186,-0.00589868801622823,CHH,AL_FL
299,Fvb5,14900001,14950000,50000,*,7593,166609,-0.00835493556089894,CHH,AL_FL
300,Fvb5,14950001,15000000,50000,*,3800,160814,-0.00615456361451394,CHH,AL_FL
301,Fvb5,15000001,15050000,50000,*,4891,114798,-0.00345880523305656,CHH,AL_FL
302,Fvb5,15050001,15100000,50000,*,7926,187714,0.0143142631008022,CHH,AL_FL
303,Fvb5,15100001,15150000,50000,*,4302,171938,-0.00512980071106685,CHH,AL_FL
304,Fvb5,15150001,15200000,50000,*,5710,163076,-0.0104433453014875,CHH,AL_FL
305,Fvb5,15200001,15250000,50000,*,2947,153253,-0.002634999723551,CHH,AL_FL
306,Fvb5,15250001,15300000,50000,*,2853,183847,0.000133444117536418,CHH,AL_FL
307,Fvb5,15300001,15350000,50000,*,10761,153887,-0.00353605372627715,CHH,AL_FL
308,Fvb5,15350001,15400000,50000,*,7507,158751,-0.0296977380623867,CHH,AL_FL
309,Fvb5,15400001,15450000,50000,*,3869,195999,0.00314526996884913,CHH,AL_FL
310,Fvb5,15450001,15500000,50000,*,5687,149773,0.00409106498996886,CHH,AL_FL
311,Fvb5,15500001,15550000,50000,*,5761,80975,-0.0398524482894129,CHH,AL_FL
312,Fvb5,15550001,15600000,50000,*,7398,121880,-0.0137008770383509,CHH,AL_FL
313,Fvb5,15600001,15650000,50000,*,9617,118650,0.0210277515940486,CHH,AL_FL
314,Fvb5,15650001,15700000,50000,*,6682,144728,-0.0103887326084638,CHH,AL_FL
315,Fvb5,15700001,15750000,50000,*,7247,161411,-0.00335597255733023,CHH,AL_FL
316,Fvb5,15750001,15800000,50000,*,4380,185762,0.00394275944024825,CHH,AL_FL
317,Fvb5,15800001,15850000,50000,*,4056,190685,-0.00217517755620181,CHH,AL_FL
318,Fvb5,15850001,15900000,50000,*,6930,183174,0.00627321181048354,CHH,AL_FL
319,Fvb5,15900001,15950000,50000,*,4859,386910,0.00517345474250527,CHH,AL_FL
320,Fvb5,15950001,16000000,50000,*,7695,156030,0.00242071287643385,CHH,AL_FL
321,Fvb5,16000001,16050000,50000,*,2443,182548,0.00204270292345821,CHH,AL_FL
322,Fvb5,16050001,16100000,50000,*,5619,189340,0.015213556521246,CHH,AL_FL
323,Fvb5,16100001,16150000,50000,*,8259,161545,0.00357491076840389,CHH,AL_FL
324,Fvb5,16150001,16200000,50000,*,6418,118957,-0.0131857405830169,CHH,AL_FL
325,Fvb5,16200001,16250000,50000,*,7268,116801,-0.0317709583193015,CHH,AL_FL
326,Fvb5,16250001,16300000,50000,*,5701,165651,-0.00757873160107084,CHH,AL_FL
327,Fvb5,16300001,16350000,50000,*,8912,171523,-0.0102610923283184,CHH,AL_FL
328,Fvb5,16350001,16400000,50000,*,5771,101994,-0.014963777537204,CHH,AL_FL
329,Fvb5,16400001,16450000,50000,*,7266,116649,-0.0362628058686848,CHH,AL_FL
330,Fvb5,16450001,16500000,50000,*,7039,154714,-0.00873426694285054,CHH,AL_FL
331,Fvb5,16500001,16550000,50000,*,4947,69829,-0.0179958843906575,CHH,AL_FL
332,Fvb5,16550001,16600000,50000,*,3614,172453,-0.00834374467776694,CHH,AL_FL
333,Fvb5,16600001,16650000,50000,*,4917,180290,0.00311898961405308,CHH,AL_FL
334,Fvb5,16650001,16700000,50000,*,8904,159842,-0.0190710463600386,CHH,AL_FL
335,Fvb5,16700001,16750000,50000,*,4687,144376,0.00307841726367122,CHH,AL_FL
336,Fvb5,16750001,16800000,50000,*,3641,157617,-0.0061251469357483,CHH,AL_FL
337,Fvb5,16800001,16850000,50000,*,3561,130696,0.00704180195574985,CHH,AL_FL
338,Fvb5,16850001,16900000,50000,*,7437,160205,-0.019416575529193,CHH,AL_FL
339,Fvb5,16900001,16950000,50000,*,4357,180050,-0.00662176888599572,CHH,AL_FL
340,Fvb5,16950001,17000000,50000,*,6221,165009,-0.0020427156356095,CHH,AL_FL
341,Fvb5,17000001,17050000,50000,*,6545,132182,-0.0127878294699098,CHH,AL_FL
342,Fvb5,17050001,17100000,50000,*,1217,79907,-0.0159513249906751,CHH,AL_FL
343,Fvb5,17100001,17150000,50000,*,3858,171049,-0.00455801644784162,CHH,AL_FL
344,Fvb5,17150001,17200000,50000,*,7383,152771,-0.00909713302471957,CHH,AL_FL
345,Fvb5,17200001,17250000,50000,*,3664,173524,-0.00307485778064687,CHH,AL_FL
346,Fvb5,17250001,17300000,50000,*,5724,160987,-0.0153412137573745,CHH,AL_FL
347,Fvb5,17300001,17350000,50000,*,3193,178813,-0.00645711389996848,CHH,AL_FL
348,Fvb5,17350001,17400000,50000,*,3506,172537,-0.00241657989088799,CHH,AL_FL
349,Fvb5,17400001,17450000,50000,*,9641,179778,-0.00758383342435377,CHH,AL_FL
350,Fvb5,17450001,17500000,50000,*,7562,143722,-0.010169097726144,CHH,AL_FL
351,Fvb5,17500001,17550000,50000,*,3146,173578,-0.000556901992567801,CHH,AL_FL
352,Fvb5,17550001,17600000,50000,*,4278,176167,-0.00453515117575807,CHH,AL_FL
353,Fvb5,17600001,17650000,50000,*,5052,133623,-0.00211813325317337,CHH,AL_FL
354,Fvb5,17650001,17700000,50000,*,6424,182101,-0.0159374595191763,CHH,AL_FL
355,Fvb5,17700001,17750000,50000,*,7822,169702,-0.0187074674515597,CHH,AL_FL
356,Fvb5,17750001,17800000,50000,*,9215,164845,-0.00608350895020214,CHH,AL_FL
357,Fvb5,17800001,17850000,50000,*,6202,155600,-0.0118927469274094,CHH,AL_FL
358,Fvb5,17850001,17900000,50000,*,4868,173623,0.00312719086850591,CHH,AL_FL
359,Fvb5,17900001,17950000,50000,*,5786,189538,0.00692539088546539,CHH,AL_FL
360,Fvb5,17950001,18000000,50000,*,6565,177665,0.00162269347701752,CHH,AL_FL
361,Fvb5,18000001,18050000,50000,*,6787,169838,-0.0051179003444926,CHH,AL_FL
362,Fvb5,18050001,18100000,50000,*,5860,124967,-0.00335232850458081,CHH,AL_FL
363,Fvb5,18100001,18150000,50000,*,3480,163864,7.86306843328574e-05,CHH,AL_FL
364,Fvb5,18150001,18200000,50000,*,2272,170148,0.00156261078530014,CHH,AL_FL
365,Fvb5,18200001,18250000,50000,*,3839,172019,-0.00965136097015031,CHH,AL_FL
366,Fvb5,18250001,18300000,50000,*,6934,543694,0.00161208166957597,CHH,AL_FL
367,Fvb5,18300001,18350000,50000,*,7508,159751,-0.0120683387175683,CHH,AL_FL
368,Fvb5,18350001,18400000,50000,*,4511,183122,-0.00573496896519526,CHH,AL_FL
369,Fvb5,18400001,18450000,50000,*,1426,204967,-0.000147640094799961,CHH,AL_FL
370,Fvb5,18450001,18500000,50000,*,3208,158967,-0.0054495411624582,CHH,AL_FL
371,Fvb5,18500001,18550000,50000,*,2179,187113,-0.00644816784941191,CHH,AL_FL
372,Fvb5,18550001,18600000,50000,*,1752,158777,-0.00252636897614928,CHH,AL_FL
373,Fvb5,18600001,18650000,50000,*,4373,149432,-0.00375068481411734,CHH,AL_FL
374,Fvb5,18650001,18700000,50000,*,6493,162169,-0.0152621408710185,CHH,AL_FL
375,Fvb5,18700001,18750000,50000,*,1652,179416,-0.0416764389965451,CHH,AL_FL
376,Fvb5,18750001,18800000,50000,*,2996,152360,-0.017719346321742,CHH,AL_FL
377,Fvb5,18800001,18850000,50000,*,1286,167421,0.000394329110563942,CHH,AL_FL
378,Fvb5,18850001,18900000,50000,*,3260,170575,0.000653931821334486,CHH,AL_FL
379,Fvb5,18900001,18950000,50000,*,5748,131439,-0.00371410988424552,CHH,AL_FL
380,Fvb5,18950001,19000000,50000,*,3672,166195,0.00435449340621518,CHH,AL_FL
381,Fvb5,19000001,19050000,50000,*,5405,137932,-0.00866113318946468,CHH,AL_FL
382,Fvb5,19050001,19100000,50000,*,3027,149724,-0.00166310538350226,CHH,AL_FL
383,Fvb5,19100001,19150000,50000,*,2911,164334,-0.00569491671092589,CHH,AL_FL
384,Fvb5,19150001,19200000,50000,*,7633,152948,0.00175896929609534,CHH,AL_FL
385,Fvb5,19200001,19250000,50000,*,6894,150428,0.00215445777170565,CHH,AL_FL
386,Fvb5,19250001,19300000,50000,*,4802,175724,-0.00267732254726616,CHH,AL_FL
387,Fvb5,19300001,19350000,50000,*,4064,163623,-0.00316612011735336,CHH,AL_FL
388,Fvb5,19350001,19400000,50000,*,5987,186391,0.0174286631358774,CHH,AL_FL
389,Fvb5,19400001,19450000,50000,*,2623,140397,-0.0134020148762325,CHH,AL_FL
390,Fvb5,19450001,19500000,50000,*,4063,130320,0.013941077672161,CHH,AL_FL
391,Fvb5,19500001,19550000,50000,*,5845,114513,0.0170621353430661,CHH,AL_FL
392,Fvb5,19550001,19600000,50000,*,4929,78347,0.0235405486375244,CHH,AL_FL
393,Fvb5,19600001,19650000,50000,*,4179,88033,-0.0266208783576667,CHH,AL_FL
394,Fvb5,19650001,19700000,50000,*,2155,79117,-0.0303504789569734,CHH,AL_FL
395,Fvb5,19700001,19750000,50000,*,4861,70536,-0.0493612812140324,CHH,AL_FL
396,Fvb5,19750001,19800000,50000,*,7189,138239,-0.0121754210906057,CHH,AL_FL
397,Fvb5,19800001,19850000,50000,*,3871,171446,-0.00866353024161998,CHH,AL_FL
398,Fvb5,19850001,19900000,50000,*,2158,170817,-0.00164492753513009,CHH,AL_FL
399,Fvb5,19900001,19950000,50000,*,2841,177898,-0.00437115779371004,CHH,AL_FL
400,Fvb5,19950001,20000000,50000,*,3401,169353,0.00537295798972995,CHH,AL_FL
401,Fvb5,20000001,20050000,50000,*,2860,168988,0.00170100395147001,CHH,AL_FL
402,Fvb5,20050001,20100000,50000,*,5922,164348,-0.0209377783491453,CHH,AL_FL
403,Fvb5,20100001,20150000,50000,*,1794,155912,-0.00183328585618474,CHH,AL_FL
404,Fvb5,20150001,20200000,50000,*,4031,181442,-0.00442344556306317,CHH,AL_FL
405,Fvb5,20200001,20250000,50000,*,2596,204288,0.000691191557950763,CHH,AL_FL
406,Fvb5,20250001,20300000,50000,*,3614,137366,-0.00910335166262094,CHH,AL_FL
407,Fvb5,20300001,20350000,50000,*,2573,205201,-0.00207851467911232,CHH,AL_FL
408,Fvb5,20350001,20400000,50000,*,3159,129875,-0.0157788169685797,CHH,AL_FL
409,Fvb5,20400001,20450000,50000,*,3772,190795,0.00204969316886766,CHH,AL_FL
410,Fvb5,20450001,20500000,50000,*,3992,174991,0.00890932027108742,CHH,AL_FL
411,Fvb5,20500001,20550000,50000,*,4487,153206,-0.00254313333398585,CHH,AL_FL
412,Fvb5,20550001,20600000,50000,*,1822,155694,-0.00298669867708317,CHH,AL_FL
413,Fvb5,20600001,20650000,50000,*,1956,144489,0.00224199191475694,CHH,AL_FL
414,Fvb5,20650001,20700000,50000,*,4205,163763,-0.0109814086389997,CHH,AL_FL
415,Fvb5,20700001,20750000,50000,*,4424,156948,-0.00443076268828044,CHH,AL_FL
416,Fvb5,20750001,20800000,50000,*,1978,167006,-0.000770532400652392,CHH,AL_FL
417,Fvb5,20800001,20850000,50000,*,5115,185043,-0.00306711297352658,CHH,AL_FL
418,Fvb5,20850001,20900000,50000,*,9942,146657,-0.006569380789299,CHH,AL_FL
419,Fvb5,20900001,20950000,50000,*,5694,161900,-0.0127604252874027,CHH,AL_FL
420,Fvb5,20950001,21000000,50000,*,5334,176860,-0.00406886674941713,CHH,AL_FL
421,Fvb5,21000001,21050000,50000,*,2996,188868,-0.00132456927589639,CHH,AL_FL
422,Fvb5,21050001,21100000,50000,*,8711,159688,-0.0113861982759861,CHH,AL_FL
423,Fvb5,21100001,21150000,50000,*,6112,178004,-0.00644456812649984,CHH,AL_FL
424,Fvb5,21150001,21200000,50000,*,8588,133359,0.00665629774676435,CHH,AL_FL
425,Fvb5,21200001,21250000,50000,*,5088,192357,-0.00692581089698593,CHH,AL_FL
426,Fvb5,21250001,21300000,50000,*,6458,156217,-0.0138619946551433,CHH,AL_FL
427,Fvb5,21300001,21350000,50000,*,2772,177221,-0.00381138173256428,CHH,AL_FL
428,Fvb5,21350001,21400000,50000,*,4962,162773,-0.00521846162611736,CHH,AL_FL
429,Fvb5,21400001,21450000,50000,*,4662,130197,-0.0127579433143973,CHH,AL_FL
430,Fvb5,21450001,21500000,50000,*,1476,103799,0.000305622554998112,CHH,AL_FL
431,Fvb5,21500001,21550000,50000,*,5997,141800,-0.0114719283811315,CHH,AL_FL
432,Fvb5,21550001,21600000,50000,*,6351,149801,0.00109644586354453,CHH,AL_FL
433,Fvb5,21600001,21650000,50000,*,4526,165873,-0.000294155777657502,CHH,AL_FL
434,Fvb5,21650001,21700000,50000,*,6505,182919,-0.00653929445391416,CHH,AL_FL
435,Fvb5,21700001,21750000,50000,*,2345,171135,-0.00635994442187282,CHH,AL_FL
436,Fvb5,21750001,21800000,50000,*,7707,149637,0.000325356356843859,CHH,AL_FL
437,Fvb5,21800001,21850000,50000,*,6717,175944,0.00107186688925997,CHH,AL_FL
438,Fvb5,21850001,21900000,50000,*,8184,154310,-0.0112052083052885,CHH,AL_FL
439,Fvb5,21900001,21950000,50000,*,3600,128142,0.00120000068039135,CHH,AL_FL
440,Fvb5,21950001,22000000,50000,*,3351,201170,-0.00694478436038095,CHH,AL_FL
441,Fvb5,22000001,22050000,50000,*,4621,162431,-0.0104526877411738,CHH,AL_FL
442,Fvb5,22050001,22100000,50000,*,4984,202170,-0.000446370869273058,CHH,AL_FL
443,Fvb5,22100001,22150000,50000,*,3388,184815,-0.00564769321509149,CHH,AL_FL
444,Fvb5,22150001,22200000,50000,*,8864,168010,-0.0084814571904416,CHH,AL_FL
445,Fvb5,22200001,22250000,50000,*,5154,177686,-0.000134553726514233,CHH,AL_FL
446,Fvb5,22250001,22300000,50000,*,6767,209252,-0.00983929459378558,CHH,AL_FL
447,Fvb5,22300001,22350000,50000,*,5151,138383,-0.00440415009370834,CHH,AL_FL
448,Fvb5,22350001,22400000,50000,*,5710,163799,-0.0256154215206289,CHH,AL_FL
449,Fvb5,22400001,22450000,50000,*,6031,129673,-0.0082881806966273,CHH,AL_FL
450,Fvb5,22450001,22500000,50000,*,8306,170937,-0.0252283475594373,CHH,AL_FL
451,Fvb5,22500001,22550000,50000,*,8809,117593,-0.0476777529803881,CHH,AL_FL
452,Fvb5,22550001,22600000,50000,*,5607,140059,-0.00966542942673185,CHH,AL_FL
453,Fvb5,22600001,22650000,50000,*,6832,113504,-0.0175818192307061,CHH,AL_FL
454,Fvb5,22650001,22700000,50000,*,7505,124131,-0.0421758837207798,CHH,AL_FL
455,Fvb5,22700001,22750000,50000,*,9891,170268,-0.0028601656663695,CHH,AL_FL
456,Fvb5,22750001,22800000,50000,*,2798,173485,-0.000535197394376078,CHH,AL_FL
457,Fvb5,22800001,22850000,50000,*,3599,156972,0.00283561212211723,CHH,AL_FL
458,Fvb5,22850001,22900000,50000,*,8495,194318,-0.00333616079673453,CHH,AL_FL
459,Fvb5,22900001,22950000,50000,*,6296,170698,0.00075787558641903,CHH,AL_FL
460,Fvb5,22950001,23000000,50000,*,6189,174028,-0.0099981990303261,CHH,AL_FL
461,Fvb5,23000001,23050000,50000,*,6234,179695,-0.0084181596056323,CHH,AL_FL
462,Fvb5,23050001,23100000,50000,*,5217,179075,0.000719460392384731,CHH,AL_FL
463,Fvb5,23100001,23150000,50000,*,3691,186774,-0.0142928733048043,CHH,AL_FL
464,Fvb5,23150001,23200000,50000,*,5349,143451,0.00977275193651338,CHH,AL_FL
465,Fvb5,23200001,23250000,50000,*,6212,160367,-0.0231721328185239,CHH,AL_FL
466,Fvb5,23250001,23300000,50000,*,3047,208266,-0.00420638680298998,CHH,AL_FL
467,Fvb5,23300001,23350000,50000,*,4380,176494,-0.0116270248288564,CHH,AL_FL
468,Fvb5,23350001,23400000,50000,*,6179,176024,-0.00343881744982968,CHH,AL_FL
469,Fvb5,23400001,23450000,50000,*,3787,167051,0.00246973114528592,CHH,AL_FL
470,Fvb5,23450001,23500000,50000,*,3738,181888,-0.00446378755953945,CHH,AL_FL
471,Fvb5,23500001,23550000,50000,*,5356,182331,-0.00254883997829834,CHH,AL_FL
472,Fvb5,23550001,23600000,50000,*,4821,175365,-0.00450165255641233,CHH,AL_FL
473,Fvb5,23600001,23650000,50000,*,2714,174755,-0.00249709258115334,CHH,AL_FL
474,Fvb5,23650001,23700000,50000,*,3953,144557,0.000706151662964515,CHH,AL_FL
475,Fvb5,23700001,23750000,50000,*,2332,171656,-0.00410099218689248,CHH,AL_FL
476,Fvb5,23750001,23800000,50000,*,6180,157181,0.0159651665618088,CHH,AL_FL
477,Fvb5,23800001,23850000,50000,*,4619,183711,-0.000276163694254036,CHH,AL_FL
478,Fvb5,23850001,23900000,50000,*,3820,158589,-0.00519794676987031,CHH,AL_FL
479,Fvb5,23900001,23950000,50000,*,3957,178595,-0.00690345248325764,CHH,AL_FL
480,Fvb5,23950001,24000000,50000,*,5458,136794,-0.00950153864575454,CHH,AL_FL
481,Fvb5,24000001,24050000,50000,*,4246,135062,-0.0058432878259679,CHH,AL_FL
482,Fvb5,24050001,24100000,50000,*,692,55835,0.00034724141761098,CHH,AL_FL
483,Fvb5,24100001,24150000,50000,*,3044,169044,-0.00958752809980658,CHH,AL_FL
484,Fvb5,24150001,24200000,50000,*,4867,178974,-0.00416674804629867,CHH,AL_FL
485,Fvb5,24200001,24250000,50000,*,3740,196456,0.00492790897332691,CHH,AL_FL
486,Fvb5,24250001,24300000,50000,*,3492,195584,-0.00014332458502208,CHH,AL_FL
487,Fvb5,24300001,24350000,50000,*,4757,190213,0.001947325621232,CHH,AL_FL
488,Fvb5,24350001,24400000,50000,*,2153,186602,-0.000716118961387775,CHH,AL_FL
489,Fvb5,24400001,24450000,50000,*,3240,171020,0.00205619031451809,CHH,AL_FL
490,Fvb5,24450001,24500000,50000,*,4290,155872,-0.00173604000463505,CHH,AL_FL
491,Fvb5,24500001,24550000,50000,*,3062,111613,0.00276938028075687,CHH,AL_FL
492,Fvb5,24550001,24600000,50000,*,3551,155785,-0.000272465158152831,CHH,AL_FL
493,Fvb5,24600001,24650000,50000,*,4002,189053,0.00365048118797665,CHH,AL_FL
494,Fvb5,24650001,24700000,50000,*,4573,169414,0.00914983856911554,CHH,AL_FL
495,Fvb5,24700001,24750000,50000,*,5221,111410,0.00115768726213011,CHH,AL_FL
496,Fvb5,24750001,24800000,50000,*,4336,160194,0.00815080054344031,CHH,AL_FL
497,Fvb5,24800001,24850000,50000,*,2460,128878,-0.00111433417501122,CHH,AL_FL
498,Fvb5,24850001,24900000,50000,*,5762,156480,0.00665601757952896,CHH,AL_FL
499,Fvb5,24900001,24950000,50000,*,4614,175525,-0.00259775971275365,CHH,AL_FL
500,Fvb5,24950001,25000000,50000,*,2513,181771,-0.00342509101587518,CHH,AL_FL
501,Fvb5,25000001,25050000,50000,*,3269,170506,-0.00851438266148291,CHH,AL_FL
502,Fvb5,25050001,25100000,50000,*,1573,142704,0.00388543277013648,CHH,AL_FL
503,Fvb5,25100001,25150000,50000,*,4281,163137,-0.00589497823503022,CHH,AL_FL
504,Fvb5,25150001,25200000,50000,*,2543,195291,-0.00381390790681385,CHH,AL_FL
505,Fvb5,25200001,25250000,50000,*,8205,186207,-0.0197875116802436,CHH,AL_FL
506,Fvb5,25250001,25300000,50000,*,7981,124196,-0.0131753815136643,CHH,AL_FL
507,Fvb5,25300001,25350000,50000,*,11086,148838,-0.0080527528923975,CHH,AL_FL
508,Fvb5,25350001,25400000,50000,*,6314,147812,-0.0173688983920032,CHH,AL_FL
509,Fvb5,25400001,25450000,50000,*,3080,109657,-0.00840065031603406,CHH,AL_FL
510,Fvb5,25450001,25500000,50000,*,2300,173807,-0.00971897095577003,CHH,AL_FL
511,Fvb5,25500001,25550000,50000,*,4100,216864,-0.0017597836256727,CHH,AL_FL
512,Fvb5,25550001,25600000,50000,*,2205,184533,0.00172533615723374,CHH,AL_FL
513,Fvb5,25600001,25650000,50000,*,4803,167248,-0.0201506374959597,CHH,AL_FL
514,Fvb5,25650001,25700000,50000,*,3724,142716,-0.00164254866973671,CHH,AL_FL
515,Fvb5,25700001,25750000,50000,*,6109,116415,0.0033265625241698,CHH,AL_FL
516,Fvb5,25750001,25800000,50000,*,2241,129385,-0.00786038281079244,CHH,AL_FL
517,Fvb5,25800001,25850000,50000,*,4082,152575,-0.00061972031544661,CHH,AL_FL
518,Fvb5,25850001,25900000,50000,*,1863,140002,-5.95746124439547e-05,CHH,AL_FL
519,Fvb5,25900001,25950000,50000,*,2313,145723,0.00294812636559264,CHH,AL_FL
520,Fvb5,25950001,26000000,50000,*,2941,156423,0.00300197820051242,CHH,AL_FL
521,Fvb5,26000001,26050000,50000,*,3666,198634,0.0017874589523538,CHH,AL_FL
522,Fvb5,26050001,26100000,50000,*,3167,171846,-0.00450447768620472,CHH,AL_FL
523,Fvb5,26100001,26150000,50000,*,2982,276600,-0.00465480185412366,CHH,AL_FL
524,Fvb5,26150001,26200000,50000,*,3316,169337,-0.00286462828544608,CHH,AL_FL
525,Fvb5,26200001,26250000,50000,*,3628,172300,0.00349559088684287,CHH,AL_FL
526,Fvb5,26250001,26300000,50000,*,3673,152622,-0.00351219943001175,CHH,AL_FL
527,Fvb5,26300001,26350000,50000,*,5153,200364,-0.00149554182817685,CHH,AL_FL
528,Fvb5,26350001,26400000,50000,*,2244,192846,-0.00642592088349841,CHH,AL_FL
529,Fvb5,26400001,26450000,50000,*,2593,141794,-0.010779637450173,CHH,AL_FL
530,Fvb5,26450001,26500000,50000,*,6440,150230,-0.0116536735870247,CHH,AL_FL
531,Fvb5,26500001,26550000,50000,*,5459,178098,0.00460903030080854,CHH,AL_FL
532,Fvb5,26550001,26600000,50000,*,5680,133620,-0.00358235233753047,CHH,AL_FL
533,Fvb5,26600001,26650000,50000,*,1591,103034,-0.00316937889874928,CHH,AL_FL
534,Fvb5,26650001,26700000,50000,*,1990,52105,-0.00624022216022439,CHH,AL_FL
535,Fvb5,26700001,26750000,50000,*,3532,187558,0.00442830453765397,CHH,AL_FL
536,Fvb5,26750001,26800000,50000,*,4499,143088,-0.0148867297049838,CHH,AL_FL
537,Fvb5,26800001,26850000,50000,*,3110,167689,0.00610637078014183,CHH,AL_FL
538,Fvb5,26850001,26900000,50000,*,2333,122579,-0.00387767616608691,CHH,AL_FL
539,Fvb5,26900001,26950000,50000,*,4414,232051,-0.0028012360878284,CHH,AL_FL
540,Fvb5,26950001,27000000,50000,*,1878,168030,-0.00407908054694058,CHH,AL_FL
541,Fvb5,27000001,27050000,50000,*,3836,190116,0.000717144811618189,CHH,AL_FL
542,Fvb5,27050001,27100000,50000,*,6558,157080,0.0293891636496132,CHH,AL_FL
543,Fvb5,27100001,27150000,50000,*,4730,156293,0.0183651036472761,CHH,AL_FL
544,Fvb5,27150001,27200000,50000,*,5608,168797,-0.00407197065765789,CHH,AL_FL
545,Fvb5,27200001,27250000,50000,*,4623,216205,-0.00448105618699111,CHH,AL_FL
546,Fvb5,27250001,27300000,50000,*,6235,129056,-0.0102701553314064,CHH,AL_FL
547,Fvb5,27300001,27350000,50000,*,5050,109413,-0.00351808351255531,CHH,AL_FL
548,Fvb5,27350001,27400000,50000,*,10014,162952,-0.0270642117155822,CHH,AL_FL
549,Fvb5,27400001,27450000,50000,*,2668,199303,0.00237895862458589,CHH,AL_FL
550,Fvb5,27450001,27500000,50000,*,1928,188917,-0.00290280686797759,CHH,AL_FL
551,Fvb5,27500001,27550000,50000,*,7862,151607,-0.0192787017876086,CHH,AL_FL
552,Fvb5,27550001,27600000,50000,*,5768,205706,-0.00363316250026027,CHH,AL_FL
553,Fvb5,27600001,27650000,50000,*,9262,175451,-0.00868708495534607,CHH,AL_FL
554,Fvb5,27650001,27700000,50000,*,5011,199196,-0.000621290045626392,CHH,AL_FL
555,Fvb5,27700001,27750000,50000,*,3084,195311,-0.00365923553393056,CHH,AL_FL
556,Fvb5,27750001,27800000,50000,*,6163,148106,-0.00751893195225975,CHH,AL_FL
557,Fvb5,27800001,27850000,50000,*,4700,160963,0.00689654471131146,CHH,AL_FL
558,Fvb5,27850001,27900000,50000,*,3076,200062,-0.00476676354423353,CHH,AL_FL
559,Fvb5,27900001,27950000,50000,*,4387,166304,0.00122004076749456,CHH,AL_FL
560,Fvb5,27950001,28000000,50000,*,2827,187620,-0.00182902105652403,CHH,AL_FL
561,Fvb5,28000001,28050000,50000,*,6935,150612,0.00338338550398135,CHH,AL_FL
562,Fvb5,28050001,28100000,50000,*,2428,191565,0.00131803451051185,CHH,AL_FL
563,Fvb5,28100001,28150000,50000,*,4357,156877,-0.0058033643716141,CHH,AL_FL
564,Fvb5,28150001,28200000,50000,*,4085,178574,0.00819779659659049,CHH,AL_FL
565,Fvb5,28200001,28250000,50000,*,3637,148022,-0.00360809689830863,CHH,AL_FL
566,Fvb5,28250001,28300000,50000,*,4972,188931,0.00615796440061404,CHH,AL_FL
567,Fvb5,28300001,28350000,50000,*,4161,193052,0.00502219111692214,CHH,AL_FL
568,Fvb5,28350001,28400000,50000,*,2449,156918,0.00619415271167146,CHH,AL_FL
569,Fvb5,28400001,28450000,50000,*,900,109263,0.00287686666146192,CHH,AL_FL
570,Fvb5,28450001,28500000,50000,*,5922,117727,0.00521260879333481,CHH,AL_FL
571,Fvb5,28500001,28550000,50000,*,2901,172357,0.00796244964325182,CHH,AL_FL
572,Fvb5,28550001,28600000,50000,*,2425,55514,-0.0230277776018158,CHH,AL_FL
573,Fvb5,28600001,28650000,50000,*,474,10793,-0.0666275305186227,CHH,AL_FL
574,Fvb5,28650001,28700000,50000,*,641,97191,-0.00191712865581144,CHH,AL_FL
575,Fvb5,28700001,28750000,50000,*,1223,98091,0.000491456057023627,CHH,AL_FL
576,Fvb5,28750001,28800000,50000,*,2605,125924,0.00501496893872306,CHH,AL_FL
577,Fvb5,28800001,28850000,50000,*,2344,181749,0.00267672021164302,CHH,AL_FL
578,Fvb5,28850001,28900000,50000,*,3761,180322,-0.00305936265835316,CHH,AL_FL
579,Fvb5,28900001,28950000,50000,*,4604,182805,0.00219218236152135,CHH,AL_FL
580,Fvb5,28950001,29000000,50000,*,5476,155119,0.00611333711653902,CHH,AL_FL
581,Fvb5,29000001,29050000,50000,*,6002,160328,-0.00453622531913209,CHH,AL_FL
582,Fvb5,29050001,29100000,50000,*,3208,194403,-0.00547226676480571,CHH,AL_FL
583,Fvb5,29100001,29150000,50000,*,1468,209471,-0.000451247272938688,CHH,AL_FL
584,Fvb5,29150001,29200000,50000,*,4206,161217,-0.00220537184270772,CHH,AL_FL
585,Fvb5,29200001,29250000,50000,*,4882,157667,-0.0046733262230272,CHH,AL_FL
586,Fvb5,29250001,29300000,50000,*,6308,138720,-0.0212182454393176,CHH,AL_FL
587,Fvb5,29300001,29350000,50000,*,4918,157457,-0.000691231615347444,CHH,AL_FL
588,Fvb5,29350001,29400000,50000,*,9373,139703,-0.0991814326693981,CHH,AL_FL
1,Fvb5,1,50000,50000,*,11136,157489,-0.0193095959408329,CHH,AL_NL
2,Fvb5,50001,100000,50000,*,4105,165067,-0.00673147910070128,CHH,AL_NL
3,Fvb5,100001,150000,50000,*,2373,236331,-0.00254757129782815,CHH,AL_NL
4,Fvb5,150001,200000,50000,*,2830,211699,-0.00407799935210853,CHH,AL_NL
5,Fvb5,200001,250000,50000,*,2448,208448,-0.000903840180708692,CHH,AL_NL
6,Fvb5,250001,300000,50000,*,1427,222577,-0.00183604025000212,CHH,AL_NL
7,Fvb5,300001,350000,50000,*,1207,210945,-0.000826433216488421,CHH,AL_NL
8,Fvb5,350001,400000,50000,*,1611,234694,-0.0023982383426847,CHH,AL_NL
9,Fvb5,400001,450000,50000,*,1469,226706,-0.00227006322709427,CHH,AL_NL
10,Fvb5,450001,500000,50000,*,1555,217963,-0.00375613116034369,CHH,AL_NL
11,Fvb5,500001,550000,50000,*,1349,193012,-0.000877048318753126,CHH,AL_NL
12,Fvb5,550001,600000,50000,*,3947,181858,-0.00594636835779163,CHH,AL_NL
13,Fvb5,600001,650000,50000,*,21294,159030,-0.0934166584376737,CHH,AL_NL
14,Fvb5,650001,700000,50000,*,2647,192769,0.00314168858276335,CHH,AL_NL
15,Fvb5,700001,750000,50000,*,1990,191415,-0.00274143142566187,CHH,AL_NL
16,Fvb5,750001,800000,50000,*,4162,233384,-0.00632741353126304,CHH,AL_NL
17,Fvb5,800001,850000,50000,*,2737,210922,-0.00320904617558567,CHH,AL_NL
18,Fvb5,850001,900000,50000,*,2331,174672,-0.00362022743533567,CHH,AL_NL
19,Fvb5,900001,950000,50000,*,1910,199129,-0.00149024232991317,CHH,AL_NL
20,Fvb5,950001,1000000,50000,*,2123,117244,-0.0245564706724244,CHH,AL_NL
21,Fvb5,1000001,1050000,50000,*,4931,91834,-0.021910525872168,CHH,AL_NL
22,Fvb5,1050001,1100000,50000,*,3429,200998,-0.00462820236692733,CHH,AL_NL
23,Fvb5,1100001,1150000,50000,*,3078,198213,-0.00313374218348005,CHH,AL_NL
24,Fvb5,1150001,1200000,50000,*,2479,193583,-0.000268231845438982,CHH,AL_NL
25,Fvb5,1200001,1250000,50000,*,17258,205249,-0.0372898608918473,CHH,AL_NL
26,Fvb5,1250001,1300000,50000,*,2118,206138,-0.00312096657604918,CHH,AL_NL
27,Fvb5,1300001,1350000,50000,*,3208,201929,-0.00420301868282259,CHH,AL_NL
28,Fvb5,1350001,1400000,50000,*,2026,206288,-0.00174320995494146,CHH,AL_NL
29,Fvb5,1400001,1450000,50000,*,1108,182228,-0.00186966795097492,CHH,AL_NL
30,Fvb5,1450001,1500000,50000,*,4552,165035,-0.0113541836626217,CHH,AL_NL
31,Fvb5,1500001,1550000,50000,*,1412,199196,-0.00243473864424706,CHH,AL_NL
32,Fvb5,1550001,1600000,50000,*,2184,164354,-0.00295812174591275,CHH,AL_NL
33,Fvb5,1600001,1650000,50000,*,1775,141043,-0.00546610707007787,CHH,AL_NL
34,Fvb5,1650001,1700000,50000,*,2659,151678,-0.00174812532591171,CHH,AL_NL
35,Fvb5,1700001,1750000,50000,*,1186,185881,-0.00324273409153582,CHH,AL_NL
36,Fvb5,1750001,1800000,50000,*,1768,209730,-0.00253973213396477,CHH,AL_NL
37,Fvb5,1800001,1850000,50000,*,5077,202778,-0.00740430794512368,CHH,AL_NL
38,Fvb5,1850001,1900000,50000,*,7321,209815,-0.00731804806600315,CHH,AL_NL
39,Fvb5,1900001,1950000,50000,*,1793,231648,-0.00127361660119115,CHH,AL_NL
40,Fvb5,1950001,2000000,50000,*,4374,212056,-0.00644630239146035,CHH,AL_NL
41,Fvb5,2000001,2050000,50000,*,3381,169651,0.00369983901525335,CHH,AL_NL
42,Fvb5,2050001,2100000,50000,*,1966,226266,-0.00359438140417111,CHH,AL_NL
43,Fvb5,2100001,2150000,50000,*,1578,162553,-0.00299175414400176,CHH,AL_NL
44,Fvb5,2150001,2200000,50000,*,1915,184997,-0.00157915906337643,CHH,AL_NL
45,Fvb5,2200001,2250000,50000,*,2326,206224,-0.00216546936352586,CHH,AL_NL
46,Fvb5,2250001,2300000,50000,*,1703,130133,-0.0201601833048661,CHH,AL_NL
47,Fvb5,2300001,2350000,50000,*,2449,184536,0.00259088659229607,CHH,AL_NL
48,Fvb5,2350001,2400000,50000,*,3130,190647,0.0020151971275645,CHH,AL_NL
49,Fvb5,2400001,2450000,50000,*,1877,166475,-0.00432072883924069,CHH,AL_NL
50,Fvb5,2450001,2500000,50000,*,4617,200096,-0.00227297048912964,CHH,AL_NL
51,Fvb5,2500001,2550000,50000,*,7864,204947,-0.0112563070742686,CHH,AL_NL
52,Fvb5,2550001,2600000,50000,*,3161,192699,-0.00392329228083443,CHH,AL_NL
53,Fvb5,2600001,2650000,50000,*,4136,187049,-0.00438985469544591,CHH,AL_NL
54,Fvb5,2650001,2700000,50000,*,1137,191982,-0.00280185048590301,CHH,AL_NL
55,Fvb5,2700001,2750000,50000,*,3822,181571,-0.00256056388968908,CHH,AL_NL
56,Fvb5,2750001,2800000,50000,*,6351,193275,-0.0119073697993292,CHH,AL_NL
57,Fvb5,2800001,2850000,50000,*,30623,231183,-0.081599758260255,CHH,AL_NL
58,Fvb5,2850001,2900000,50000,*,2476,171827,-0.00314639752582313,CHH,AL_NL
59,Fvb5,2900001,2950000,50000,*,2736,205574,-0.00355050576631741,CHH,AL_NL
60,Fvb5,2950001,3000000,50000,*,1837,208941,-0.00025205783702085,CHH,AL_NL
61,Fvb5,3000001,3050000,50000,*,3374,191126,-0.00380053535702175,CHH,AL_NL
62,Fvb5,3050001,3100000,50000,*,1675,178237,-0.00644813456270262,CHH,AL_NL
63,Fvb5,3100001,3150000,50000,*,2382,184908,-0.00567773125939016,CHH,AL_NL
64,Fvb5,3150001,3200000,50000,*,2301,182163,-0.00208473359789258,CHH,AL_NL
65,Fvb5,3200001,3250000,50000,*,1422,200372,-0.00190094381608986,CHH,AL_NL
66,Fvb5,3250001,3300000,50000,*,2571,138237,-0.0212685437215315,CHH,AL_NL
67,Fvb5,3300001,3350000,50000,*,2970,166438,-0.00247270670110524,CHH,AL_NL
68,Fvb5,3350001,3400000,50000,*,407,56404,-0.00319116146399785,CHH,AL_NL
69,Fvb5,3400001,3450000,50000,*,1798,196343,-0.0044485888606133,CHH,AL_NL
70,Fvb5,3450001,3500000,50000,*,1920,207811,-0.00277605955611809,CHH,AL_NL
71,Fvb5,3500001,3550000,50000,*,3050,198516,-0.0035610977648777,CHH,AL_NL
72,Fvb5,3550001,3600000,50000,*,3068,168210,-0.00812161017309643,CHH,AL_NL
73,Fvb5,3600001,3650000,50000,*,4062,188075,-0.00853896983368359,CHH,AL_NL
74,Fvb5,3650001,3700000,50000,*,3123,161607,0.000439823448911962,CHH,AL_NL
75,Fvb5,3700001,3750000,50000,*,2221,225815,-0.0054500065678008,CHH,AL_NL
76,Fvb5,3750001,3800000,50000,*,5104,197780,-0.00487979765714456,CHH,AL_NL
77,Fvb5,3800001,3850000,50000,*,6484,146108,-0.00996559597173501,CHH,AL_NL
78,Fvb5,3850001,3900000,50000,*,3944,201799,-0.00251651568648738,CHH,AL_NL
79,Fvb5,3900001,3950000,50000,*,2615,203025,-0.00141687399058267,CHH,AL_NL
80,Fvb5,3950001,4000000,50000,*,1814,191881,-0.00333390585312381,CHH,AL_NL
81,Fvb5,4000001,4050000,50000,*,1458,114009,-0.0176447036736089,CHH,AL_NL
82,Fvb5,4050001,4100000,50000,*,445,4671,0.0443544199859044,CHH,AL_NL
83,Fvb5,4100001,4150000,50000,*,335,53772,-0.00768715248680681,CHH,AL_NL
84,Fvb5,4150001,4200000,50000,*,2430,210188,-0.00252358652003792,CHH,AL_NL
85,Fvb5,4200001,4250000,50000,*,2763,176920,-0.00217952448800241,CHH,AL_NL
86,Fvb5,4250001,4300000,50000,*,1255,152178,-0.000333940567808921,CHH,AL_NL
87,Fvb5,4300001,4350000,50000,*,5896,157314,-0.0106873197227596,CHH,AL_NL
88,Fvb5,4350001,4400000,50000,*,1429,177494,-0.00198364025335634,CHH,AL_NL
89,Fvb5,4400001,4450000,50000,*,2363,145595,-0.00388282652087024,CHH,AL_NL
90,Fvb5,4450001,4500000,50000,*,46371,265880,-0.148625834582489,CHH,AL_NL
91,Fvb5,4500001,4550000,50000,*,2515,183373,-0.00513623480081242,CHH,AL_NL
92,Fvb5,4550001,4600000,50000,*,1433,208356,-0.00216314331307891,CHH,AL_NL
93,Fvb5,4600001,4650000,50000,*,2460,152871,-0.00417482980588067,CHH,AL_NL
94,Fvb5,4650001,4700000,50000,*,2230,71021,-0.0138540160036462,CHH,AL_NL
95,Fvb5,4700001,4750000,50000,*,4419,143173,-0.00818572676767869,CHH,AL_NL
96,Fvb5,4750001,4800000,50000,*,1810,190651,-0.000675765462778088,CHH,AL_NL
97,Fvb5,4800001,4850000,50000,*,1905,166248,-0.000550969430144661,CHH,AL_NL
98,Fvb5,4850001,4900000,50000,*,2128,226513,0.00245850601671318,CHH,AL_NL
99,Fvb5,4900001,4950000,50000,*,2935,191963,-0.0368779403682674,CHH,AL_NL
100,Fvb5,4950001,5000000,50000,*,2166,173912,-0.00430440573176629,CHH,AL_NL
101,Fvb5,5000001,5050000,50000,*,3298,161584,-0.00429678880435726,CHH,AL_NL
102,Fvb5,5050001,5100000,50000,*,5258,161899,-0.00293623325507052,CHH,AL_NL
103,Fvb5,5100001,5150000,50000,*,9686,190295,-0.00238787815651962,CHH,AL_NL
104,Fvb5,5150001,5200000,50000,*,4403,178319,-0.00829753570942276,CHH,AL_NL
105,Fvb5,5200001,5250000,50000,*,1912,199483,-0.00629791172518696,CHH,AL_NL
106,Fvb5,5250001,5300000,50000,*,3460,180129,-0.00130518089526236,CHH,AL_NL
107,Fvb5,5300001,5350000,50000,*,1712,203710,-0.0027797371172092,CHH,AL_NL
108,Fvb5,5350001,5400000,50000,*,3135,176472,-0.00562745522711254,CHH,AL_NL
109,Fvb5,5400001,5450000,50000,*,1798,200511,-0.00363909610564102,CHH,AL_NL
110,Fvb5,5450001,5500000,50000,*,1840,194723,-0.0031473466813493,CHH,AL_NL
111,Fvb5,5500001,5550000,50000,*,1898,207891,-0.000685718429567703,CHH,AL_NL
112,Fvb5,5550001,5600000,50000,*,2852,192009,-0.0028045057276289,CHH,AL_NL
113,Fvb5,5600001,5650000,50000,*,2667,183564,-0.0039880700560179,CHH,AL_NL
114,Fvb5,5650001,5700000,50000,*,1540,185898,-0.00136660394429387,CHH,AL_NL
115,Fvb5,5700001,5750000,50000,*,1182,171982,-0.00317208918996802,CHH,AL_NL
116,Fvb5,5750001,5800000,50000,*,2617,174496,-0.00371189652590695,CHH,AL_NL
117,Fvb5,5800001,5850000,50000,*,2316,198165,-0.0037659660152184,CHH,AL_NL
118,Fvb5,5850001,5900000,50000,*,5162,189709,-0.0142095423192098,CHH,AL_NL
119,Fvb5,5900001,5950000,50000,*,2249,198273,-0.00228837660485755,CHH,AL_NL
120,Fvb5,5950001,6000000,50000,*,3840,235172,0.000602872987234219,CHH,AL_NL
121,Fvb5,6000001,6050000,50000,*,2621,200038,-0.00354936076284047,CHH,AL_NL
122,Fvb5,6050001,6100000,50000,*,2062,177751,-0.000317901856157486,CHH,AL_NL
123,Fvb5,6100001,6150000,50000,*,2992,178633,-0.00491991709573146,CHH,AL_NL
124,Fvb5,6150001,6200000,50000,*,2668,193107,-0.00297739704055727,CHH,AL_NL
125,Fvb5,6200001,6250000,50000,*,1644,191202,-0.00569133108152068,CHH,AL_NL
126,Fvb5,6250001,6300000,50000,*,463,58569,-0.0155572484400294,CHH,AL_NL
127,Fvb5,6300001,6350000,50000,*,465,9794,-0.0828783938058845,CHH,AL_NL
128,Fvb5,6350001,6400000,50000,*,1993,67450,-0.00932614559797594,CHH,AL_NL
129,Fvb5,6400001,6450000,50000,*,3499,156134,-0.0058075439315311,CHH,AL_NL
130,Fvb5,6450001,6500000,50000,*,1798,199339,-0.000863442234143931,CHH,AL_NL
131,Fvb5,6500001,6550000,50000,*,1562,202845,-0.00275092503798899,CHH,AL_NL
132,Fvb5,6550001,6600000,50000,*,4611,181662,-0.00718246482748057,CHH,AL_NL
133,Fvb5,6600001,6650000,50000,*,1723,191197,-0.00060651879460712,CHH,AL_NL
134,Fvb5,6650001,6700000,50000,*,1674,154476,-0.00456452423924115,CHH,AL_NL
135,Fvb5,6700001,6750000,50000,*,2446,180312,-0.00336351406955063,CHH,AL_NL
136,Fvb5,6750001,6800000,50000,*,3266,171790,-0.0019858521797676,CHH,AL_NL
137,Fvb5,6800001,6850000,50000,*,2139,189864,-0.00378309349913829,CHH,AL_NL
138,Fvb5,6850001,6900000,50000,*,2249,179946,-0.00302783945166416,CHH,AL_NL
139,Fvb5,6900001,6950000,50000,*,3884,191771,-0.00240366956985202,CHH,AL_NL
140,Fvb5,6950001,7000000,50000,*,6153,144676,-0.00516906900213069,CHH,AL_NL
141,Fvb5,7000001,7050000,50000,*,4904,166590,-0.00974629793515798,CHH,AL_NL
142,Fvb5,7050001,7100000,50000,*,3783,204198,-0.00371542294860533,CHH,AL_NL
143,Fvb5,7100001,7150000,50000,*,2000,183771,-0.00684912923057571,CHH,AL_NL
144,Fvb5,7150001,7200000,50000,*,1594,174915,-0.00248333954695648,CHH,AL_NL
145,Fvb5,7200001,7250000,50000,*,3258,202196,-0.00234781672670389,CHH,AL_NL
146,Fvb5,7250001,7300000,50000,*,1923,216562,-0.00190294988539746,CHH,AL_NL
147,Fvb5,7300001,7350000,50000,*,2825,202510,-0.00179792771010047,CHH,AL_NL
148,Fvb5,7350001,7400000,50000,*,2424,324095,-0.00142961726773169,CHH,AL_NL
149,Fvb5,7400001,7450000,50000,*,3203,145375,-0.00399547122895741,CHH,AL_NL
150,Fvb5,7450001,7500000,50000,*,2048,116917,-0.00361220333160792,CHH,AL_NL
151,Fvb5,7500001,7550000,50000,*,2437,218262,-0.00225816118502533,CHH,AL_NL
152,Fvb5,7550001,7600000,50000,*,3429,196931,-0.00301888861666263,CHH,AL_NL
153,Fvb5,7600001,7650000,50000,*,2250,172431,-0.00167627012220777,CHH,AL_NL
154,Fvb5,7650001,7700000,50000,*,2477,156371,-0.00688593884427558,CHH,AL_NL
155,Fvb5,7700001,7750000,50000,*,1096,178449,-0.000902545078093126,CHH,AL_NL
156,Fvb5,7750001,7800000,50000,*,2424,183502,-0.00192222673889778,CHH,AL_NL
157,Fvb5,7800001,7850000,50000,*,1310,149508,-0.00378292703078805,CHH,AL_NL
158,Fvb5,7850001,7900000,50000,*,3572,169167,-0.00642755122391232,CHH,AL_NL
159,Fvb5,7900001,7950000,50000,*,4531,173353,-0.011021392799587,CHH,AL_NL
160,Fvb5,7950001,8000000,50000,*,2537,185613,-0.00185307734392136,CHH,AL_NL
161,Fvb5,8000001,8050000,50000,*,1442,178076,-0.00168060618236907,CHH,AL_NL
162,Fvb5,8050001,8100000,50000,*,3460,168443,-0.00211903917758964,CHH,AL_NL
163,Fvb5,8100001,8150000,50000,*,2012,195090,-0.00657319239825392,CHH,AL_NL
164,Fvb5,8150001,8200000,50000,*,3501,191681,-0.0120462481468634,CHH,AL_NL
165,Fvb5,8200001,8250000,50000,*,1619,198159,-0.00111037541338098,CHH,AL_NL
166,Fvb5,8250001,8300000,50000,*,4626,142502,-0.00681252214608131,CHH,AL_NL
167,Fvb5,8300001,8350000,50000,*,3107,175005,0.00020239694720733,CHH,AL_NL
168,Fvb5,8350001,8400000,50000,*,3948,124665,-0.0199946988980072,CHH,AL_NL
169,Fvb5,8400001,8450000,50000,*,2364,179588,-0.00564045715571215,CHH,AL_NL
170,Fvb5,8450001,8500000,50000,*,3276,182879,-0.0049370704518671,CHH,AL_NL
171,Fvb5,8500001,8550000,50000,*,2210,197777,-0.00252306483193917,CHH,AL_NL
172,Fvb5,8550001,8600000,50000,*,1552,199875,-0.00162735430093356,CHH,AL_NL
173,Fvb5,8600001,8650000,50000,*,2788,196277,-0.00530731107039274,CHH,AL_NL
174,Fvb5,8650001,8700000,50000,*,6103,204365,-0.00969675978819368,CHH,AL_NL
175,Fvb5,8700001,8750000,50000,*,1742,233325,-0.00243857331574324,CHH,AL_NL
176,Fvb5,8750001,8800000,50000,*,4790,199965,-0.00329646256918108,CHH,AL_NL
177,Fvb5,8800001,8850000,50000,*,3567,117736,-0.0109837172088475,CHH,AL_NL
178,Fvb5,8850001,8900000,50000,*,3067,187149,-0.0100344077882477,CHH,AL_NL
179,Fvb5,8900001,8950000,50000,*,3256,182391,-0.00384198599074624,CHH,AL_NL
180,Fvb5,8950001,9000000,50000,*,2457,217433,-0.0010609781765879,CHH,AL_NL
181,Fvb5,9000001,9050000,50000,*,6554,203614,-0.00354030349295939,CHH,AL_NL
182,Fvb5,9050001,9100000,50000,*,1888,175715,-0.00127739715492138,CHH,AL_NL
183,Fvb5,9100001,9150000,50000,*,6369,186064,-0.0105426716335832,CHH,AL_NL
184,Fvb5,9150001,9200000,50000,*,15413,149631,0.00851893644590759,CHH,AL_NL
185,Fvb5,9200001,9250000,50000,*,5211,197180,-0.00258393043398582,CHH,AL_NL
186,Fvb5,9250001,9300000,50000,*,2189,188454,-0.00347580663199752,CHH,AL_NL
187,Fvb5,9300001,9350000,50000,*,1604,199486,-0.00302463239160232,CHH,AL_NL
188,Fvb5,9350001,9400000,50000,*,3859,191938,-0.00202077477173491,CHH,AL_NL
189,Fvb5,9400001,9450000,50000,*,3963,161101,-0.00667867477816844,CHH,AL_NL
190,Fvb5,9450001,9500000,50000,*,3669,164101,-0.00106577376634753,CHH,AL_NL
191,Fvb5,9500001,9550000,50000,*,1832,175439,-0.00451258004810302,CHH,AL_NL
192,Fvb5,9550001,9600000,50000,*,4513,167938,-0.0107625721282529,CHH,AL_NL
193,Fvb5,9600001,9650000,50000,*,1278,198203,-0.00240554029571459,CHH,AL_NL
194,Fvb5,9650001,9700000,50000,*,1299,209316,-0.00185348976601736,CHH,AL_NL
195,Fvb5,9700001,9750000,50000,*,2194,183450,-0.00223158983789564,CHH,AL_NL
196,Fvb5,9750001,9800000,50000,*,2582,171251,-0.00281068715900766,CHH,AL_NL
197,Fvb5,9800001,9850000,50000,*,4105,200104,-0.00139747243786011,CHH,AL_NL
198,Fvb5,9850001,9900000,50000,*,2713,204539,-0.00241433716824241,CHH,AL_NL
199,Fvb5,9900001,9950000,50000,*,11298,183518,0.010644205022582,CHH,AL_NL
200,Fvb5,9950001,10000000,50000,*,2744,201074,-0.00333230242643659,CHH,AL_NL
201,Fvb5,10000001,10050000,50000,*,1586,194983,-0.000997704191281394,CHH,AL_NL
202,Fvb5,10050001,10100000,50000,*,3063,189556,-0.00258738511933969,CHH,AL_NL
203,Fvb5,10100001,10150000,50000,*,4112,192500,-0.00329057451798135,CHH,AL_NL
204,Fvb5,10150001,10200000,50000,*,1981,204533,-0.00452067986035556,CHH,AL_NL
205,Fvb5,10200001,10250000,50000,*,2410,188840,-0.00451932221264817,CHH,AL_NL
206,Fvb5,10250001,10300000,50000,*,5410,155075,-0.00547513643993421,CHH,AL_NL
207,Fvb5,10300001,10350000,50000,*,4117,181072,-0.00292586640609603,CHH,AL_NL
208,Fvb5,10350001,10400000,50000,*,2800,150810,-0.00314938749463162,CHH,AL_NL
209,Fvb5,10400001,10450000,50000,*,2544,198751,-0.00299435879711606,CHH,AL_NL
210,Fvb5,10450001,10500000,50000,*,3397,128906,-0.00933335298470287,CHH,AL_NL
211,Fvb5,10500001,10550000,50000,*,4763,189239,-0.00730004987345244,CHH,AL_NL
212,Fvb5,10550001,10600000,50000,*,2579,174930,-0.0104878432955505,CHH,AL_NL
213,Fvb5,10600001,10650000,50000,*,2590,87506,-0.0112294837847158,CHH,AL_NL
214,Fvb5,10650001,10700000,50000,*,2948,172322,-0.002579990104007,CHH,AL_NL
215,Fvb5,10700001,10750000,50000,*,2852,196352,-0.00494833826125,CHH,AL_NL
216,Fvb5,10750001,10800000,50000,*,2654,174093,-0.00725895559722816,CHH,AL_NL
217,Fvb5,10800001,10850000,50000,*,4371,158828,-0.0182722404755147,CHH,AL_NL
218,Fvb5,10850001,10900000,50000,*,1913,183011,-0.00345172674508062,CHH,AL_NL
219,Fvb5,10900001,10950000,50000,*,4588,138636,-0.00842121457094728,CHH,AL_NL
220,Fvb5,10950001,11000000,50000,*,1807,167866,-0.0106429497765012,CHH,AL_NL
221,Fvb5,11000001,11050000,50000,*,3879,192946,-0.00779061240221062,CHH,AL_NL
222,Fvb5,11050001,11100000,50000,*,3972,181601,-0.00967754571946976,CHH,AL_NL
223,Fvb5,11100001,11150000,50000,*,6043,159702,-0.00638677794003268,CHH,AL_NL
224,Fvb5,11150001,11200000,50000,*,5767,138969,-0.012168424927951,CHH,AL_NL
225,Fvb5,11200001,11250000,50000,*,5333,164312,-0.00309117583673386,CHH,AL_NL
226,Fvb5,11250001,11300000,50000,*,6443,162711,-0.00170117327165659,CHH,AL_NL
227,Fvb5,11300001,11350000,50000,*,4385,162646,-0.00854484767589099,CHH,AL_NL
228,Fvb5,11350001,11400000,50000,*,3296,149761,-0.00221427980476039,CHH,AL_NL
229,Fvb5,11400001,11450000,50000,*,412,35080,-0.00696968427859377,CHH,AL_NL
230,Fvb5,11450001,11500000,50000,*,4567,167863,-0.0058466825867515,CHH,AL_NL
231,Fvb5,11500001,11550000,50000,*,2666,181581,-0.0033966736774063,CHH,AL_NL
232,Fvb5,11550001,11600000,50000,*,6074,159400,-0.0133937020538179,CHH,AL_NL
233,Fvb5,11600001,11650000,50000,*,3369,170246,-0.00397632403008039,CHH,AL_NL
234,Fvb5,11650001,11700000,50000,*,5387,164341,-0.0015683394863589,CHH,AL_NL
235,Fvb5,11700001,11750000,50000,*,2495,108014,-0.0106692234167748,CHH,AL_NL
236,Fvb5,11750001,11800000,50000,*,4926,144283,-0.00742428018330482,CHH,AL_NL
237,Fvb5,11800001,11850000,50000,*,2894,183390,-0.0041213003613672,CHH,AL_NL
238,Fvb5,11850001,11900000,50000,*,4675,151837,-0.00957544620762112,CHH,AL_NL
239,Fvb5,11900001,11950000,50000,*,4391,172916,-0.00506194803271972,CHH,AL_NL
240,Fvb5,11950001,12000000,50000,*,2886,178882,-0.00319227326521589,CHH,AL_NL
241,Fvb5,12000001,12050000,50000,*,2640,168472,-0.00383605743702812,CHH,AL_NL
242,Fvb5,12050001,12100000,50000,*,4502,168255,-0.00377365116824742,CHH,AL_NL
243,Fvb5,12100001,12150000,50000,*,3518,170610,-0.00502968108279655,CHH,AL_NL
244,Fvb5,12150001,12200000,50000,*,2187,146174,-0.0105107302883418,CHH,AL_NL
245,Fvb5,12200001,12250000,50000,*,4464,165350,-0.00426764833123532,CHH,AL_NL
246,Fvb5,12250001,12300000,50000,*,1216,186414,-0.00176219130154197,CHH,AL_NL
247,Fvb5,12300001,12350000,50000,*,3376,198682,-0.0033816818582384,CHH,AL_NL
248,Fvb5,12350001,12400000,50000,*,1209,174962,-0.00309858111280611,CHH,AL_NL
249,Fvb5,12400001,12450000,50000,*,5411,173019,-0.0119643949933799,CHH,AL_NL
250,Fvb5,12450001,12500000,50000,*,2837,182139,-0.00343313203299137,CHH,AL_NL
251,Fvb5,12500001,12550000,50000,*,5539,187089,-0.00769668232514567,CHH,AL_NL
252,Fvb5,12550001,12600000,50000,*,9856,144940,-0.01871734978471,CHH,AL_NL
253,Fvb5,12600001,12650000,50000,*,3144,171260,0.000107386255328207,CHH,AL_NL
254,Fvb5,12650001,12700000,50000,*,3686,187249,-0.00713041707537697,CHH,AL_NL
255,Fvb5,12700001,12750000,50000,*,3883,176520,-0.00302474782827376,CHH,AL_NL
256,Fvb5,12750001,12800000,50000,*,9528,151665,-0.00983611621196975,CHH,AL_NL
257,Fvb5,12800001,12850000,50000,*,3747,139922,-0.00327926657572121,CHH,AL_NL
258,Fvb5,12850001,12900000,50000,*,2525,168975,-0.00236003321487053,CHH,AL_NL
259,Fvb5,12900001,12950000,50000,*,4751,170554,-0.00572484741281091,CHH,AL_NL
260,Fvb5,12950001,13000000,50000,*,4667,190287,-0.00971433758954345,CHH,AL_NL
261,Fvb5,13000001,13050000,50000,*,4404,186637,-0.00851596203832681,CHH,AL_NL
262,Fvb5,13050001,13100000,50000,*,2948,206562,-0.00292398029952473,CHH,AL_NL
263,Fvb5,13100001,13150000,50000,*,2775,204474,-0.00411379921229861,CHH,AL_NL
264,Fvb5,13150001,13200000,50000,*,9724,159306,-0.0235011404210999,CHH,AL_NL
265,Fvb5,13200001,13250000,50000,*,3064,153559,-0.00583633683390547,CHH,AL_NL
266,Fvb5,13250001,13300000,50000,*,7723,167009,-0.0137472047993604,CHH,AL_NL
267,Fvb5,13300001,13350000,50000,*,5890,176494,-0.00771035643660739,CHH,AL_NL
268,Fvb5,13350001,13400000,50000,*,2959,149974,-0.0065379572435385,CHH,AL_NL
269,Fvb5,13400001,13450000,50000,*,7094,183672,-0.010556505401381,CHH,AL_NL
270,Fvb5,13450001,13500000,50000,*,6160,179740,-0.00634336896478802,CHH,AL_NL
271,Fvb5,13500001,13550000,50000,*,6073,159299,-0.0113168294611288,CHH,AL_NL
272,Fvb5,13550001,13600000,50000,*,3226,52041,-0.0168442007734488,CHH,AL_NL
273,Fvb5,13600001,13650000,50000,*,6485,102243,-0.0246689361825681,CHH,AL_NL
274,Fvb5,13650001,13700000,50000,*,3121,146297,-0.00205974095782899,CHH,AL_NL
275,Fvb5,13700001,13750000,50000,*,7056,146157,0.00212575456274225,CHH,AL_NL
276,Fvb5,13750001,13800000,50000,*,4603,188605,0.00181180728197835,CHH,AL_NL
277,Fvb5,13800001,13850000,50000,*,2639,190344,0.000208431758276246,CHH,AL_NL
278,Fvb5,13850001,13900000,50000,*,3601,163481,-0.00442302569888185,CHH,AL_NL
279,Fvb5,13900001,13950000,50000,*,4565,134547,-0.00480889961416357,CHH,AL_NL
280,Fvb5,13950001,14000000,50000,*,3717,188674,-0.00452504996075567,CHH,AL_NL
281,Fvb5,14000001,14050000,50000,*,2511,174567,-0.00261731362033627,CHH,AL_NL
282,Fvb5,14050001,14100000,50000,*,6585,167882,-0.0128488473788591,CHH,AL_NL
283,Fvb5,14100001,14150000,50000,*,5692,194436,-0.0126738935191019,CHH,AL_NL
284,Fvb5,14150001,14200000,50000,*,5710,170768,-0.00260696982444784,CHH,AL_NL
285,Fvb5,14200001,14250000,50000,*,4766,80043,-0.0242376741865462,CHH,AL_NL
286,Fvb5,14250001,14300000,50000,*,5751,161420,0.00143088545822962,CHH,AL_NL
287,Fvb5,14300001,14350000,50000,*,2909,161944,-0.00397423619056007,CHH,AL_NL
288,Fvb5,14350001,14400000,50000,*,4928,160126,-0.000609637949103431,CHH,AL_NL
289,Fvb5,14400001,14450000,50000,*,5913,175585,-0.00583020936484287,CHH,AL_NL
290,Fvb5,14450001,14500000,50000,*,3294,180802,-0.00587292471083469,CHH,AL_NL
291,Fvb5,14500001,14550000,50000,*,8356,148665,-0.00533031970854978,CHH,AL_NL
292,Fvb5,14550001,14600000,50000,*,3616,184885,-0.00473352359106532,CHH,AL_NL
293,Fvb5,14600001,14650000,50000,*,4562,161970,-0.0115885165373422,CHH,AL_NL
294,Fvb5,14650001,14700000,50000,*,6162,158942,-0.00631183437516181,CHH,AL_NL
295,Fvb5,14700001,14750000,50000,*,3897,167936,-0.00301944560426855,CHH,AL_NL
296,Fvb5,14750001,14800000,50000,*,5081,186754,-0.00452606419345863,CHH,AL_NL
297,Fvb5,14800001,14850000,50000,*,7277,169033,-0.00653978182385273,CHH,AL_NL
298,Fvb5,14850001,14900000,50000,*,3926,155186,-0.0080569073906857,CHH,AL_NL
299,Fvb5,14900001,14950000,50000,*,7593,166609,-0.00931596531639491,CHH,AL_NL
300,Fvb5,14950001,15000000,50000,*,3800,160814,-0.00393653055324862,CHH,AL_NL
301,Fvb5,15000001,15050000,50000,*,4891,114798,-0.0057524723865459,CHH,AL_NL
302,Fvb5,15050001,15100000,50000,*,7926,187714,0.00905560612763996,CHH,AL_NL
303,Fvb5,15100001,15150000,50000,*,4302,171938,-0.00764599608961239,CHH,AL_NL
304,Fvb5,15150001,15200000,50000,*,5710,163076,-0.00861389761542145,CHH,AL_NL
305,Fvb5,15200001,15250000,50000,*,2947,153253,-0.00441632822856189,CHH,AL_NL
306,Fvb5,15250001,15300000,50000,*,2853,183847,-0.00229638081679123,CHH,AL_NL
307,Fvb5,15300001,15350000,50000,*,10761,153887,-0.0225917509058825,CHH,AL_NL
308,Fvb5,15350001,15400000,50000,*,7507,158751,-0.019808530835233,CHH,AL_NL
309,Fvb5,15400001,15450000,50000,*,3869,195999,-0.00523454374669481,CHH,AL_NL
310,Fvb5,15450001,15500000,50000,*,5687,149773,-0.00673462213706245,CHH,AL_NL
311,Fvb5,15500001,15550000,50000,*,5761,80975,-0.0251211864755207,CHH,AL_NL
312,Fvb5,15550001,15600000,50000,*,7398,121880,-0.0183709455509174,CHH,AL_NL
313,Fvb5,15600001,15650000,50000,*,9617,118650,-0.00594482097370731,CHH,AL_NL
314,Fvb5,15650001,15700000,50000,*,6682,144728,-0.0101028798715894,CHH,AL_NL
315,Fvb5,15700001,15750000,50000,*,7247,161411,-0.0095806109490518,CHH,AL_NL
316,Fvb5,15750001,15800000,50000,*,4380,185762,-0.00444579973044211,CHH,AL_NL
317,Fvb5,15800001,15850000,50000,*,4056,190685,-0.0026179262195614,CHH,AL_NL
318,Fvb5,15850001,15900000,50000,*,6930,183174,-0.0123492052509749,CHH,AL_NL
319,Fvb5,15900001,15950000,50000,*,4859,386910,-0.00613324171825831,CHH,AL_NL
320,Fvb5,15950001,16000000,50000,*,7695,156030,-0.00803680829898226,CHH,AL_NL
321,Fvb5,16000001,16050000,50000,*,2443,182548,-0.000710328683555833,CHH,AL_NL
322,Fvb5,16050001,16100000,50000,*,5619,189340,-0.00620635370937301,CHH,AL_NL
323,Fvb5,16100001,16150000,50000,*,8259,161545,-0.00728400821853798,CHH,AL_NL
324,Fvb5,16150001,16200000,50000,*,6418,118957,-0.0131739364200398,CHH,AL_NL
325,Fvb5,16200001,16250000,50000,*,7268,116801,-0.0269441611184189,CHH,AL_NL
326,Fvb5,16250001,16300000,50000,*,5701,165651,-0.00759395403535354,CHH,AL_NL
327,Fvb5,16300001,16350000,50000,*,8912,171523,-0.0178542763709854,CHH,AL_NL
328,Fvb5,16350001,16400000,50000,*,5771,101994,-0.0156321175717567,CHH,AL_NL
329,Fvb5,16400001,16450000,50000,*,7266,116649,-0.023379580770094,CHH,AL_NL
330,Fvb5,16450001,16500000,50000,*,7039,154714,-0.0116156742828566,CHH,AL_NL
331,Fvb5,16500001,16550000,50000,*,4947,69829,-0.00357948919841472,CHH,AL_NL
332,Fvb5,16550001,16600000,50000,*,3614,172453,-0.00803046842078774,CHH,AL_NL
333,Fvb5,16600001,16650000,50000,*,4917,180290,-0.00198833255498676,CHH,AL_NL
334,Fvb5,16650001,16700000,50000,*,8904,159842,-0.0059472105831485,CHH,AL_NL
335,Fvb5,16700001,16750000,50000,*,4687,144376,-0.00852295785998824,CHH,AL_NL
336,Fvb5,16750001,16800000,50000,*,3641,157617,-0.00436619078659208,CHH,AL_NL
337,Fvb5,16800001,16850000,50000,*,3561,130696,-0.00814351289062562,CHH,AL_NL
338,Fvb5,16850001,16900000,50000,*,7437,160205,-0.0104594664699188,CHH,AL_NL
339,Fvb5,16900001,16950000,50000,*,4357,180050,-0.00539490904639494,CHH,AL_NL
340,Fvb5,16950001,17000000,50000,*,6221,165009,-0.0120591723103311,CHH,AL_NL
341,Fvb5,17000001,17050000,50000,*,6545,132182,-0.0147395952088544,CHH,AL_NL
342,Fvb5,17050001,17100000,50000,*,1217,79907,-0.00578892143144709,CHH,AL_NL
343,Fvb5,17100001,17150000,50000,*,3858,171049,-0.00365770365515103,CHH,AL_NL
344,Fvb5,17150001,17200000,50000,*,7383,152771,-0.0100187335273358,CHH,AL_NL
345,Fvb5,17200001,17250000,50000,*,3664,173524,-0.0047989386861007,CHH,AL_NL
346,Fvb5,17250001,17300000,50000,*,5724,160987,-0.00610834928658085,CHH,AL_NL
347,Fvb5,17300001,17350000,50000,*,3193,178813,-0.00542423439750646,CHH,AL_NL
348,Fvb5,17350001,17400000,50000,*,3506,172537,-0.00397420442591617,CHH,AL_NL
349,Fvb5,17400001,17450000,50000,*,9641,179778,-0.0129806983160862,CHH,AL_NL
350,Fvb5,17450001,17500000,50000,*,7562,143722,-0.0151066945754569,CHH,AL_NL
351,Fvb5,17500001,17550000,50000,*,3146,173578,-0.000681595853573861,CHH,AL_NL
352,Fvb5,17550001,17600000,50000,*,4278,176167,-0.00486995767092839,CHH,AL_NL
353,Fvb5,17600001,17650000,50000,*,5052,133623,-0.00515073039220523,CHH,AL_NL
354,Fvb5,17650001,17700000,50000,*,6424,182101,-0.0154386002678525,CHH,AL_NL
355,Fvb5,17700001,17750000,50000,*,7822,169702,-0.0169162802116895,CHH,AL_NL
356,Fvb5,17750001,17800000,50000,*,9215,164845,-0.0166542873555066,CHH,AL_NL
357,Fvb5,17800001,17850000,50000,*,6202,155600,-0.00517980074398879,CHH,AL_NL
358,Fvb5,17850001,17900000,50000,*,4868,173623,-0.0041454024674775,CHH,AL_NL
359,Fvb5,17900001,17950000,50000,*,5786,189538,-0.00823277641977734,CHH,AL_NL
360,Fvb5,17950001,18000000,50000,*,6565,177665,-0.000758002352415132,CHH,AL_NL
361,Fvb5,18000001,18050000,50000,*,6787,169838,-0.0104232287971443,CHH,AL_NL
362,Fvb5,18050001,18100000,50000,*,5860,124967,-0.000848455876409339,CHH,AL_NL
363,Fvb5,18100001,18150000,50000,*,3480,163864,-0.00352939330796005,CHH,AL_NL
364,Fvb5,18150001,18200000,50000,*,2272,170148,-0.00232914530556206,CHH,AL_NL
365,Fvb5,18200001,18250000,50000,*,3839,172019,-0.00627499522410259,CHH,AL_NL
366,Fvb5,18250001,18300000,50000,*,6934,543694,-0.00409088564199218,CHH,AL_NL
367,Fvb5,18300001,18350000,50000,*,7508,159751,-0.00281449643493149,CHH,AL_NL
368,Fvb5,18350001,18400000,50000,*,4511,183122,-0.00442923720145727,CHH,AL_NL
369,Fvb5,18400001,18450000,50000,*,1426,204967,-0.00124836593530067,CHH,AL_NL
370,Fvb5,18450001,18500000,50000,*,3208,158967,-0.0119778737017725,CHH,AL_NL
371,Fvb5,18500001,18550000,50000,*,2179,187113,-0.00211940697722066,CHH,AL_NL
372,Fvb5,18550001,18600000,50000,*,1752,158777,-0.000770504548491294,CHH,AL_NL
373,Fvb5,18600001,18650000,50000,*,4373,149432,-0.00055927527999142,CHH,AL_NL
374,Fvb5,18650001,18700000,50000,*,6493,162169,-0.00834207321189397,CHH,AL_NL
375,Fvb5,18700001,18750000,50000,*,1652,179416,-0.00142228766394329,CHH,AL_NL
376,Fvb5,18750001,18800000,50000,*,2996,152360,-0.00327917881718139,CHH,AL_NL
377,Fvb5,18800001,18850000,50000,*,1286,167421,-0.00165395532461269,CHH,AL_NL
378,Fvb5,18850001,18900000,50000,*,3260,170575,-0.00435622972456266,CHH,AL_NL
379,Fvb5,18900001,18950000,50000,*,5748,131439,-0.00649904814428282,CHH,AL_NL
380,Fvb5,18950001,19000000,50000,*,3672,166195,0.00520795032214158,CHH,AL_NL
381,Fvb5,19000001,19050000,50000,*,5405,137932,-0.00324258799431532,CHH,AL_NL
382,Fvb5,19050001,19100000,50000,*,3027,149724,-0.00619783624643116,CHH,AL_NL
383,Fvb5,19100001,19150000,50000,*,2911,164334,-0.00227316698455848,CHH,AL_NL
384,Fvb5,19150001,19200000,50000,*,7633,152948,-0.00178293863812884,CHH,AL_NL
385,Fvb5,19200001,19250000,50000,*,6894,150428,-0.021695287479843,CHH,AL_NL
386,Fvb5,19250001,19300000,50000,*,4802,175724,-0.00662888894752641,CHH,AL_NL
387,Fvb5,19300001,19350000,50000,*,4064,163623,-0.00441767805001904,CHH,AL_NL
388,Fvb5,19350001,19400000,50000,*,5987,186391,0.00287664049239944,CHH,AL_NL
389,Fvb5,19400001,19450000,50000,*,2623,140397,-0.00654232857161094,CHH,AL_NL
390,Fvb5,19450001,19500000,50000,*,4063,130320,-0.0201912675485096,CHH,AL_NL
391,Fvb5,19500001,19550000,50000,*,5845,114513,-0.0162808360521788,CHH,AL_NL
392,Fvb5,19550001,19600000,50000,*,4929,78347,-0.0665517088057096,CHH,AL_NL
393,Fvb5,19600001,19650000,50000,*,4179,88033,-0.0279858996436884,CHH,AL_NL
394,Fvb5,19650001,19700000,50000,*,2155,79117,-0.0117733520313856,CHH,AL_NL
395,Fvb5,19700001,19750000,50000,*,4861,70536,-0.06359785078314,CHH,AL_NL
396,Fvb5,19750001,19800000,50000,*,7189,138239,-0.0106350798356911,CHH,AL_NL
397,Fvb5,19800001,19850000,50000,*,3871,171446,-0.00583260422871867,CHH,AL_NL
398,Fvb5,19850001,19900000,50000,*,2158,170817,-0.00277731381187518,CHH,AL_NL
399,Fvb5,19900001,19950000,50000,*,2841,177898,-0.00538804097885854,CHH,AL_NL
400,Fvb5,19950001,20000000,50000,*,3401,169353,-0.00214414929020254,CHH,AL_NL
401,Fvb5,20000001,20050000,50000,*,2860,168988,-0.00394224932694537,CHH,AL_NL
402,Fvb5,20050001,20100000,50000,*,5922,164348,-0.00358466025189377,CHH,AL_NL
403,Fvb5,20100001,20150000,50000,*,1794,155912,-0.00103055513047876,CHH,AL_NL
404,Fvb5,20150001,20200000,50000,*,4031,181442,-0.0058978981016957,CHH,AL_NL
405,Fvb5,20200001,20250000,50000,*,2596,204288,0.00012696872774013,CHH,AL_NL
406,Fvb5,20250001,20300000,50000,*,3614,137366,-0.00687726220030957,CHH,AL_NL
407,Fvb5,20300001,20350000,50000,*,2573,205201,-0.00383945014860878,CHH,AL_NL
408,Fvb5,20350001,20400000,50000,*,3159,129875,-0.00625079607463235,CHH,AL_NL
409,Fvb5,20400001,20450000,50000,*,3772,190795,-0.00777370953442596,CHH,AL_NL
410,Fvb5,20450001,20500000,50000,*,3992,174991,-0.00722866896440155,CHH,AL_NL
411,Fvb5,20500001,20550000,50000,*,4487,153206,-0.00800284233266624,CHH,AL_NL
412,Fvb5,20550001,20600000,50000,*,1822,155694,-0.00578694649142953,CHH,AL_NL
413,Fvb5,20600001,20650000,50000,*,1956,144489,-0.00763320220634155,CHH,AL_NL
414,Fvb5,20650001,20700000,50000,*,4205,163763,-0.00962610304168117,CHH,AL_NL
415,Fvb5,20700001,20750000,50000,*,4424,156948,-0.00557818075052548,CHH,AL_NL
416,Fvb5,20750001,20800000,50000,*,1978,167006,-0.0029542673420692,CHH,AL_NL
417,Fvb5,20800001,20850000,50000,*,5115,185043,-0.0107961252265512,CHH,AL_NL
418,Fvb5,20850001,20900000,50000,*,9942,146657,-0.0175727880421188,CHH,AL_NL
419,Fvb5,20900001,20950000,50000,*,5694,161900,-0.00981024323360698,CHH,AL_NL
420,Fvb5,20950001,21000000,50000,*,5334,176860,-0.00749611966711828,CHH,AL_NL
421,Fvb5,21000001,21050000,50000,*,2996,188868,-0.00349577729390104,CHH,AL_NL
422,Fvb5,21050001,21100000,50000,*,8711,159688,-0.0132552773265127,CHH,AL_NL
423,Fvb5,21100001,21150000,50000,*,6112,178004,-0.010040722388042,CHH,AL_NL
424,Fvb5,21150001,21200000,50000,*,8588,133359,-0.00574406577180459,CHH,AL_NL
425,Fvb5,21200001,21250000,50000,*,5088,192357,-0.00482853083665425,CHH,AL_NL
426,Fvb5,21250001,21300000,50000,*,6458,156217,-0.0112331930742829,CHH,AL_NL
427,Fvb5,21300001,21350000,50000,*,2772,177221,-0.0041706797566006,CHH,AL_NL
428,Fvb5,21350001,21400000,50000,*,4962,162773,-0.0108750937891001,CHH,AL_NL
429,Fvb5,21400001,21450000,50000,*,4662,130197,-0.00773815154744198,CHH,AL_NL
430,Fvb5,21450001,21500000,50000,*,1476,103799,-0.00381227228411397,CHH,AL_NL
431,Fvb5,21500001,21550000,50000,*,5997,141800,-0.00737330494452346,CHH,AL_NL
432,Fvb5,21550001,21600000,50000,*,6351,149801,-0.00686313818354948,CHH,AL_NL
433,Fvb5,21600001,21650000,50000,*,4526,165873,-0.00524663223569998,CHH,AL_NL
434,Fvb5,21650001,21700000,50000,*,6505,182919,-0.00785109300674305,CHH,AL_NL
435,Fvb5,21700001,21750000,50000,*,2345,171135,-0.00370868592716723,CHH,AL_NL
436,Fvb5,21750001,21800000,50000,*,7707,149637,-0.00583341398335742,CHH,AL_NL
437,Fvb5,21800001,21850000,50000,*,6717,175944,-0.00800332054280099,CHH,AL_NL
438,Fvb5,21850001,21900000,50000,*,8184,154310,-0.00908553053583907,CHH,AL_NL
439,Fvb5,21900001,21950000,50000,*,3600,128142,-0.00670806899086049,CHH,AL_NL
440,Fvb5,21950001,22000000,50000,*,3351,201170,-0.00520740690553134,CHH,AL_NL
441,Fvb5,22000001,22050000,50000,*,4621,162431,-0.00822230412126747,CHH,AL_NL
442,Fvb5,22050001,22100000,50000,*,4984,202170,-0.00296167932665885,CHH,AL_NL
443,Fvb5,22100001,22150000,50000,*,3388,184815,-0.0056266917035176,CHH,AL_NL
444,Fvb5,22150001,22200000,50000,*,8864,168010,-0.0149277064189081,CHH,AL_NL
445,Fvb5,22200001,22250000,50000,*,5154,177686,-0.00405960243625508,CHH,AL_NL
446,Fvb5,22250001,22300000,50000,*,6767,209252,-0.010993268428601,CHH,AL_NL
447,Fvb5,22300001,22350000,50000,*,5151,138383,-0.0131776977049094,CHH,AL_NL
448,Fvb5,22350001,22400000,50000,*,5710,163799,-0.0153819306788955,CHH,AL_NL
449,Fvb5,22400001,22450000,50000,*,6031,129673,-0.0158592581839086,CHH,AL_NL
450,Fvb5,22450001,22500000,50000,*,8306,170937,-0.0243593977487012,CHH,AL_NL
451,Fvb5,22500001,22550000,50000,*,8809,117593,-0.0299785486124275,CHH,AL_NL
452,Fvb5,22550001,22600000,50000,*,5607,140059,-0.0147297809115526,CHH,AL_NL
453,Fvb5,22600001,22650000,50000,*,6832,113504,-0.0290086314693423,CHH,AL_NL
454,Fvb5,22650001,22700000,50000,*,7505,124131,-0.0256511470119699,CHH,AL_NL
455,Fvb5,22700001,22750000,50000,*,9891,170268,-0.0173506765740945,CHH,AL_NL
456,Fvb5,22750001,22800000,50000,*,2798,173485,-0.00190398760529613,CHH,AL_NL
457,Fvb5,22800001,22850000,50000,*,3599,156972,-0.00992542566605533,CHH,AL_NL
458,Fvb5,22850001,22900000,50000,*,8495,194318,-0.0130768951624544,CHH,AL_NL
459,Fvb5,22900001,22950000,50000,*,6296,170698,-0.00517512480295984,CHH,AL_NL
460,Fvb5,22950001,23000000,50000,*,6189,174028,-0.0127088320512722,CHH,AL_NL
461,Fvb5,23000001,23050000,50000,*,6234,179695,-0.0095432993906242,CHH,AL_NL
462,Fvb5,23050001,23100000,50000,*,5217,179075,-0.00511199457468018,CHH,AL_NL
463,Fvb5,23100001,23150000,50000,*,3691,186774,0.0022442488324981,CHH,AL_NL
464,Fvb5,23150001,23200000,50000,*,5349,143451,-0.0123561150170908,CHH,AL_NL
465,Fvb5,23200001,23250000,50000,*,6212,160367,-0.0126718251015809,CHH,AL_NL
466,Fvb5,23250001,23300000,50000,*,3047,208266,-0.00232823939323477,CHH,AL_NL
467,Fvb5,23300001,23350000,50000,*,4380,176494,-0.00613453333401984,CHH,AL_NL
468,Fvb5,23350001,23400000,50000,*,6179,176024,-0.010348037123536,CHH,AL_NL
469,Fvb5,23400001,23450000,50000,*,3787,167051,-0.0026021813475919,CHH,AL_NL
470,Fvb5,23450001,23500000,50000,*,3738,181888,-0.00538810505552167,CHH,AL_NL
471,Fvb5,23500001,23550000,50000,*,5356,182331,-0.00410018238001948,CHH,AL_NL
472,Fvb5,23550001,23600000,50000,*,4821,175365,-0.00873502018601598,CHH,AL_NL
473,Fvb5,23600001,23650000,50000,*,2714,174755,-0.00374543915542554,CHH,AL_NL
474,Fvb5,23650001,23700000,50000,*,3953,144557,-0.0107784974192128,CHH,AL_NL
475,Fvb5,23700001,23750000,50000,*,2332,171656,-0.0042184602072213,CHH,AL_NL
476,Fvb5,23750001,23800000,50000,*,6180,157181,0.00312069736928101,CHH,AL_NL
477,Fvb5,23800001,23850000,50000,*,4619,183711,-0.0107783553646773,CHH,AL_NL
478,Fvb5,23850001,23900000,50000,*,3820,158589,-0.00489010547417667,CHH,AL_NL
479,Fvb5,23900001,23950000,50000,*,3957,178595,-0.00483505444827609,CHH,AL_NL
480,Fvb5,23950001,24000000,50000,*,5458,136794,-0.0104671959027866,CHH,AL_NL
481,Fvb5,24000001,24050000,50000,*,4246,135062,-0.00455442425469053,CHH,AL_NL
482,Fvb5,24050001,24100000,50000,*,692,55835,-0.000132772492696246,CHH,AL_NL
483,Fvb5,24100001,24150000,50000,*,3044,169044,-0.0053156421937658,CHH,AL_NL
484,Fvb5,24150001,24200000,50000,*,4867,178974,-0.00575182832558707,CHH,AL_NL
485,Fvb5,24200001,24250000,50000,*,3740,196456,-0.00302550435219089,CHH,AL_NL
486,Fvb5,24250001,24300000,50000,*,3492,195584,-0.00412155862994299,CHH,AL_NL
487,Fvb5,24300001,24350000,50000,*,4757,190213,-0.00673415896135387,CHH,AL_NL
488,Fvb5,24350001,24400000,50000,*,2153,186602,-6.3196197611989e-05,CHH,AL_NL
489,Fvb5,24400001,24450000,50000,*,3240,171020,-0.00382088230185615,CHH,AL_NL
490,Fvb5,24450001,24500000,50000,*,4290,155872,-0.00133213106693961,CHH,AL_NL
491,Fvb5,24500001,24550000,50000,*,3062,111613,-0.00174960403480879,CHH,AL_NL
492,Fvb5,24550001,24600000,50000,*,3551,155785,-0.00224242970614866,CHH,AL_NL
493,Fvb5,24600001,24650000,50000,*,4002,189053,-0.00466311643876342,CHH,AL_NL
494,Fvb5,24650001,24700000,50000,*,4573,169414,-0.00384313325039341,CHH,AL_NL
495,Fvb5,24700001,24750000,50000,*,5221,111410,-0.0212093504617158,CHH,AL_NL
496,Fvb5,24750001,24800000,50000,*,4336,160194,-0.00602562600869253,CHH,AL_NL
497,Fvb5,24800001,24850000,50000,*,2460,128878,-0.00230179482365675,CHH,AL_NL
498,Fvb5,24850001,24900000,50000,*,5762,156480,-0.008085965326012,CHH,AL_NL
499,Fvb5,24900001,24950000,50000,*,4614,175525,-0.00480608911540278,CHH,AL_NL
500,Fvb5,24950001,25000000,50000,*,2513,181771,-0.00390459535288347,CHH,AL_NL
501,Fvb5,25000001,25050000,50000,*,3269,170506,-0.000439074390486335,CHH,AL_NL
502,Fvb5,25050001,25100000,50000,*,1573,142704,-0.000230393141072727,CHH,AL_NL
503,Fvb5,25100001,25150000,50000,*,4281,163137,-0.0053372842393656,CHH,AL_NL
504,Fvb5,25150001,25200000,50000,*,2543,195291,-0.00309115650105631,CHH,AL_NL
505,Fvb5,25200001,25250000,50000,*,8205,186207,-0.0117047822389128,CHH,AL_NL
506,Fvb5,25250001,25300000,50000,*,7981,124196,-0.017227414212031,CHH,AL_NL
507,Fvb5,25300001,25350000,50000,*,11086,148838,-0.00152873320160635,CHH,AL_NL
508,Fvb5,25350001,25400000,50000,*,6314,147812,-0.0126341953828967,CHH,AL_NL
509,Fvb5,25400001,25450000,50000,*,3080,109657,-0.0229039393778541,CHH,AL_NL
510,Fvb5,25450001,25500000,50000,*,2300,173807,-0.00581220639039103,CHH,AL_NL
511,Fvb5,25500001,25550000,50000,*,4100,216864,-0.0191861917597174,CHH,AL_NL
512,Fvb5,25550001,25600000,50000,*,2205,184533,-0.00188117224264157,CHH,AL_NL
513,Fvb5,25600001,25650000,50000,*,4803,167248,-0.0167965139087862,CHH,AL_NL
514,Fvb5,25650001,25700000,50000,*,3724,142716,-0.00850663384200823,CHH,AL_NL
515,Fvb5,25700001,25750000,50000,*,6109,116415,-0.0111205927936217,CHH,AL_NL
516,Fvb5,25750001,25800000,50000,*,2241,129385,-0.0168274808168923,CHH,AL_NL
517,Fvb5,25800001,25850000,50000,*,4082,152575,-0.00243608595472356,CHH,AL_NL
518,Fvb5,25850001,25900000,50000,*,1863,140002,-0.00175132706191696,CHH,AL_NL
519,Fvb5,25900001,25950000,50000,*,2313,145723,-0.0151486434381039,CHH,AL_NL
520,Fvb5,25950001,26000000,50000,*,2941,156423,-0.00671832386675982,CHH,AL_NL
521,Fvb5,26000001,26050000,50000,*,3666,198634,-0.0059137253369705,CHH,AL_NL
522,Fvb5,26050001,26100000,50000,*,3167,171846,-0.00489169410193144,CHH,AL_NL
523,Fvb5,26100001,26150000,50000,*,2982,276600,-0.0040223538318684,CHH,AL_NL
524,Fvb5,26150001,26200000,50000,*,3316,169337,-0.0121667950851721,CHH,AL_NL
525,Fvb5,26200001,26250000,50000,*,3628,172300,-0.00175397600302185,CHH,AL_NL
526,Fvb5,26250001,26300000,50000,*,3673,152622,-0.00589976031750391,CHH,AL_NL
527,Fvb5,26300001,26350000,50000,*,5153,200364,-0.00359701882041491,CHH,AL_NL
528,Fvb5,26350001,26400000,50000,*,2244,192846,-0.00297444689255036,CHH,AL_NL
529,Fvb5,26400001,26450000,50000,*,2593,141794,-0.0119697863282486,CHH,AL_NL
530,Fvb5,26450001,26500000,50000,*,6440,150230,-0.00346854800512644,CHH,AL_NL
531,Fvb5,26500001,26550000,50000,*,5459,178098,-0.00397530904953865,CHH,AL_NL
532,Fvb5,26550001,26600000,50000,*,5680,133620,0.00193598712482759,CHH,AL_NL
533,Fvb5,26600001,26650000,50000,*,1591,103034,-0.0154375320447409,CHH,AL_NL
534,Fvb5,26650001,26700000,50000,*,1990,52105,-0.0213478170796506,CHH,AL_NL
535,Fvb5,26700001,26750000,50000,*,3532,187558,0.00054624083868272,CHH,AL_NL
536,Fvb5,26750001,26800000,50000,*,4499,143088,-0.00893469953453749,CHH,AL_NL
537,Fvb5,26800001,26850000,50000,*,3110,167689,-0.00190111683359648,CHH,AL_NL
538,Fvb5,26850001,26900000,50000,*,2333,122579,-0.0139174551184362,CHH,AL_NL
539,Fvb5,26900001,26950000,50000,*,4414,232051,-0.0104581491573861,CHH,AL_NL
540,Fvb5,26950001,27000000,50000,*,1878,168030,-0.0148838551350769,CHH,AL_NL
541,Fvb5,27000001,27050000,50000,*,3836,190116,-0.00649992743620073,CHH,AL_NL
542,Fvb5,27050001,27100000,50000,*,6558,157080,-0.00999947461242016,CHH,AL_NL
543,Fvb5,27100001,27150000,50000,*,4730,156293,-0.0010975444784643,CHH,AL_NL
544,Fvb5,27150001,27200000,50000,*,5608,168797,-0.00688924641985684,CHH,AL_NL
545,Fvb5,27200001,27250000,50000,*,4623,216205,-0.0119000485991271,CHH,AL_NL
546,Fvb5,27250001,27300000,50000,*,6235,129056,-0.0125036219571635,CHH,AL_NL
547,Fvb5,27300001,27350000,50000,*,5050,109413,-0.0203494163868552,CHH,AL_NL
548,Fvb5,27350001,27400000,50000,*,10014,162952,-0.0487033884516534,CHH,AL_NL
549,Fvb5,27400001,27450000,50000,*,2668,199303,-0.000845587589684681,CHH,AL_NL
550,Fvb5,27450001,27500000,50000,*,1928,188917,-0.00343626743127791,CHH,AL_NL
551,Fvb5,27500001,27550000,50000,*,7862,151607,-0.0155155686747075,CHH,AL_NL
552,Fvb5,27550001,27600000,50000,*,5768,205706,-0.00382895586324243,CHH,AL_NL
553,Fvb5,27600001,27650000,50000,*,9262,175451,-0.011335141855431,CHH,AL_NL
554,Fvb5,27650001,27700000,50000,*,5011,199196,-0.007894581546056,CHH,AL_NL
555,Fvb5,27700001,27750000,50000,*,3084,195311,-0.00236144984173014,CHH,AL_NL
556,Fvb5,27750001,27800000,50000,*,6163,148106,-0.00645988406560505,CHH,AL_NL
557,Fvb5,27800001,27850000,50000,*,4700,160963,-0.00590077320185719,CHH,AL_NL
558,Fvb5,27850001,27900000,50000,*,3076,200062,-0.00308810078221086,CHH,AL_NL
559,Fvb5,27900001,27950000,50000,*,4387,166304,-0.000665072896899592,CHH,AL_NL
560,Fvb5,27950001,28000000,50000,*,2827,187620,-0.00396365344576437,CHH,AL_NL
561,Fvb5,28000001,28050000,50000,*,6935,150612,-0.00822207828700686,CHH,AL_NL
562,Fvb5,28050001,28100000,50000,*,2428,191565,-0.00235698844970733,CHH,AL_NL
563,Fvb5,28100001,28150000,50000,*,4357,156877,-0.00159527135226051,CHH,AL_NL
564,Fvb5,28150001,28200000,50000,*,4085,178574,-0.00287153124639956,CHH,AL_NL
565,Fvb5,28200001,28250000,50000,*,3637,148022,-0.00389126362446262,CHH,AL_NL
566,Fvb5,28250001,28300000,50000,*,4972,188931,-0.00332720005897149,CHH,AL_NL
567,Fvb5,28300001,28350000,50000,*,4161,193052,-0.00164674051272827,CHH,AL_NL
568,Fvb5,28350001,28400000,50000,*,2449,156918,-0.00165283739957463,CHH,AL_NL
569,Fvb5,28400001,28450000,50000,*,900,109263,-0.000668235705132973,CHH,AL_NL
570,Fvb5,28450001,28500000,50000,*,5922,117727,0.00985130606346699,CHH,AL_NL
571,Fvb5,28500001,28550000,50000,*,2901,172357,-0.00334902694497961,CHH,AL_NL
572,Fvb5,28550001,28600000,50000,*,2425,55514,0.00551017065982552,CHH,AL_NL
573,Fvb5,28600001,28650000,50000,*,474,10793,-0.0186045311229654,CHH,AL_NL
574,Fvb5,28650001,28700000,50000,*,641,97191,-0.00843426139783425,CHH,AL_NL
575,Fvb5,28700001,28750000,50000,*,1223,98091,-0.00440088973517641,CHH,AL_NL
576,Fvb5,28750001,28800000,50000,*,2605,125924,-0.00427584758486003,CHH,AL_NL
577,Fvb5,28800001,28850000,50000,*,2344,181749,-0.00455396707327614,CHH,AL_NL
578,Fvb5,28850001,28900000,50000,*,3761,180322,-0.00859493559380648,CHH,AL_NL
579,Fvb5,28900001,28950000,50000,*,4604,182805,-0.00532474167049306,CHH,AL_NL
580,Fvb5,28950001,29000000,50000,*,5476,155119,0.00171535012664505,CHH,AL_NL
581,Fvb5,29000001,29050000,50000,*,6002,160328,-0.00731282088081113,CHH,AL_NL
582,Fvb5,29050001,29100000,50000,*,3208,194403,-0.00533175333753439,CHH,AL_NL
583,Fvb5,29100001,29150000,50000,*,1468,209471,-0.00106768780238448,CHH,AL_NL
584,Fvb5,29150001,29200000,50000,*,4206,161217,-0.00991042137556096,CHH,AL_NL
585,Fvb5,29200001,29250000,50000,*,4882,157667,-0.00741433820692182,CHH,AL_NL
586,Fvb5,29250001,29300000,50000,*,6308,138720,-0.0142107119399167,CHH,AL_NL
587,Fvb5,29300001,29350000,50000,*,4918,157457,-0.0122614737285194,CHH,AL_NL
588,Fvb5,29350001,29400000,50000,*,9373,139703,-0.0492154769015791,CHH,AL_NL
