,seqnames,start,end,width,strand,sumReadsM,sumReadsN,Propdiff.CG.Fvb7,context,group
1,Fvb7,1,50000,50000,*,117,179,-0.0826072471938906,CG,AL_FL
2,Fvb7,50001,100000,50000,*,0,0,0,CG,AL_FL
3,Fvb7,100001,150000,50000,*,0,0,0,CG,AL_FL
4,Fvb7,150001,200000,50000,*,0,0,0,CG,AL_FL
5,Fvb7,200001,250000,50000,*,0,0,0,CG,AL_FL
6,Fvb7,250001,300000,50000,*,0,0,0,CG,AL_FL
7,Fvb7,300001,350000,50000,*,0,0,0,CG,AL_FL
8,Fvb7,350001,400000,50000,*,0,0,0,CG,AL_FL
9,Fvb7,400001,450000,50000,*,0,0,0,CG,AL_FL
10,Fvb7,450001,500000,50000,*,0,0,0,CG,AL_FL
11,Fvb7,500001,550000,50000,*,0,0,0,CG,AL_FL
12,Fvb7,550001,600000,50000,*,8,8,0,CG,AL_FL
13,Fvb7,600001,650000,50000,*,9130,13270,0.201144379903923,CG,AL_FL
14,Fvb7,650001,700000,50000,*,7633,12792,0.0595782561469339,CG,AL_FL
15,Fvb7,700001,750000,50000,*,8759,12652,0.0574844319201175,CG,AL_FL
16,Fvb7,750001,800000,50000,*,7752,17029,-0.0680674784909727,CG,AL_FL
17,Fvb7,800001,850000,50000,*,12764,16617,0.0211560971829606,CG,AL_FL
18,Fvb7,850001,900000,50000,*,5180,11904,0.0722446236559139,CG,AL_FL
19,Fvb7,900001,950000,50000,*,11981,15189,0.0826446064690923,CG,AL_FL
20,Fvb7,950001,1000000,50000,*,9635,12055,0.113386316282833,CG,AL_FL
21,Fvb7,1000001,1050000,50000,*,9236,14795,0.111033756604891,CG,AL_FL
22,Fvb7,1050001,1100000,50000,*,8356,13241,0.11073355497338,CG,AL_FL
23,Fvb7,1100001,1150000,50000,*,10509,17564,0.0403328046936412,CG,AL_FL
24,Fvb7,1150001,1200000,50000,*,7401,13988,0.0633819200143277,CG,AL_FL
25,Fvb7,1200001,1250000,50000,*,7312,11745,0.023364395884148,CG,AL_FL
26,Fvb7,1250001,1300000,50000,*,10662,13180,0.0507241995143284,CG,AL_FL
27,Fvb7,1300001,1350000,50000,*,8738,18927,0.0622621528306901,CG,AL_FL
28,Fvb7,1350001,1400000,50000,*,8618,14750,0.0753232608470903,CG,AL_FL
29,Fvb7,1400001,1450000,50000,*,7604,16346,0.0274003745422582,CG,AL_FL
30,Fvb7,1450001,1500000,50000,*,7657,15018,0.0279624161885302,CG,AL_FL
31,Fvb7,1500001,1550000,50000,*,7803,13644,0.0431986482112302,CG,AL_FL
32,Fvb7,1550001,1600000,50000,*,8308,17274,0.00817579485371633,CG,AL_FL
33,Fvb7,1600001,1650000,50000,*,9482,18968,-0.00294966752700804,CG,AL_FL
34,Fvb7,1650001,1700000,50000,*,9297,15775,0.224636643526702,CG,AL_FL
35,Fvb7,1700001,1750000,50000,*,12197,19394,0.179416689537868,CG,AL_FL
36,Fvb7,1750001,1800000,50000,*,6593,14893,0.092932094931935,CG,AL_FL
37,Fvb7,1800001,1850000,50000,*,8712,15737,0.165401626887915,CG,AL_FL
38,Fvb7,1850001,1900000,50000,*,8731,16374,0.134706473564991,CG,AL_FL
39,Fvb7,1900001,1950000,50000,*,10100,14456,0.0493081903492507,CG,AL_FL
40,Fvb7,1950001,2000000,50000,*,6849,14848,0.140675039817919,CG,AL_FL
41,Fvb7,2000001,2050000,50000,*,7681,11519,0.0489448630057602,CG,AL_FL
42,Fvb7,2050001,2100000,50000,*,6386,12286,0.0800228513812968,CG,AL_FL
43,Fvb7,2100001,2150000,50000,*,8665,12750,0.0209669901079197,CG,AL_FL
44,Fvb7,2150001,2200000,50000,*,5103,18861,0.0349386403579189,CG,AL_FL
45,Fvb7,2200001,2250000,50000,*,12577,14850,0.0716681067666116,CG,AL_FL
46,Fvb7,2250001,2300000,50000,*,11515,17803,0.142114325996049,CG,AL_FL
47,Fvb7,2300001,2350000,50000,*,10253,19906,0.0411412592747969,CG,AL_FL
48,Fvb7,2350001,2400000,50000,*,4562,16662,0.103599023367094,CG,AL_FL
49,Fvb7,2400001,2450000,50000,*,9087,14052,0.0252227588878016,CG,AL_FL
50,Fvb7,2450001,2500000,50000,*,11161,15434,0.104162319199096,CG,AL_FL
51,Fvb7,2500001,2550000,50000,*,8751,14267,0.0628317111265669,CG,AL_FL
52,Fvb7,2550001,2600000,50000,*,12462,15612,0.116866356391598,CG,AL_FL
53,Fvb7,2600001,2650000,50000,*,7629,17789,0.111437973998544,CG,AL_FL
54,Fvb7,2650001,2700000,50000,*,10591,16866,0.098453662101906,CG,AL_FL
55,Fvb7,2700001,2750000,50000,*,9417,14897,0.113512886854421,CG,AL_FL
56,Fvb7,2750001,2800000,50000,*,9103,12054,0.0736653963060002,CG,AL_FL
57,Fvb7,2800001,2850000,50000,*,8083,17735,0.0442946652600916,CG,AL_FL
58,Fvb7,2850001,2900000,50000,*,7385,10278,-0.068383318204042,CG,AL_FL
59,Fvb7,2900001,2950000,50000,*,11421,17471,0.143688861762057,CG,AL_FL
60,Fvb7,2950001,3000000,50000,*,13113,18640,0.132947151175979,CG,AL_FL
61,Fvb7,3000001,3050000,50000,*,4056,13109,-0.0985497576994983,CG,AL_FL
62,Fvb7,3050001,3100000,50000,*,8526,12134,0.0346778518204299,CG,AL_FL
63,Fvb7,3100001,3150000,50000,*,8213,15936,0.0466115253591852,CG,AL_FL
64,Fvb7,3150001,3200000,50000,*,6402,16816,0.0906040522624659,CG,AL_FL
65,Fvb7,3200001,3250000,50000,*,8883,13449,-0.0469309463016313,CG,AL_FL
66,Fvb7,3250001,3300000,50000,*,11723,17160,0.0119884384678369,CG,AL_FL
67,Fvb7,3300001,3350000,50000,*,10726,14133,0.157040708404283,CG,AL_FL
68,Fvb7,3350001,3400000,50000,*,11435,18895,0.301337330425599,CG,AL_FL
69,Fvb7,3400001,3450000,50000,*,9101,13011,0.0443488406889819,CG,AL_FL
70,Fvb7,3450001,3500000,50000,*,8818,16129,0.0446976214729607,CG,AL_FL
71,Fvb7,3500001,3550000,50000,*,6568,15741,-0.00173367882538272,CG,AL_FL
72,Fvb7,3550001,3600000,50000,*,11672,18935,0.146443280058621,CG,AL_FL
73,Fvb7,3600001,3650000,50000,*,6906,15063,0.0202614319621398,CG,AL_FL
74,Fvb7,3650001,3700000,50000,*,10151,18531,0.0944780721344269,CG,AL_FL
75,Fvb7,3700001,3750000,50000,*,14210,25316,-0.00954064749913863,CG,AL_FL
76,Fvb7,3750001,3800000,50000,*,9417,13011,0.0929079265236764,CG,AL_FL
77,Fvb7,3800001,3850000,50000,*,11804,15778,0.137026762697216,CG,AL_FL
78,Fvb7,3850001,3900000,50000,*,8062,13942,0.03051934805088,CG,AL_FL
79,Fvb7,3900001,3950000,50000,*,12820,17507,0.0923923525410951,CG,AL_FL
80,Fvb7,3950001,4000000,50000,*,7272,15097,0.0429169127976857,CG,AL_FL
81,Fvb7,4000001,4050000,50000,*,11048,12295,0.0946150048444282,CG,AL_FL
82,Fvb7,4050001,4100000,50000,*,14740,16389,0.0829137055813202,CG,AL_FL
83,Fvb7,4100001,4150000,50000,*,5900,7133,-0.0791497898424066,CG,AL_FL
84,Fvb7,4150001,4200000,50000,*,10950,13059,-0.0146516092341963,CG,AL_FL
85,Fvb7,4200001,4250000,50000,*,9386,13863,0.010700645250868,CG,AL_FL
86,Fvb7,4250001,4300000,50000,*,9891,14409,0.0323717717084114,CG,AL_FL
87,Fvb7,4300001,4350000,50000,*,6239,8198,0.109906873691467,CG,AL_FL
88,Fvb7,4350001,4400000,50000,*,7282,14482,-0.00986496324753583,CG,AL_FL
89,Fvb7,4400001,4450000,50000,*,9020,16322,0.0881815515028557,CG,AL_FL
90,Fvb7,4450001,4500000,50000,*,10438,12400,0.44574544461429,CG,AL_FL
91,Fvb7,4500001,4550000,50000,*,8298,11656,0.014025350573909,CG,AL_FL
92,Fvb7,4550001,4600000,50000,*,11477,15446,0.0652273456923144,CG,AL_FL
93,Fvb7,4600001,4650000,50000,*,6953,17942,0.0314223982152049,CG,AL_FL
94,Fvb7,4650001,4700000,50000,*,8531,15918,0.0317368908098918,CG,AL_FL
95,Fvb7,4700001,4750000,50000,*,13777,17385,-0.00139978497565374,CG,AL_FL
96,Fvb7,4750001,4800000,50000,*,3761,9980,-0.0419128708345072,CG,AL_FL
97,Fvb7,4800001,4850000,50000,*,3777,11383,0.0555304742646242,CG,AL_FL
98,Fvb7,4850001,4900000,50000,*,8009,15119,0.00657776433409263,CG,AL_FL
99,Fvb7,4900001,4950000,50000,*,8290,15128,0.0578849403297665,CG,AL_FL
100,Fvb7,4950001,5000000,50000,*,7112,10059,0.05008570785922,CG,AL_FL
101,Fvb7,5000001,5050000,50000,*,5697,17415,-0.00984268676085576,CG,AL_FL
102,Fvb7,5050001,5100000,50000,*,6907,11633,-0.0907321825094032,CG,AL_FL
103,Fvb7,5100001,5150000,50000,*,3453,14629,-0.0620364143262182,CG,AL_FL
104,Fvb7,5150001,5200000,50000,*,4365,11884,-0.0543899382037861,CG,AL_FL
105,Fvb7,5200001,5250000,50000,*,5914,12813,0.059122707388689,CG,AL_FL
106,Fvb7,5250001,5300000,50000,*,5728,16622,0.01698319696345,CG,AL_FL
107,Fvb7,5300001,5350000,50000,*,7480,13015,0.100614855420079,CG,AL_FL
108,Fvb7,5350001,5400000,50000,*,7287,11969,0.103858781292393,CG,AL_FL
109,Fvb7,5400001,5450000,50000,*,11146,16919,0.126842259571022,CG,AL_FL
110,Fvb7,5450001,5500000,50000,*,12163,22560,0.0677878936874556,CG,AL_FL
111,Fvb7,5500001,5550000,50000,*,13544,19325,0.0517976160969317,CG,AL_FL
112,Fvb7,5550001,5600000,50000,*,14980,20940,0.322581696296217,CG,AL_FL
113,Fvb7,5600001,5650000,50000,*,6497,11411,0.0308069033103033,CG,AL_FL
114,Fvb7,5650001,5700000,50000,*,3387,5155,0.179431257993759,CG,AL_FL
115,Fvb7,5700001,5750000,50000,*,5019,13342,-0.0517891253781408,CG,AL_FL
116,Fvb7,5750001,5800000,50000,*,7524,16237,0.07201824498091,CG,AL_FL
117,Fvb7,5800001,5850000,50000,*,5899,10288,-0.00370951581440859,CG,AL_FL
118,Fvb7,5850001,5900000,50000,*,5674,14077,0.0447368070896625,CG,AL_FL
119,Fvb7,5900001,5950000,50000,*,19965,22379,0.155834957071587,CG,AL_FL
120,Fvb7,5950001,6000000,50000,*,7651,13959,0.0406547433010883,CG,AL_FL
121,Fvb7,6000001,6050000,50000,*,7295,14425,0.10501432737181,CG,AL_FL
122,Fvb7,6050001,6100000,50000,*,7359,14127,-0.00377673730428474,CG,AL_FL
123,Fvb7,6100001,6150000,50000,*,5610,10995,0.0836243847989764,CG,AL_FL
124,Fvb7,6150001,6200000,50000,*,7039,19954,0.0792164198635435,CG,AL_FL
125,Fvb7,6200001,6250000,50000,*,5202,14927,0.0724815502944651,CG,AL_FL
126,Fvb7,6250001,6300000,50000,*,7227,15043,0.00228969725129108,CG,AL_FL
127,Fvb7,6300001,6350000,50000,*,1357,2608,0.0811505596478653,CG,AL_FL
128,Fvb7,6350001,6400000,50000,*,3207,13543,-0.0252701037583783,CG,AL_FL
129,Fvb7,6400001,6450000,50000,*,5840,14710,0.0655608144828115,CG,AL_FL
130,Fvb7,6450001,6500000,50000,*,6346,9601,0.017068494344082,CG,AL_FL
131,Fvb7,6500001,6550000,50000,*,5523,13101,0.00927836460143028,CG,AL_FL
132,Fvb7,6550001,6600000,50000,*,4341,12008,-0.0332219560669035,CG,AL_FL
133,Fvb7,6600001,6650000,50000,*,11537,17087,-0.0171575363633049,CG,AL_FL
134,Fvb7,6650001,6700000,50000,*,1219,2951,0.0680468829144087,CG,AL_FL
135,Fvb7,6700001,6750000,50000,*,7366,13249,-0.0373365575630323,CG,AL_FL
136,Fvb7,6750001,6800000,50000,*,5952,18566,0.00790862861492575,CG,AL_FL
137,Fvb7,6800001,6850000,50000,*,6704,13518,0.0250329229171101,CG,AL_FL
138,Fvb7,6850001,6900000,50000,*,6929,15011,0.0487976014743279,CG,AL_FL
139,Fvb7,6900001,6950000,50000,*,9962,13019,0.037699522673492,CG,AL_FL
140,Fvb7,6950001,7000000,50000,*,6229,16205,0.166482638762982,CG,AL_FL
141,Fvb7,7000001,7050000,50000,*,5804,10852,0.02407922902463,CG,AL_FL
142,Fvb7,7050001,7100000,50000,*,5648,14958,-0.0369706854867722,CG,AL_FL
143,Fvb7,7100001,7150000,50000,*,6900,17325,-0.164012180302027,CG,AL_FL
144,Fvb7,7150001,7200000,50000,*,10871,15964,0.0984653232566836,CG,AL_FL
145,Fvb7,7200001,7250000,50000,*,12183,17749,0.110190287699324,CG,AL_FL
146,Fvb7,7250001,7300000,50000,*,6021,11931,0.320109937294518,CG,AL_FL
147,Fvb7,7300001,7350000,50000,*,7282,12106,0.1302549887282,CG,AL_FL
148,Fvb7,7350001,7400000,50000,*,6882,19743,-0.0120501920833591,CG,AL_FL
149,Fvb7,7400001,7450000,50000,*,8560,14486,0.057635175249538,CG,AL_FL
150,Fvb7,7450001,7500000,50000,*,10061,12436,0.0682060269516716,CG,AL_FL
151,Fvb7,7500001,7550000,50000,*,10164,22010,0.0278109186891192,CG,AL_FL
152,Fvb7,7550001,7600000,50000,*,7294,19695,0.0896761645492309,CG,AL_FL
153,Fvb7,7600001,7650000,50000,*,9280,13048,0.0527273851696536,CG,AL_FL
154,Fvb7,7650001,7700000,50000,*,6651,17657,0.0643918718068308,CG,AL_FL
155,Fvb7,7700001,7750000,50000,*,4332,11249,0.00419144272938221,CG,AL_FL
156,Fvb7,7750001,7800000,50000,*,6314,13524,0.108570869773583,CG,AL_FL
157,Fvb7,7800001,7850000,50000,*,13578,19493,0.1268237700433,CG,AL_FL
158,Fvb7,7850001,7900000,50000,*,7670,12979,0.0643195820652044,CG,AL_FL
159,Fvb7,7900001,7950000,50000,*,7558,13950,0.0342394030620666,CG,AL_FL
160,Fvb7,7950001,8000000,50000,*,10160,14511,0.0978174176971638,CG,AL_FL
161,Fvb7,8000001,8050000,50000,*,8061,15324,0.130183017930606,CG,AL_FL
162,Fvb7,8050001,8100000,50000,*,10355,16328,0.173365777677024,CG,AL_FL
163,Fvb7,8100001,8150000,50000,*,5137,9353,0.215178498049079,CG,AL_FL
164,Fvb7,8150001,8200000,50000,*,5098,16503,0.0756340478360179,CG,AL_FL
165,Fvb7,8200001,8250000,50000,*,5855,10892,0.0188126858017935,CG,AL_FL
166,Fvb7,8250001,8300000,50000,*,5580,13110,0.126837293637857,CG,AL_FL
167,Fvb7,8300001,8350000,50000,*,5745,13284,0.105976655318838,CG,AL_FL
168,Fvb7,8350001,8400000,50000,*,9506,14892,-0.00111239816451836,CG,AL_FL
169,Fvb7,8400001,8450000,50000,*,6198,16261,0.0315392398956737,CG,AL_FL
170,Fvb7,8450001,8500000,50000,*,6702,14941,-0.016007204643941,CG,AL_FL
171,Fvb7,8500001,8550000,50000,*,6268,15840,0.0595482582866746,CG,AL_FL
172,Fvb7,8550001,8600000,50000,*,6589,14915,0.163380407067689,CG,AL_FL
173,Fvb7,8600001,8650000,50000,*,5032,18463,0.0629546993390901,CG,AL_FL
174,Fvb7,8650001,8700000,50000,*,7818,13619,0.221727393899856,CG,AL_FL
175,Fvb7,8700001,8750000,50000,*,5448,15240,0.0460342378582063,CG,AL_FL
176,Fvb7,8750001,8800000,50000,*,7838,14673,0.0431219668329867,CG,AL_FL
177,Fvb7,8800001,8850000,50000,*,7006,16277,0.126704161819359,CG,AL_FL
178,Fvb7,8850001,8900000,50000,*,6820,10359,0.0893113972393966,CG,AL_FL
179,Fvb7,8900001,8950000,50000,*,9038,16886,0.120562745527264,CG,AL_FL
180,Fvb7,8950001,9000000,50000,*,5139,18354,0.0846952396195962,CG,AL_FL
181,Fvb7,9000001,9050000,50000,*,6077,12949,0.00109915123793097,CG,AL_FL
182,Fvb7,9050001,9100000,50000,*,7389,17800,0.0613322312342795,CG,AL_FL
183,Fvb7,9100001,9150000,50000,*,9488,13423,0.0847677536157323,CG,AL_FL
184,Fvb7,9150001,9200000,50000,*,8119,11159,0.202663774235831,CG,AL_FL
185,Fvb7,9200001,9250000,50000,*,10917,14193,0.0298602058715802,CG,AL_FL
186,Fvb7,9250001,9300000,50000,*,3828,12546,0.0727131332387816,CG,AL_FL
187,Fvb7,9300001,9350000,50000,*,5617,14210,0.022147736303504,CG,AL_FL
188,Fvb7,9350001,9400000,50000,*,5618,17539,0.0309235182160189,CG,AL_FL
189,Fvb7,9400001,9450000,50000,*,8016,16084,0.0127352315527213,CG,AL_FL
190,Fvb7,9450001,9500000,50000,*,5477,18786,0.0711768794594016,CG,AL_FL
191,Fvb7,9500001,9550000,50000,*,5837,20858,0.110069366517422,CG,AL_FL
192,Fvb7,9550001,9600000,50000,*,8396,17863,0.245208478254482,CG,AL_FL
193,Fvb7,9600001,9650000,50000,*,7480,18761,0.137650121189275,CG,AL_FL
194,Fvb7,9650001,9700000,50000,*,7332,20000,0.0772705683551086,CG,AL_FL
195,Fvb7,9700001,9750000,50000,*,8178,8995,0.0140735524602916,CG,AL_FL
196,Fvb7,9750001,9800000,50000,*,6995,12845,0.132668329754707,CG,AL_FL
197,Fvb7,9800001,9850000,50000,*,4846,14753,-0.17037844135801,CG,AL_FL
198,Fvb7,9850001,9900000,50000,*,6096,22569,0.0506016187766687,CG,AL_FL
199,Fvb7,9900001,9950000,50000,*,5475,16621,-0.0105861087416905,CG,AL_FL
200,Fvb7,9950001,10000000,50000,*,6981,17024,0.0698882212567585,CG,AL_FL
201,Fvb7,10000001,10050000,50000,*,9646,21373,0.0602916831983131,CG,AL_FL
202,Fvb7,10050001,10100000,50000,*,4702,15391,0.00144343240442646,CG,AL_FL
203,Fvb7,10100001,10150000,50000,*,7164,14824,0.0534015529947618,CG,AL_FL
204,Fvb7,10150001,10200000,50000,*,2609,12217,-0.026290052567992,CG,AL_FL
205,Fvb7,10200001,10250000,50000,*,8958,17893,0.11685951043474,CG,AL_FL
206,Fvb7,10250001,10300000,50000,*,9306,17339,0.146229350008154,CG,AL_FL
207,Fvb7,10300001,10350000,50000,*,12626,16742,0.115708744786426,CG,AL_FL
208,Fvb7,10350001,10400000,50000,*,6333,15973,0.0222943793551883,CG,AL_FL
209,Fvb7,10400001,10450000,50000,*,3775,17636,0.0282928079528818,CG,AL_FL
210,Fvb7,10450001,10500000,50000,*,4086,14603,0.0812421804876446,CG,AL_FL
211,Fvb7,10500001,10550000,50000,*,6004,18296,0.00329886048483891,CG,AL_FL
212,Fvb7,10550001,10600000,50000,*,5346,17615,-0.152877323306501,CG,AL_FL
213,Fvb7,10600001,10650000,50000,*,5752,18723,0.0214485404535258,CG,AL_FL
214,Fvb7,10650001,10700000,50000,*,3900,12028,0.0582796758140944,CG,AL_FL
215,Fvb7,10700001,10750000,50000,*,5687,15070,0.189932002785193,CG,AL_FL
216,Fvb7,10750001,10800000,50000,*,3845,16407,0.0353317230410576,CG,AL_FL
217,Fvb7,10800001,10850000,50000,*,6232,15021,0.120965547352393,CG,AL_FL
218,Fvb7,10850001,10900000,50000,*,5410,13037,0.0102505145455342,CG,AL_FL
219,Fvb7,10900001,10950000,50000,*,6178,21481,0.0369034643539938,CG,AL_FL
220,Fvb7,10950001,11000000,50000,*,10681,18742,0.0373610588195934,CG,AL_FL
221,Fvb7,11000001,11050000,50000,*,9080,21215,0.0285606706328208,CG,AL_FL
222,Fvb7,11050001,11100000,50000,*,3578,14155,-0.0245856187892804,CG,AL_FL
223,Fvb7,11100001,11150000,50000,*,7464,16209,0.0314203662535247,CG,AL_FL
224,Fvb7,11150001,11200000,50000,*,4860,12377,0.00336260158719504,CG,AL_FL
225,Fvb7,11200001,11250000,50000,*,8289,9527,0.0218799428005317,CG,AL_FL
226,Fvb7,11250001,11300000,50000,*,11717,21354,0.0136034337875688,CG,AL_FL
227,Fvb7,11300001,11350000,50000,*,5540,23562,0.0172062393454857,CG,AL_FL
228,Fvb7,11350001,11400000,50000,*,7846,20005,0.144992260602624,CG,AL_FL
229,Fvb7,11400001,11450000,50000,*,6692,14876,0.00243120850251366,CG,AL_FL
230,Fvb7,11450001,11500000,50000,*,6290,14794,0.0752297871069782,CG,AL_FL
231,Fvb7,11500001,11550000,50000,*,10744,15757,0.155527048128323,CG,AL_FL
232,Fvb7,11550001,11600000,50000,*,8151,20108,-0.00791769655678493,CG,AL_FL
233,Fvb7,11600001,11650000,50000,*,8370,14859,0.0361375162714221,CG,AL_FL
234,Fvb7,11650001,11700000,50000,*,8176,13324,0.137046614680976,CG,AL_FL
235,Fvb7,11700001,11750000,50000,*,4288,19615,0.042262146332885,CG,AL_FL
236,Fvb7,11750001,11800000,50000,*,9993,16142,0.0753860339156376,CG,AL_FL
237,Fvb7,11800001,11850000,50000,*,9582,15550,0.0621709582498322,CG,AL_FL
238,Fvb7,11850001,11900000,50000,*,7354,16348,0.0901062518377021,CG,AL_FL
239,Fvb7,11900001,11950000,50000,*,8979,16117,0.0430911165731532,CG,AL_FL
240,Fvb7,11950001,12000000,50000,*,6845,19066,0.0844686231336439,CG,AL_FL
241,Fvb7,12000001,12050000,50000,*,4938,22924,0.0808706485165767,CG,AL_FL
242,Fvb7,12050001,12100000,50000,*,5839,18827,0.0506236256643414,CG,AL_FL
243,Fvb7,12100001,12150000,50000,*,6088,13131,0.0671612392781221,CG,AL_FL
244,Fvb7,12150001,12200000,50000,*,7436,15619,0.0875077832397465,CG,AL_FL
245,Fvb7,12200001,12250000,50000,*,6992,15997,0.0789762874217582,CG,AL_FL
246,Fvb7,12250001,12300000,50000,*,6078,16453,-0.0625487978827146,CG,AL_FL
247,Fvb7,12300001,12350000,50000,*,5347,16725,-0.032637703046722,CG,AL_FL
248,Fvb7,12350001,12400000,50000,*,2913,8098,-0.0439029124487916,CG,AL_FL
249,Fvb7,12400001,12450000,50000,*,5744,17854,0.128980962426148,CG,AL_FL
250,Fvb7,12450001,12500000,50000,*,3049,7685,-0.131250745082645,CG,AL_FL
251,Fvb7,12500001,12550000,50000,*,786,6847,-0.192444162995768,CG,AL_FL
252,Fvb7,12550001,12600000,50000,*,7043,15484,0.0801229235957191,CG,AL_FL
253,Fvb7,12600001,12650000,50000,*,8832,13252,-0.0353951795593105,CG,AL_FL
254,Fvb7,12650001,12700000,50000,*,6760,17391,0.153749159910132,CG,AL_FL
255,Fvb7,12700001,12750000,50000,*,11259,19578,0.14696733460415,CG,AL_FL
256,Fvb7,12750001,12800000,50000,*,2956,21945,0.0267821994467545,CG,AL_FL
257,Fvb7,12800001,12850000,50000,*,5463,17516,0.0963396994802055,CG,AL_FL
258,Fvb7,12850001,12900000,50000,*,3773,17790,0.123123144870024,CG,AL_FL
259,Fvb7,12900001,12950000,50000,*,7179,19675,0.0830892003061656,CG,AL_FL
260,Fvb7,12950001,13000000,50000,*,7088,16735,0.0775707081349195,CG,AL_FL
261,Fvb7,13000001,13050000,50000,*,3660,20872,0.0609514689088324,CG,AL_FL
262,Fvb7,13050001,13100000,50000,*,5875,23118,0.0861901488405907,CG,AL_FL
263,Fvb7,13100001,13150000,50000,*,6489,18829,0.0612067607013985,CG,AL_FL
264,Fvb7,13150001,13200000,50000,*,6107,18052,0.0512984532499673,CG,AL_FL
265,Fvb7,13200001,13250000,50000,*,5724,20216,-0.00902343272767014,CG,AL_FL
266,Fvb7,13250001,13300000,50000,*,10754,18193,-0.157556632083034,CG,AL_FL
267,Fvb7,13300001,13350000,50000,*,6595,18551,0.164785104410965,CG,AL_FL
268,Fvb7,13350001,13400000,50000,*,6824,23732,0.0352951332420011,CG,AL_FL
269,Fvb7,13400001,13450000,50000,*,5573,19780,0.0648711854235219,CG,AL_FL
270,Fvb7,13450001,13500000,50000,*,2745,14262,0.0193557691382685,CG,AL_FL
271,Fvb7,13500001,13550000,50000,*,4257,21552,0.0392946604728278,CG,AL_FL
272,Fvb7,13550001,13600000,50000,*,5654,15239,0.0797448131132338,CG,AL_FL
273,Fvb7,13600001,13650000,50000,*,6750,17313,0.137631242980806,CG,AL_FL
274,Fvb7,13650001,13700000,50000,*,7850,17088,0.0170957633532997,CG,AL_FL
275,Fvb7,13700001,13750000,50000,*,6416,18179,0.0390419039514127,CG,AL_FL
276,Fvb7,13750001,13800000,50000,*,6350,15100,0.0356254297398038,CG,AL_FL
277,Fvb7,13800001,13850000,50000,*,4808,11791,0.0102259829296662,CG,AL_FL
278,Fvb7,13850001,13900000,50000,*,5596,12251,0.0971480230929835,CG,AL_FL
279,Fvb7,13900001,13950000,50000,*,5290,15831,0.0475932421578416,CG,AL_FL
280,Fvb7,13950001,14000000,50000,*,7042,16750,0.0915614254132255,CG,AL_FL
281,Fvb7,14000001,14050000,50000,*,7670,18664,0.00158041777678652,CG,AL_FL
282,Fvb7,14050001,14100000,50000,*,6214,15903,0.0568623058542413,CG,AL_FL
283,Fvb7,14100001,14150000,50000,*,7734,17114,-0.0428599996370936,CG,AL_FL
284,Fvb7,14150001,14200000,50000,*,9055,16308,0.180975950382439,CG,AL_FL
285,Fvb7,14200001,14250000,50000,*,6445,19852,-0.0229157357019041,CG,AL_FL
286,Fvb7,14250001,14300000,50000,*,8718,18152,-0.0320359218145997,CG,AL_FL
287,Fvb7,14300001,14350000,50000,*,6184,14448,0.0520286184691006,CG,AL_FL
288,Fvb7,14350001,14400000,50000,*,7601,16430,0.114248436469658,CG,AL_FL
289,Fvb7,14400001,14450000,50000,*,7738,13219,-0.0447174794531136,CG,AL_FL
290,Fvb7,14450001,14500000,50000,*,9094,13815,-0.0853009073664991,CG,AL_FL
291,Fvb7,14500001,14550000,50000,*,5095,18236,0.0847835722216161,CG,AL_FL
292,Fvb7,14550001,14600000,50000,*,6072,16103,0.0404978491598939,CG,AL_FL
293,Fvb7,14600001,14650000,50000,*,8910,16768,0.0471805076015251,CG,AL_FL
294,Fvb7,14650001,14700000,50000,*,4333,20276,0.0011241409129506,CG,AL_FL
295,Fvb7,14700001,14750000,50000,*,4020,19333,0.00761119122199791,CG,AL_FL
296,Fvb7,14750001,14800000,50000,*,4159,22009,0.0789578999913118,CG,AL_FL
297,Fvb7,14800001,14850000,50000,*,4337,22480,0.0087659266183546,CG,AL_FL
298,Fvb7,14850001,14900000,50000,*,2057,17514,0.0148271103632798,CG,AL_FL
299,Fvb7,14900001,14950000,50000,*,7753,20285,0.10087942632601,CG,AL_FL
300,Fvb7,14950001,15000000,50000,*,4872,13761,-0.00113959802108865,CG,AL_FL
301,Fvb7,15000001,15050000,50000,*,2920,15463,0.00218242123367091,CG,AL_FL
302,Fvb7,15050001,15100000,50000,*,5691,13065,-0.0258446002415641,CG,AL_FL
303,Fvb7,15100001,15150000,50000,*,1337,7193,-0.0138778831116202,CG,AL_FL
304,Fvb7,15150001,15200000,50000,*,3349,10520,0.0830664798502098,CG,AL_FL
305,Fvb7,15200001,15250000,50000,*,4782,16887,0.0979172964809083,CG,AL_FL
306,Fvb7,15250001,15300000,50000,*,3471,14458,-0.00169543120995772,CG,AL_FL
307,Fvb7,15300001,15350000,50000,*,5556,15436,0.084394216916658,CG,AL_FL
308,Fvb7,15350001,15400000,50000,*,4628,18484,0.0212943705845127,CG,AL_FL
309,Fvb7,15400001,15450000,50000,*,6408,22450,-0.00922235865771731,CG,AL_FL
310,Fvb7,15450001,15500000,50000,*,7479,20887,0.0682288894749871,CG,AL_FL
311,Fvb7,15500001,15550000,50000,*,7456,14691,0.131445880373795,CG,AL_FL
312,Fvb7,15550001,15600000,50000,*,7529,19329,0.0916459998921255,CG,AL_FL
313,Fvb7,15600001,15650000,50000,*,8130,18050,0.0497967616246799,CG,AL_FL
314,Fvb7,15650001,15700000,50000,*,10315,19346,0.0151794048187034,CG,AL_FL
315,Fvb7,15700001,15750000,50000,*,2541,14740,0.0122153292701628,CG,AL_FL
316,Fvb7,15750001,15800000,50000,*,8234,15845,0.151767435487037,CG,AL_FL
317,Fvb7,15800001,15850000,50000,*,12992,23701,0.101054294240052,CG,AL_FL
318,Fvb7,15850001,15900000,50000,*,4691,13342,0.0857061178065407,CG,AL_FL
319,Fvb7,15900001,15950000,50000,*,5672,14592,0.0534507028192636,CG,AL_FL
320,Fvb7,15950001,16000000,50000,*,5396,20377,0.0213955169453785,CG,AL_FL
321,Fvb7,16000001,16050000,50000,*,7246,19513,0.0726924292263134,CG,AL_FL
322,Fvb7,16050001,16100000,50000,*,12602,21184,0.194927810459739,CG,AL_FL
323,Fvb7,16100001,16150000,50000,*,2681,21850,0.0444084138863327,CG,AL_FL
324,Fvb7,16150001,16200000,50000,*,6625,13342,0.120796294261975,CG,AL_FL
325,Fvb7,16200001,16250000,50000,*,6048,17405,0.00940016945147459,CG,AL_FL
326,Fvb7,16250001,16300000,50000,*,5271,14524,0.0698254821620437,CG,AL_FL
327,Fvb7,16300001,16350000,50000,*,7122,16975,0.00807275664728857,CG,AL_FL
328,Fvb7,16350001,16400000,50000,*,4823,19013,0.130295594075849,CG,AL_FL
329,Fvb7,16400001,16450000,50000,*,6938,17234,0.118552123037503,CG,AL_FL
330,Fvb7,16450001,16500000,50000,*,1430,4369,0.0721496657253891,CG,AL_FL
331,Fvb7,16500001,16550000,50000,*,5197,17187,0.0283516982851816,CG,AL_FL
332,Fvb7,16550001,16600000,50000,*,2381,12618,0.0706009948928229,CG,AL_FL
333,Fvb7,16600001,16650000,50000,*,7018,15782,0.134984246191266,CG,AL_FL
334,Fvb7,16650001,16700000,50000,*,5690,19529,0.0586882975255383,CG,AL_FL
335,Fvb7,16700001,16750000,50000,*,6383,17842,0.0606202256234598,CG,AL_FL
336,Fvb7,16750001,16800000,50000,*,4348,21082,0.0709795662226891,CG,AL_FL
337,Fvb7,16800001,16850000,50000,*,7433,25459,0.0170051644137278,CG,AL_FL
338,Fvb7,16850001,16900000,50000,*,5516,20864,0.0663981991601081,CG,AL_FL
339,Fvb7,16900001,16950000,50000,*,3725,18511,-0.00168553741869082,CG,AL_FL
340,Fvb7,16950001,17000000,50000,*,1208,12611,-0.0672578348799032,CG,AL_FL
341,Fvb7,17000001,17050000,50000,*,116,301,0.133102424542306,CG,AL_FL
342,Fvb7,17050001,17100000,50000,*,4817,15239,-0.0265135079341708,CG,AL_FL
343,Fvb7,17100001,17150000,50000,*,3800,20191,0.0119672501143898,CG,AL_FL
344,Fvb7,17150001,17200000,50000,*,9596,18318,0.353816917910922,CG,AL_FL
345,Fvb7,17200001,17250000,50000,*,2733,10431,0.0640252689886046,CG,AL_FL
346,Fvb7,17250001,17300000,50000,*,4637,19921,0.0846988440114702,CG,AL_FL
347,Fvb7,17300001,17350000,50000,*,3808,18473,0.0351606046599693,CG,AL_FL
348,Fvb7,17350001,17400000,50000,*,2091,10438,0.00339491528895991,CG,AL_FL
349,Fvb7,17400001,17450000,50000,*,7855,16146,0.137528725344627,CG,AL_FL
350,Fvb7,17450001,17500000,50000,*,6332,20281,-0.0053674334818215,CG,AL_FL
351,Fvb7,17500001,17550000,50000,*,3095,16603,0.0033285253235168,CG,AL_FL
352,Fvb7,17550001,17600000,50000,*,3867,16551,0.0274405005779332,CG,AL_FL
353,Fvb7,17600001,17650000,50000,*,4264,14975,0.135050198802721,CG,AL_FL
354,Fvb7,17650001,17700000,50000,*,3283,17282,0.0568884846546891,CG,AL_FL
355,Fvb7,17700001,17750000,50000,*,4445,17519,0.0763163873123175,CG,AL_FL
356,Fvb7,17750001,17800000,50000,*,2712,11547,0.0944360244491396,CG,AL_FL
357,Fvb7,17800001,17850000,50000,*,6150,20512,0.0113191201369969,CG,AL_FL
358,Fvb7,17850001,17900000,50000,*,5685,18791,0.00100982916956155,CG,AL_FL
359,Fvb7,17900001,17950000,50000,*,3831,20323,0.0287658964664054,CG,AL_FL
360,Fvb7,17950001,18000000,50000,*,5606,21310,0.0116706998489797,CG,AL_FL
361,Fvb7,18000001,18050000,50000,*,6110,24296,0.0120316888708438,CG,AL_FL
362,Fvb7,18050001,18100000,50000,*,4749,26974,0.0378388452985577,CG,AL_FL
363,Fvb7,18100001,18150000,50000,*,2100,13956,0.0149679945995765,CG,AL_FL
364,Fvb7,18150001,18200000,50000,*,297,2236,-0.2116139442879,CG,AL_FL
365,Fvb7,18200001,18250000,50000,*,1059,2382,-0.330567285480334,CG,AL_FL
366,Fvb7,18250001,18300000,50000,*,4357,14668,0.052595505476069,CG,AL_FL
367,Fvb7,18300001,18350000,50000,*,6086,15603,0.049258359739397,CG,AL_FL
368,Fvb7,18350001,18400000,50000,*,3652,20367,0.0270722940641382,CG,AL_FL
369,Fvb7,18400001,18450000,50000,*,4035,18996,0.0869425113479621,CG,AL_FL
370,Fvb7,18450001,18500000,50000,*,3620,18955,0.0621679693156856,CG,AL_FL
371,Fvb7,18500001,18550000,50000,*,4512,18314,0.0761405946285303,CG,AL_FL
372,Fvb7,18550001,18600000,50000,*,5219,16244,0.0666242870471253,CG,AL_FL
373,Fvb7,18600001,18650000,50000,*,5254,27150,0.0409085558036537,CG,AL_FL
374,Fvb7,18650001,18700000,50000,*,3971,27516,0.0369419577458615,CG,AL_FL
375,Fvb7,18700001,18750000,50000,*,2286,15737,-0.0304004143212006,CG,AL_FL
376,Fvb7,18750001,18800000,50000,*,2107,20435,-0.287918680584702,CG,AL_FL
377,Fvb7,18800001,18850000,50000,*,5216,23204,0.0452664219230134,CG,AL_FL
378,Fvb7,18850001,18900000,50000,*,4805,19949,0.0401285779170627,CG,AL_FL
379,Fvb7,18900001,18950000,50000,*,5242,20338,0.0401349109200357,CG,AL_FL
380,Fvb7,18950001,19000000,50000,*,3110,15934,-0.0139986917640879,CG,AL_FL
381,Fvb7,19000001,19050000,50000,*,7025,22053,0.0282522313178809,CG,AL_FL
382,Fvb7,19050001,19100000,50000,*,3556,30182,0.0130311735245626,CG,AL_FL
383,Fvb7,19100001,19150000,50000,*,6021,17225,0.0946079207970538,CG,AL_FL
384,Fvb7,19150001,19200000,50000,*,6361,23981,0.0621053714772546,CG,AL_FL
385,Fvb7,19200001,19250000,50000,*,6824,20209,0.0661090888256773,CG,AL_FL
386,Fvb7,19250001,19300000,50000,*,5355,23166,0.0040905053681885,CG,AL_FL
387,Fvb7,19300001,19350000,50000,*,12892,14113,0.0523920019689439,CG,AL_FL
388,Fvb7,19350001,19400000,50000,*,5309,30473,0.0363021095293398,CG,AL_FL
389,Fvb7,19400001,19450000,50000,*,4842,22823,0.0553835723100966,CG,AL_FL
390,Fvb7,19450001,19500000,50000,*,8434,20428,0.0534391291729164,CG,AL_FL
391,Fvb7,19500001,19550000,50000,*,12210,26103,0.109508632196136,CG,AL_FL
392,Fvb7,19550001,19600000,50000,*,11626,22455,0.114689302524264,CG,AL_FL
393,Fvb7,19600001,19650000,50000,*,5690,20062,0.0163645731883825,CG,AL_FL
394,Fvb7,19650001,19700000,50000,*,5139,21608,0.0432233658580397,CG,AL_FL
395,Fvb7,19700001,19750000,50000,*,6196,20975,0.0184838939340522,CG,AL_FL
396,Fvb7,19750001,19800000,50000,*,5184,19475,0.0352423849157749,CG,AL_FL
397,Fvb7,19800001,19850000,50000,*,5533,13264,0.0124225999410007,CG,AL_FL
398,Fvb7,19850001,19900000,50000,*,4345,19968,0.0204538503179342,CG,AL_FL
399,Fvb7,19900001,19950000,50000,*,4951,16647,0.0423742286657058,CG,AL_FL
400,Fvb7,19950001,20000000,50000,*,5022,23668,0.00465702106184723,CG,AL_FL
401,Fvb7,20000001,20050000,50000,*,2131,19424,-0.0232641553092075,CG,AL_FL
402,Fvb7,20050001,20100000,50000,*,6916,18660,-0.0217739052066087,CG,AL_FL
403,Fvb7,20100001,20150000,50000,*,5700,21496,0.0794979927704175,CG,AL_FL
404,Fvb7,20150001,20200000,50000,*,2860,21978,0.000904472805657447,CG,AL_FL
405,Fvb7,20200001,20250000,50000,*,5000,22446,0.0502767155264567,CG,AL_FL
406,Fvb7,20250001,20300000,50000,*,6542,15029,0.065522611451247,CG,AL_FL
407,Fvb7,20300001,20350000,50000,*,4053,17314,-0.0571097129633072,CG,AL_FL
408,Fvb7,20350001,20400000,50000,*,1125,9436,0.0291199784301244,CG,AL_FL
409,Fvb7,20400001,20450000,50000,*,2751,18180,-0.0179238953722538,CG,AL_FL
410,Fvb7,20450001,20500000,50000,*,4144,16246,0.0316948754442207,CG,AL_FL
411,Fvb7,20500001,20550000,50000,*,2848,19741,0.0158545335469533,CG,AL_FL
412,Fvb7,20550001,20600000,50000,*,4173,18868,0.0544096990666875,CG,AL_FL
413,Fvb7,20600001,20650000,50000,*,2017,5605,0.105964099951568,CG,AL_FL
414,Fvb7,20650001,20700000,50000,*,1859,19666,-0.035594989347477,CG,AL_FL
415,Fvb7,20700001,20750000,50000,*,2841,22574,0.0308513104453647,CG,AL_FL
416,Fvb7,20750001,20800000,50000,*,4026,20085,0.0620274627833039,CG,AL_FL
417,Fvb7,20800001,20850000,50000,*,1574,10070,0.028346213115153,CG,AL_FL
418,Fvb7,20850001,20900000,50000,*,3636,17968,0.0596707511205475,CG,AL_FL
419,Fvb7,20900001,20950000,50000,*,7731,19617,0.0176744983369359,CG,AL_FL
420,Fvb7,20950001,21000000,50000,*,4608,19876,0.0781515467819408,CG,AL_FL
421,Fvb7,21000001,21050000,50000,*,2715,21739,0.0699040220028199,CG,AL_FL
422,Fvb7,21050001,21100000,50000,*,3696,22633,0.0640405504461228,CG,AL_FL
423,Fvb7,21100001,21150000,50000,*,7737,31422,0.0819914471149718,CG,AL_FL
424,Fvb7,21150001,21200000,50000,*,5395,17281,0.120958572567541,CG,AL_FL
425,Fvb7,21200001,21250000,50000,*,4385,22291,0.0408338105328714,CG,AL_FL
426,Fvb7,21250001,21300000,50000,*,3855,19477,0.0410983588574435,CG,AL_FL
427,Fvb7,21300001,21350000,50000,*,3970,19846,0.0326595391570715,CG,AL_FL
428,Fvb7,21350001,21400000,50000,*,6086,21096,0.0503594663519553,CG,AL_FL
429,Fvb7,21400001,21450000,50000,*,3500,19853,0.0246229374503565,CG,AL_FL
430,Fvb7,21450001,21500000,50000,*,4021,10310,0.0142492029654063,CG,AL_FL
431,Fvb7,21500001,21550000,50000,*,5027,19341,0.117500305071361,CG,AL_FL
432,Fvb7,21550001,21600000,50000,*,4569,21993,0.0532465794010633,CG,AL_FL
433,Fvb7,21600001,21650000,50000,*,5886,20485,-0.00972741646360881,CG,AL_FL
434,Fvb7,21650001,21700000,50000,*,3678,19545,0.0498854977379494,CG,AL_FL
435,Fvb7,21700001,21750000,50000,*,3220,16801,-0.00266674881164439,CG,AL_FL
436,Fvb7,21750001,21800000,50000,*,8164,21074,0.0448221311611707,CG,AL_FL
437,Fvb7,21800001,21850000,50000,*,6054,17574,0.00729766007222521,CG,AL_FL
438,Fvb7,21850001,21900000,50000,*,6069,16110,0.0677970559853348,CG,AL_FL
439,Fvb7,21900001,21950000,50000,*,5456,17971,0.0835289254298394,CG,AL_FL
440,Fvb7,21950001,22000000,50000,*,2909,15579,0.0366705355315316,CG,AL_FL
441,Fvb7,22000001,22050000,50000,*,5615,27747,0.0134682399764542,CG,AL_FL
442,Fvb7,22050001,22100000,50000,*,4861,20072,0.0606890370783189,CG,AL_FL
443,Fvb7,22100001,22150000,50000,*,4381,17378,0.064352329586871,CG,AL_FL
444,Fvb7,22150001,22200000,50000,*,7598,26816,0.0326513350289899,CG,AL_FL
445,Fvb7,22200001,22250000,50000,*,11507,22832,0.0467872581262755,CG,AL_FL
446,Fvb7,22250001,22300000,50000,*,2907,17205,0.0340936896823101,CG,AL_FL
447,Fvb7,22300001,22350000,50000,*,5867,20669,0.0230020257570508,CG,AL_FL
448,Fvb7,22350001,22400000,50000,*,5553,18226,0.0536019967410543,CG,AL_FL
449,Fvb7,22400001,22450000,50000,*,4699,26321,0.0590871009632143,CG,AL_FL
450,Fvb7,22450001,22500000,50000,*,3616,18534,0.00373222446193658,CG,AL_FL
451,Fvb7,22500001,22550000,50000,*,4793,16622,0.00701422652624623,CG,AL_FL
452,Fvb7,22550001,22600000,50000,*,4238,12729,-0.0158391716078399,CG,AL_FL
453,Fvb7,22600001,22650000,50000,*,2004,7561,-0.222592865520731,CG,AL_FL
454,Fvb7,22650001,22700000,50000,*,3675,15820,0.131708460803996,CG,AL_FL
455,Fvb7,22700001,22750000,50000,*,4191,22623,0.0654208013761906,CG,AL_FL
456,Fvb7,22750001,22800000,50000,*,8340,16428,0.0806037543206794,CG,AL_FL
457,Fvb7,22800001,22850000,50000,*,6638,19523,0.112608279666142,CG,AL_FL
458,Fvb7,22850001,22900000,50000,*,3830,14955,-0.0102456186518482,CG,AL_FL
459,Fvb7,22900001,22950000,50000,*,7178,22808,0.0440366868120887,CG,AL_FL
460,Fvb7,22950001,23000000,50000,*,1399,20866,-0.035322570496671,CG,AL_FL
461,Fvb7,23000001,23050000,50000,*,1706,8239,0.0896565566659025,CG,AL_FL
462,Fvb7,23050001,23100000,50000,*,5303,18667,0.00563670932015681,CG,AL_FL
463,Fvb7,23100001,23150000,50000,*,5055,22269,0.036900793421075,CG,AL_FL
464,Fvb7,23150001,23200000,50000,*,2513,10070,-0.0366067159513038,CG,AL_FL
465,Fvb7,23200001,23250000,50000,*,3674,16129,0.0250050105171618,CG,AL_FL
466,Fvb7,23250001,23300000,50000,*,7280,19566,-0.214054949579319,CG,AL_FL
467,Fvb7,23300001,23350000,50000,*,4907,16433,-0.0508077344997122,CG,AL_FL
468,Fvb7,23350001,23400000,50000,*,3393,20503,-0.0050336070488512,CG,AL_FL
469,Fvb7,23400001,23450000,50000,*,5159,19897,0.0558440677154315,CG,AL_FL
470,Fvb7,23450001,23500000,50000,*,948,11230,0.0147113066420886,CG,AL_FL
471,Fvb7,23500001,23550000,50000,*,4849,15486,0.00103915427369777,CG,AL_FL
472,Fvb7,23550001,23600000,50000,*,5315,26887,0.0222606706396059,CG,AL_FL
473,Fvb7,23600001,23650000,50000,*,3532,20750,0.0312027111622837,CG,AL_FL
474,Fvb7,23650001,23700000,50000,*,4730,18922,0.0644797907299033,CG,AL_FL
475,Fvb7,23700001,23750000,50000,*,5466,14773,-0.159630641626042,CG,AL_FL
476,Fvb7,23750001,23800000,50000,*,6696,17442,0.0299846223279328,CG,AL_FL
477,Fvb7,23800001,23850000,50000,*,6092,17887,0.112499659444933,CG,AL_FL
478,Fvb7,23850001,23900000,50000,*,5084,17542,0.0601203449143335,CG,AL_FL
479,Fvb7,23900001,23950000,50000,*,4415,13788,-0.156908525344127,CG,AL_FL
480,Fvb7,23950001,24000000,50000,*,9641,23759,0.0696058772564438,CG,AL_FL
481,Fvb7,24000001,24050000,50000,*,6851,26695,0.00748653894628662,CG,AL_FL
482,Fvb7,24050001,24100000,50000,*,6854,31711,0.0121301450092231,CG,AL_FL
483,Fvb7,24100001,24150000,50000,*,5326,16557,-0.0111781864027922,CG,AL_FL
484,Fvb7,24150001,24200000,50000,*,8700,18286,0.0338492621601691,CG,AL_FL
1,Fvb7,1,50000,50000,*,117,179,0.298998697056776,CG,AL_NL
2,Fvb7,50001,100000,50000,*,0,0,0,CG,AL_NL
3,Fvb7,100001,150000,50000,*,0,0,0,CG,AL_NL
4,Fvb7,150001,200000,50000,*,0,0,0,CG,AL_NL
5,Fvb7,200001,250000,50000,*,0,0,0,CG,AL_NL
6,Fvb7,250001,300000,50000,*,0,0,0,CG,AL_NL
7,Fvb7,300001,350000,50000,*,0,0,0,CG,AL_NL
8,Fvb7,350001,400000,50000,*,0,0,0,CG,AL_NL
9,Fvb7,400001,450000,50000,*,0,0,0,CG,AL_NL
10,Fvb7,450001,500000,50000,*,0,0,0,CG,AL_NL
11,Fvb7,500001,550000,50000,*,0,0,0,CG,AL_NL
12,Fvb7,550001,600000,50000,*,8,8,NA,CG,AL_NL
13,Fvb7,600001,650000,50000,*,9130,13270,0.00562075447043009,CG,AL_NL
14,Fvb7,650001,700000,50000,*,7633,12792,-0.0323622509141268,CG,AL_NL
15,Fvb7,700001,750000,50000,*,8759,12652,-0.0274637305669914,CG,AL_NL
16,Fvb7,750001,800000,50000,*,7752,17029,0.0428211349569987,CG,AL_NL
17,Fvb7,800001,850000,50000,*,12764,16617,0.00790912617529393,CG,AL_NL
18,Fvb7,850001,900000,50000,*,5180,11904,-0.0477171066090838,CG,AL_NL
19,Fvb7,900001,950000,50000,*,11981,15189,-0.0385412163493996,CG,AL_NL
20,Fvb7,950001,1000000,50000,*,9635,12055,0.0114287775693377,CG,AL_NL
21,Fvb7,1000001,1050000,50000,*,9236,14795,-0.0292871809817927,CG,AL_NL
22,Fvb7,1050001,1100000,50000,*,8356,13241,-0.0485707216016654,CG,AL_NL
23,Fvb7,1100001,1150000,50000,*,10509,17564,-0.0534578130098953,CG,AL_NL
24,Fvb7,1150001,1200000,50000,*,7401,13988,0.0123691344550749,CG,AL_NL
25,Fvb7,1200001,1250000,50000,*,7312,11745,-0.0612975317654872,CG,AL_NL
26,Fvb7,1250001,1300000,50000,*,10662,13180,-0.0115395402635545,CG,AL_NL
27,Fvb7,1300001,1350000,50000,*,8738,18927,-0.00299557992187066,CG,AL_NL
28,Fvb7,1350001,1400000,50000,*,8618,14750,-0.00536065207291303,CG,AL_NL
29,Fvb7,1400001,1450000,50000,*,7604,16346,-0.00690582844393395,CG,AL_NL
30,Fvb7,1450001,1500000,50000,*,7657,15018,-0.0331609333225202,CG,AL_NL
31,Fvb7,1500001,1550000,50000,*,7803,13644,0.0460122429746278,CG,AL_NL
32,Fvb7,1550001,1600000,50000,*,8308,17274,-0.0214733805505762,CG,AL_NL
33,Fvb7,1600001,1650000,50000,*,9482,18968,0.00712038931349152,CG,AL_NL
34,Fvb7,1650001,1700000,50000,*,9297,15775,0.081765830606507,CG,AL_NL
35,Fvb7,1700001,1750000,50000,*,12197,19394,0.0257964833379195,CG,AL_NL
36,Fvb7,1750001,1800000,50000,*,6593,14893,-0.0311728848146603,CG,AL_NL
37,Fvb7,1800001,1850000,50000,*,8712,15737,-0.0131491376031548,CG,AL_NL
38,Fvb7,1850001,1900000,50000,*,8731,16374,0.0170426750816295,CG,AL_NL
39,Fvb7,1900001,1950000,50000,*,10100,14456,-0.0174713196249623,CG,AL_NL
40,Fvb7,1950001,2000000,50000,*,6849,14848,0.0310382311839777,CG,AL_NL
41,Fvb7,2000001,2050000,50000,*,7681,11519,0.0300140808763775,CG,AL_NL
42,Fvb7,2050001,2100000,50000,*,6386,12286,0.00827187944805696,CG,AL_NL
43,Fvb7,2100001,2150000,50000,*,8665,12750,-0.00530332101018616,CG,AL_NL
44,Fvb7,2150001,2200000,50000,*,5103,18861,0.00818424504448251,CG,AL_NL
45,Fvb7,2200001,2250000,50000,*,12577,14850,0.0187602964165464,CG,AL_NL
46,Fvb7,2250001,2300000,50000,*,11515,17803,-0.00522799889542069,CG,AL_NL
47,Fvb7,2300001,2350000,50000,*,10253,19906,-0.0496656667599918,CG,AL_NL
48,Fvb7,2350001,2400000,50000,*,4562,16662,-0.0612340582540959,CG,AL_NL
49,Fvb7,2400001,2450000,50000,*,9087,14052,0.0189061654732022,CG,AL_NL
50,Fvb7,2450001,2500000,50000,*,11161,15434,0.0223196109400448,CG,AL_NL
51,Fvb7,2500001,2550000,50000,*,8751,14267,0.0124351318550551,CG,AL_NL
52,Fvb7,2550001,2600000,50000,*,12462,15612,0.0163026258126001,CG,AL_NL
53,Fvb7,2600001,2650000,50000,*,7629,17789,0.0202062284131787,CG,AL_NL
54,Fvb7,2650001,2700000,50000,*,10591,16866,0.0454119859869738,CG,AL_NL
55,Fvb7,2700001,2750000,50000,*,9417,14897,0.020394501252597,CG,AL_NL
56,Fvb7,2750001,2800000,50000,*,9103,12054,-0.00186395795165173,CG,AL_NL
57,Fvb7,2800001,2850000,50000,*,8083,17735,-0.00151579825709741,CG,AL_NL
58,Fvb7,2850001,2900000,50000,*,7385,10278,0.0469997995176828,CG,AL_NL
59,Fvb7,2900001,2950000,50000,*,11421,17471,0.0209859103090979,CG,AL_NL
60,Fvb7,2950001,3000000,50000,*,13113,18640,0.035653314309371,CG,AL_NL
61,Fvb7,3000001,3050000,50000,*,4056,13109,-0.0963201423068175,CG,AL_NL
62,Fvb7,3050001,3100000,50000,*,8526,12134,-0.00124291731061998,CG,AL_NL
63,Fvb7,3100001,3150000,50000,*,8213,15936,-0.0347080189374886,CG,AL_NL
64,Fvb7,3150001,3200000,50000,*,6402,16816,0.0447461558544682,CG,AL_NL
65,Fvb7,3200001,3250000,50000,*,8883,13449,0.0291076442957819,CG,AL_NL
66,Fvb7,3250001,3300000,50000,*,11723,17160,-0.0105943792702685,CG,AL_NL
67,Fvb7,3300001,3350000,50000,*,10726,14133,0.00767431038103228,CG,AL_NL
68,Fvb7,3350001,3400000,50000,*,11435,18895,-0.00407228980519336,CG,AL_NL
69,Fvb7,3400001,3450000,50000,*,9101,13011,-0.000637950119413477,CG,AL_NL
70,Fvb7,3450001,3500000,50000,*,8818,16129,0.00477321869055225,CG,AL_NL
71,Fvb7,3500001,3550000,50000,*,6568,15741,-0.0668335489339693,CG,AL_NL
72,Fvb7,3550001,3600000,50000,*,11672,18935,0.0298471300191143,CG,AL_NL
73,Fvb7,3600001,3650000,50000,*,6906,15063,-0.00719024425680942,CG,AL_NL
74,Fvb7,3650001,3700000,50000,*,10151,18531,0.0317224999408479,CG,AL_NL
75,Fvb7,3700001,3750000,50000,*,14210,25316,0.011123545065766,CG,AL_NL
76,Fvb7,3750001,3800000,50000,*,9417,13011,-0.0408641869883588,CG,AL_NL
77,Fvb7,3800001,3850000,50000,*,11804,15778,-0.00853043797972175,CG,AL_NL
78,Fvb7,3850001,3900000,50000,*,8062,13942,-0.0283989651564674,CG,AL_NL
79,Fvb7,3900001,3950000,50000,*,12820,17507,-0.0343486115315315,CG,AL_NL
80,Fvb7,3950001,4000000,50000,*,7272,15097,-0.0235487710092114,CG,AL_NL
81,Fvb7,4000001,4050000,50000,*,11048,12295,0.0162435974509992,CG,AL_NL
82,Fvb7,4050001,4100000,50000,*,14740,16389,-0.00576301307386329,CG,AL_NL
83,Fvb7,4100001,4150000,50000,*,5900,7133,-0.0671800787151166,CG,AL_NL
84,Fvb7,4150001,4200000,50000,*,10950,13059,-0.0107051058128664,CG,AL_NL
85,Fvb7,4200001,4250000,50000,*,9386,13863,-0.0196417867726146,CG,AL_NL
86,Fvb7,4250001,4300000,50000,*,9891,14409,-0.0150806218759552,CG,AL_NL
87,Fvb7,4300001,4350000,50000,*,6239,8198,-0.019928047215035,CG,AL_NL
88,Fvb7,4350001,4400000,50000,*,7282,14482,-0.00695189469860913,CG,AL_NL
89,Fvb7,4400001,4450000,50000,*,9020,16322,0.0112137202219957,CG,AL_NL
90,Fvb7,4450001,4500000,50000,*,10438,12400,0.295859987056787,CG,AL_NL
91,Fvb7,4500001,4550000,50000,*,8298,11656,0.0062606722909222,CG,AL_NL
92,Fvb7,4550001,4600000,50000,*,11477,15446,0.0194687404751881,CG,AL_NL
93,Fvb7,4600001,4650000,50000,*,6953,17942,-0.0645356797023891,CG,AL_NL
94,Fvb7,4650001,4700000,50000,*,8531,15918,-0.0224460044423399,CG,AL_NL
95,Fvb7,4700001,4750000,50000,*,13777,17385,0.0205148349587899,CG,AL_NL
96,Fvb7,4750001,4800000,50000,*,3761,9980,-0.020762222507959,CG,AL_NL
97,Fvb7,4800001,4850000,50000,*,3777,11383,-0.0423146297533552,CG,AL_NL
98,Fvb7,4850001,4900000,50000,*,8009,15119,-0.0153379123304351,CG,AL_NL
99,Fvb7,4900001,4950000,50000,*,8290,15128,0.0740804061268934,CG,AL_NL
100,Fvb7,4950001,5000000,50000,*,7112,10059,0.0395391890560524,CG,AL_NL
101,Fvb7,5000001,5050000,50000,*,5697,17415,0.00926372259665842,CG,AL_NL
102,Fvb7,5050001,5100000,50000,*,6907,11633,0.0421039621292182,CG,AL_NL
103,Fvb7,5100001,5150000,50000,*,3453,14629,-0.0182038754498364,CG,AL_NL
104,Fvb7,5150001,5200000,50000,*,4365,11884,0.00982924414649761,CG,AL_NL
105,Fvb7,5200001,5250000,50000,*,5914,12813,0.0645027281708637,CG,AL_NL
106,Fvb7,5250001,5300000,50000,*,5728,16622,-0.014264999500772,CG,AL_NL
107,Fvb7,5300001,5350000,50000,*,7480,13015,0.077553769092845,CG,AL_NL
108,Fvb7,5350001,5400000,50000,*,7287,11969,0.0124936945364109,CG,AL_NL
109,Fvb7,5400001,5450000,50000,*,11146,16919,-0.0363166376767636,CG,AL_NL
110,Fvb7,5450001,5500000,50000,*,12163,22560,0.028944216452271,CG,AL_NL
111,Fvb7,5500001,5550000,50000,*,13544,19325,-0.0119515690716278,CG,AL_NL
112,Fvb7,5550001,5600000,50000,*,14980,20940,0.0163054022132241,CG,AL_NL
113,Fvb7,5600001,5650000,50000,*,6497,11411,0.0230659991904988,CG,AL_NL
114,Fvb7,5650001,5700000,50000,*,3387,5155,0.0957732665007155,CG,AL_NL
115,Fvb7,5700001,5750000,50000,*,5019,13342,-0.0926398230535788,CG,AL_NL
116,Fvb7,5750001,5800000,50000,*,7524,16237,0.0387145531803766,CG,AL_NL
117,Fvb7,5800001,5850000,50000,*,5899,10288,0.0105140958885204,CG,AL_NL
118,Fvb7,5850001,5900000,50000,*,5674,14077,0.020529938553791,CG,AL_NL
119,Fvb7,5900001,5950000,50000,*,19965,22379,0.0412166613808802,CG,AL_NL
120,Fvb7,5950001,6000000,50000,*,7651,13959,0.0216791524507735,CG,AL_NL
121,Fvb7,6000001,6050000,50000,*,7295,14425,0.0256149710236883,CG,AL_NL
122,Fvb7,6050001,6100000,50000,*,7359,14127,0.0204455457350414,CG,AL_NL
123,Fvb7,6100001,6150000,50000,*,5610,10995,-0.00544989458018097,CG,AL_NL
124,Fvb7,6150001,6200000,50000,*,7039,19954,-0.0168761545371836,CG,AL_NL
125,Fvb7,6200001,6250000,50000,*,5202,14927,0.035094881081752,CG,AL_NL
126,Fvb7,6250001,6300000,50000,*,7227,15043,0.0918034227358293,CG,AL_NL
127,Fvb7,6300001,6350000,50000,*,1357,2608,-0.0865314966649466,CG,AL_NL
128,Fvb7,6350001,6400000,50000,*,3207,13543,-0.054181603975017,CG,AL_NL
129,Fvb7,6400001,6450000,50000,*,5840,14710,0.0042187952521251,CG,AL_NL
130,Fvb7,6450001,6500000,50000,*,6346,9601,-0.00804764456324836,CG,AL_NL
131,Fvb7,6500001,6550000,50000,*,5523,13101,0.0742135392843824,CG,AL_NL
132,Fvb7,6550001,6600000,50000,*,4341,12008,0.0409029333979367,CG,AL_NL
133,Fvb7,6600001,6650000,50000,*,11537,17087,0.0277606247815242,CG,AL_NL
134,Fvb7,6650001,6700000,50000,*,1219,2951,0.00838495122211319,CG,AL_NL
135,Fvb7,6700001,6750000,50000,*,7366,13249,-0.0684554675961675,CG,AL_NL
136,Fvb7,6750001,6800000,50000,*,5952,18566,0.0233833880188861,CG,AL_NL
137,Fvb7,6800001,6850000,50000,*,6704,13518,-0.0307438738554461,CG,AL_NL
138,Fvb7,6850001,6900000,50000,*,6929,15011,0.043736118354945,CG,AL_NL
139,Fvb7,6900001,6950000,50000,*,9962,13019,0.00691586077743056,CG,AL_NL
140,Fvb7,6950001,7000000,50000,*,6229,16205,0.0277721674416514,CG,AL_NL
141,Fvb7,7000001,7050000,50000,*,5804,10852,0.000869590383549057,CG,AL_NL
142,Fvb7,7050001,7100000,50000,*,5648,14958,0.021643754592957,CG,AL_NL
143,Fvb7,7100001,7150000,50000,*,6900,17325,-0.0479439503756526,CG,AL_NL
144,Fvb7,7150001,7200000,50000,*,10871,15964,0.00657323959849943,CG,AL_NL
145,Fvb7,7200001,7250000,50000,*,12183,17749,-0.0220054614259712,CG,AL_NL
146,Fvb7,7250001,7300000,50000,*,6021,11931,0.0987052263298321,CG,AL_NL
147,Fvb7,7300001,7350000,50000,*,7282,12106,0.109266878592932,CG,AL_NL
148,Fvb7,7350001,7400000,50000,*,6882,19743,-0.000231997593022337,CG,AL_NL
149,Fvb7,7400001,7450000,50000,*,8560,14486,0.0173311524976492,CG,AL_NL
150,Fvb7,7450001,7500000,50000,*,10061,12436,0.0439587486044191,CG,AL_NL
151,Fvb7,7500001,7550000,50000,*,10164,22010,-0.0155792785099214,CG,AL_NL
152,Fvb7,7550001,7600000,50000,*,7294,19695,-0.0560247829444168,CG,AL_NL
153,Fvb7,7600001,7650000,50000,*,9280,13048,-0.0183279523739274,CG,AL_NL
154,Fvb7,7650001,7700000,50000,*,6651,17657,-0.0492356068856961,CG,AL_NL
155,Fvb7,7700001,7750000,50000,*,4332,11249,-0.0156915434712758,CG,AL_NL
156,Fvb7,7750001,7800000,50000,*,6314,13524,0.0151353005202898,CG,AL_NL
157,Fvb7,7800001,7850000,50000,*,13578,19493,-0.0130757323626374,CG,AL_NL
158,Fvb7,7850001,7900000,50000,*,7670,12979,0.109780609325456,CG,AL_NL
159,Fvb7,7900001,7950000,50000,*,7558,13950,0.021511633525057,CG,AL_NL
160,Fvb7,7950001,8000000,50000,*,10160,14511,-0.00721463902680675,CG,AL_NL
161,Fvb7,8000001,8050000,50000,*,8061,15324,0.0927007359911171,CG,AL_NL
162,Fvb7,8050001,8100000,50000,*,10355,16328,0.0100425826962861,CG,AL_NL
163,Fvb7,8100001,8150000,50000,*,5137,9353,0.0175790659733329,CG,AL_NL
164,Fvb7,8150001,8200000,50000,*,5098,16503,0.028612691995535,CG,AL_NL
165,Fvb7,8200001,8250000,50000,*,5855,10892,0.0112022466161604,CG,AL_NL
166,Fvb7,8250001,8300000,50000,*,5580,13110,0.0278335787411927,CG,AL_NL
167,Fvb7,8300001,8350000,50000,*,5745,13284,0.0508474290200051,CG,AL_NL
168,Fvb7,8350001,8400000,50000,*,9506,14892,-0.00185175037368168,CG,AL_NL
169,Fvb7,8400001,8450000,50000,*,6198,16261,0.0651533418116637,CG,AL_NL
170,Fvb7,8450001,8500000,50000,*,6702,14941,0.0201066812962719,CG,AL_NL
171,Fvb7,8500001,8550000,50000,*,6268,15840,0.0124130641001807,CG,AL_NL
172,Fvb7,8550001,8600000,50000,*,6589,14915,-0.0266142750704512,CG,AL_NL
173,Fvb7,8600001,8650000,50000,*,5032,18463,-0.0480716151763911,CG,AL_NL
174,Fvb7,8650001,8700000,50000,*,7818,13619,-0.0235045222349751,CG,AL_NL
175,Fvb7,8700001,8750000,50000,*,5448,15240,-0.0124024727291905,CG,AL_NL
176,Fvb7,8750001,8800000,50000,*,7838,14673,0.0695916751194937,CG,AL_NL
177,Fvb7,8800001,8850000,50000,*,7006,16277,0.0271773541045064,CG,AL_NL
178,Fvb7,8850001,8900000,50000,*,6820,10359,0.0480002003906587,CG,AL_NL
179,Fvb7,8900001,8950000,50000,*,9038,16886,0.0454872873686022,CG,AL_NL
180,Fvb7,8950001,9000000,50000,*,5139,18354,0.0266216712104264,CG,AL_NL
181,Fvb7,9000001,9050000,50000,*,6077,12949,-0.0188748702446605,CG,AL_NL
182,Fvb7,9050001,9100000,50000,*,7389,17800,0.0745716005480156,CG,AL_NL
183,Fvb7,9100001,9150000,50000,*,9488,13423,0.0140893748414954,CG,AL_NL
184,Fvb7,9150001,9200000,50000,*,8119,11159,0.0162374095649763,CG,AL_NL
185,Fvb7,9200001,9250000,50000,*,10917,14193,0.00849292462125917,CG,AL_NL
186,Fvb7,9250001,9300000,50000,*,3828,12546,-0.0267941491309653,CG,AL_NL
187,Fvb7,9300001,9350000,50000,*,5617,14210,0.0107458628849851,CG,AL_NL
188,Fvb7,9350001,9400000,50000,*,5618,17539,-4.56016643704538e-05,CG,AL_NL
189,Fvb7,9400001,9450000,50000,*,8016,16084,-0.0153664551412654,CG,AL_NL
190,Fvb7,9450001,9500000,50000,*,5477,18786,-0.00804320142982873,CG,AL_NL
191,Fvb7,9500001,9550000,50000,*,5837,20858,0.00023446901537244,CG,AL_NL
192,Fvb7,9550001,9600000,50000,*,8396,17863,0.0236326441569275,CG,AL_NL
193,Fvb7,9600001,9650000,50000,*,7480,18761,0.0145288637634521,CG,AL_NL
194,Fvb7,9650001,9700000,50000,*,7332,20000,-0.0501796035913942,CG,AL_NL
195,Fvb7,9700001,9750000,50000,*,8178,8995,-0.0192284544103752,CG,AL_NL
196,Fvb7,9750001,9800000,50000,*,6995,12845,-0.0351655632984456,CG,AL_NL
197,Fvb7,9800001,9850000,50000,*,4846,14753,-0.13347975041505,CG,AL_NL
198,Fvb7,9850001,9900000,50000,*,6096,22569,0.018692684878157,CG,AL_NL
199,Fvb7,9900001,9950000,50000,*,5475,16621,0.0654075010598124,CG,AL_NL
200,Fvb7,9950001,10000000,50000,*,6981,17024,-0.070660626619474,CG,AL_NL
201,Fvb7,10000001,10050000,50000,*,9646,21373,-0.0177726334155353,CG,AL_NL
202,Fvb7,10050001,10100000,50000,*,4702,15391,-0.0209013711424221,CG,AL_NL
203,Fvb7,10100001,10150000,50000,*,7164,14824,0.00151483689692145,CG,AL_NL
204,Fvb7,10150001,10200000,50000,*,2609,12217,-0.142521876521112,CG,AL_NL
205,Fvb7,10200001,10250000,50000,*,8958,17893,-0.0199129312326345,CG,AL_NL
206,Fvb7,10250001,10300000,50000,*,9306,17339,0.00172674747786683,CG,AL_NL
207,Fvb7,10300001,10350000,50000,*,12626,16742,0.00201233354277419,CG,AL_NL
208,Fvb7,10350001,10400000,50000,*,6333,15973,0.00694991003249373,CG,AL_NL
209,Fvb7,10400001,10450000,50000,*,3775,17636,-0.0180263594765835,CG,AL_NL
210,Fvb7,10450001,10500000,50000,*,4086,14603,0.000417561818122192,CG,AL_NL
211,Fvb7,10500001,10550000,50000,*,6004,18296,-0.0414444967494847,CG,AL_NL
212,Fvb7,10550001,10600000,50000,*,5346,17615,-0.174998000287892,CG,AL_NL
213,Fvb7,10600001,10650000,50000,*,5752,18723,-0.00261760935747479,CG,AL_NL
214,Fvb7,10650001,10700000,50000,*,3900,12028,-0.0266737312279837,CG,AL_NL
215,Fvb7,10700001,10750000,50000,*,5687,15070,-0.0226502040876568,CG,AL_NL
216,Fvb7,10750001,10800000,50000,*,3845,16407,0.00776358463025301,CG,AL_NL
217,Fvb7,10800001,10850000,50000,*,6232,15021,0.0329204845981701,CG,AL_NL
218,Fvb7,10850001,10900000,50000,*,5410,13037,0.0110270838807338,CG,AL_NL
219,Fvb7,10900001,10950000,50000,*,6178,21481,-0.00505236923340746,CG,AL_NL
220,Fvb7,10950001,11000000,50000,*,10681,18742,-0.00183646537674265,CG,AL_NL
221,Fvb7,11000001,11050000,50000,*,9080,21215,0.00142930156718496,CG,AL_NL
222,Fvb7,11050001,11100000,50000,*,3578,14155,-0.0191404444479361,CG,AL_NL
223,Fvb7,11100001,11150000,50000,*,7464,16209,0.028052483355093,CG,AL_NL
224,Fvb7,11150001,11200000,50000,*,4860,12377,0.00543448762011778,CG,AL_NL
225,Fvb7,11200001,11250000,50000,*,8289,9527,0.00384131130460252,CG,AL_NL
226,Fvb7,11250001,11300000,50000,*,11717,21354,0.0509014740844612,CG,AL_NL
227,Fvb7,11300001,11350000,50000,*,5540,23562,-0.0288252393031805,CG,AL_NL
228,Fvb7,11350001,11400000,50000,*,7846,20005,0.0224762328700151,CG,AL_NL
229,Fvb7,11400001,11450000,50000,*,6692,14876,-0.0273674820783402,CG,AL_NL
230,Fvb7,11450001,11500000,50000,*,6290,14794,0.0515825657318388,CG,AL_NL
231,Fvb7,11500001,11550000,50000,*,10744,15757,0.0752437051461124,CG,AL_NL
232,Fvb7,11550001,11600000,50000,*,8151,20108,0.0246830707550447,CG,AL_NL
233,Fvb7,11600001,11650000,50000,*,8370,14859,0.0838598562528375,CG,AL_NL
234,Fvb7,11650001,11700000,50000,*,8176,13324,0.0754743086137187,CG,AL_NL
235,Fvb7,11700001,11750000,50000,*,4288,19615,0.0226718400721207,CG,AL_NL
236,Fvb7,11750001,11800000,50000,*,9993,16142,0.00233892669878744,CG,AL_NL
237,Fvb7,11800001,11850000,50000,*,9582,15550,0.072934918956819,CG,AL_NL
238,Fvb7,11850001,11900000,50000,*,7354,16348,-0.00517262166706189,CG,AL_NL
239,Fvb7,11900001,11950000,50000,*,8979,16117,0.0112881514814549,CG,AL_NL
240,Fvb7,11950001,12000000,50000,*,6845,19066,0.0166331364911193,CG,AL_NL
241,Fvb7,12000001,12050000,50000,*,4938,22924,-0.022482185378659,CG,AL_NL
242,Fvb7,12050001,12100000,50000,*,5839,18827,0.0483869630292699,CG,AL_NL
243,Fvb7,12100001,12150000,50000,*,6088,13131,0.0083347559060723,CG,AL_NL
244,Fvb7,12150001,12200000,50000,*,7436,15619,0.0325693543883293,CG,AL_NL
245,Fvb7,12200001,12250000,50000,*,6992,15997,-0.0309443174414767,CG,AL_NL
246,Fvb7,12250001,12300000,50000,*,6078,16453,0.0299118952261035,CG,AL_NL
247,Fvb7,12300001,12350000,50000,*,5347,16725,0.0309288148131763,CG,AL_NL
248,Fvb7,12350001,12400000,50000,*,2913,8098,-0.150162138551763,CG,AL_NL
249,Fvb7,12400001,12450000,50000,*,5744,17854,-0.0366409682140335,CG,AL_NL
250,Fvb7,12450001,12500000,50000,*,3049,7685,-0.0856512706785484,CG,AL_NL
251,Fvb7,12500001,12550000,50000,*,786,6847,-0.124895921006867,CG,AL_NL
252,Fvb7,12550001,12600000,50000,*,7043,15484,0.00951164435172086,CG,AL_NL
253,Fvb7,12600001,12650000,50000,*,8832,13252,-0.0309789607981393,CG,AL_NL
254,Fvb7,12650001,12700000,50000,*,6760,17391,0.021855240239425,CG,AL_NL
255,Fvb7,12700001,12750000,50000,*,11259,19578,-0.000245434684250423,CG,AL_NL
256,Fvb7,12750001,12800000,50000,*,2956,21945,0.0204177857413791,CG,AL_NL
257,Fvb7,12800001,12850000,50000,*,5463,17516,-0.00830407129757949,CG,AL_NL
258,Fvb7,12850001,12900000,50000,*,3773,17790,0.00221417623609504,CG,AL_NL
259,Fvb7,12900001,12950000,50000,*,7179,19675,-0.00760770427881796,CG,AL_NL
260,Fvb7,12950001,13000000,50000,*,7088,16735,-0.0804737641963564,CG,AL_NL
261,Fvb7,13000001,13050000,50000,*,3660,20872,0.0130526099027501,CG,AL_NL
262,Fvb7,13050001,13100000,50000,*,5875,23118,0.0221736877153917,CG,AL_NL
263,Fvb7,13100001,13150000,50000,*,6489,18829,-0.0147794092125441,CG,AL_NL
264,Fvb7,13150001,13200000,50000,*,6107,18052,0.00669209310043639,CG,AL_NL
265,Fvb7,13200001,13250000,50000,*,5724,20216,-0.00873422618574976,CG,AL_NL
266,Fvb7,13250001,13300000,50000,*,10754,18193,0.0498052520844072,CG,AL_NL
267,Fvb7,13300001,13350000,50000,*,6595,18551,0.00733206683956095,CG,AL_NL
268,Fvb7,13350001,13400000,50000,*,6824,23732,0.0592829837689249,CG,AL_NL
269,Fvb7,13400001,13450000,50000,*,5573,19780,0.0545413208661615,CG,AL_NL
270,Fvb7,13450001,13500000,50000,*,2745,14262,-0.147075915592295,CG,AL_NL
271,Fvb7,13500001,13550000,50000,*,4257,21552,0.00816792890170143,CG,AL_NL
272,Fvb7,13550001,13600000,50000,*,5654,15239,0.0279862527824236,CG,AL_NL
273,Fvb7,13600001,13650000,50000,*,6750,17313,0.0623209605901736,CG,AL_NL
274,Fvb7,13650001,13700000,50000,*,7850,17088,0.00932100109751116,CG,AL_NL
275,Fvb7,13700001,13750000,50000,*,6416,18179,0.0343766765548126,CG,AL_NL
276,Fvb7,13750001,13800000,50000,*,6350,15100,-0.00608666813886471,CG,AL_NL
277,Fvb7,13800001,13850000,50000,*,4808,11791,-0.0252506428689687,CG,AL_NL
278,Fvb7,13850001,13900000,50000,*,5596,12251,-0.0431633711372042,CG,AL_NL
279,Fvb7,13900001,13950000,50000,*,5290,15831,-0.0153409789467367,CG,AL_NL
280,Fvb7,13950001,14000000,50000,*,7042,16750,0.0288519100084904,CG,AL_NL
281,Fvb7,14000001,14050000,50000,*,7670,18664,-0.00805491497242589,CG,AL_NL
282,Fvb7,14050001,14100000,50000,*,6214,15903,0.0720820019373923,CG,AL_NL
283,Fvb7,14100001,14150000,50000,*,7734,17114,0.0190163482022047,CG,AL_NL
284,Fvb7,14150001,14200000,50000,*,9055,16308,0.116407425267362,CG,AL_NL
285,Fvb7,14200001,14250000,50000,*,6445,19852,0.0163720637683642,CG,AL_NL
286,Fvb7,14250001,14300000,50000,*,8718,18152,0.0431876407775224,CG,AL_NL
287,Fvb7,14300001,14350000,50000,*,6184,14448,0.0187437639599745,CG,AL_NL
288,Fvb7,14350001,14400000,50000,*,7601,16430,0.0517300961268863,CG,AL_NL
289,Fvb7,14400001,14450000,50000,*,7738,13219,0.00177076799680553,CG,AL_NL
290,Fvb7,14450001,14500000,50000,*,9094,13815,0.0145833708779982,CG,AL_NL
291,Fvb7,14500001,14550000,50000,*,5095,18236,0.0532248915419941,CG,AL_NL
292,Fvb7,14550001,14600000,50000,*,6072,16103,0.00508887581595169,CG,AL_NL
293,Fvb7,14600001,14650000,50000,*,8910,16768,0.0473066618009462,CG,AL_NL
294,Fvb7,14650001,14700000,50000,*,4333,20276,0.0203325157013563,CG,AL_NL
295,Fvb7,14700001,14750000,50000,*,4020,19333,0.00810811771898834,CG,AL_NL
296,Fvb7,14750001,14800000,50000,*,4159,22009,0.0354522127600675,CG,AL_NL
297,Fvb7,14800001,14850000,50000,*,4337,22480,0.00818224322201219,CG,AL_NL
298,Fvb7,14850001,14900000,50000,*,2057,17514,-0.0871058656357574,CG,AL_NL
299,Fvb7,14900001,14950000,50000,*,7753,20285,0.0441392700997799,CG,AL_NL
300,Fvb7,14950001,15000000,50000,*,4872,13761,0.183986821985514,CG,AL_NL
301,Fvb7,15000001,15050000,50000,*,2920,15463,-0.0539003751085266,CG,AL_NL
302,Fvb7,15050001,15100000,50000,*,5691,13065,-0.00343751339048309,CG,AL_NL
303,Fvb7,15100001,15150000,50000,*,1337,7193,0.0754259725583783,CG,AL_NL
304,Fvb7,15150001,15200000,50000,*,3349,10520,0.202355787555663,CG,AL_NL
305,Fvb7,15200001,15250000,50000,*,4782,16887,-0.0159449782606093,CG,AL_NL
306,Fvb7,15250001,15300000,50000,*,3471,14458,0.000709095901520823,CG,AL_NL
307,Fvb7,15300001,15350000,50000,*,5556,15436,-0.0262579214550009,CG,AL_NL
308,Fvb7,15350001,15400000,50000,*,4628,18484,-0.0186741622891359,CG,AL_NL
309,Fvb7,15400001,15450000,50000,*,6408,22450,0.0151979087561662,CG,AL_NL
310,Fvb7,15450001,15500000,50000,*,7479,20887,0.0298057589099508,CG,AL_NL
311,Fvb7,15500001,15550000,50000,*,7456,14691,0.00569484552868094,CG,AL_NL
312,Fvb7,15550001,15600000,50000,*,7529,19329,0.0662576529748242,CG,AL_NL
313,Fvb7,15600001,15650000,50000,*,8130,18050,0.0338113724644912,CG,AL_NL
314,Fvb7,15650001,15700000,50000,*,10315,19346,0.0273151145102289,CG,AL_NL
315,Fvb7,15700001,15750000,50000,*,2541,14740,-0.000663459453064924,CG,AL_NL
316,Fvb7,15750001,15800000,50000,*,8234,15845,0.107887657029281,CG,AL_NL
317,Fvb7,15800001,15850000,50000,*,12992,23701,0.0430766372837735,CG,AL_NL
318,Fvb7,15850001,15900000,50000,*,4691,13342,0.0554215337961688,CG,AL_NL
319,Fvb7,15900001,15950000,50000,*,5672,14592,0.0631982880702319,CG,AL_NL
320,Fvb7,15950001,16000000,50000,*,5396,20377,0.00118988897822297,CG,AL_NL
321,Fvb7,16000001,16050000,50000,*,7246,19513,0.0180233064280515,CG,AL_NL
322,Fvb7,16050001,16100000,50000,*,12602,21184,0.1023523267374,CG,AL_NL
323,Fvb7,16100001,16150000,50000,*,2681,21850,0.00422554112749501,CG,AL_NL
324,Fvb7,16150001,16200000,50000,*,6625,13342,0.10413413283574,CG,AL_NL
325,Fvb7,16200001,16250000,50000,*,6048,17405,-0.027174687986841,CG,AL_NL
326,Fvb7,16250001,16300000,50000,*,5271,14524,0.0278643944934948,CG,AL_NL
327,Fvb7,16300001,16350000,50000,*,7122,16975,0.0168108007552056,CG,AL_NL
328,Fvb7,16350001,16400000,50000,*,4823,19013,0.0259585641123848,CG,AL_NL
329,Fvb7,16400001,16450000,50000,*,6938,17234,0.0743516433632686,CG,AL_NL
330,Fvb7,16450001,16500000,50000,*,1430,4369,0.074653726734104,CG,AL_NL
331,Fvb7,16500001,16550000,50000,*,5197,17187,-0.0436093496836675,CG,AL_NL
332,Fvb7,16550001,16600000,50000,*,2381,12618,0.0444226115806781,CG,AL_NL
333,Fvb7,16600001,16650000,50000,*,7018,15782,-0.00035405442462938,CG,AL_NL
334,Fvb7,16650001,16700000,50000,*,5690,19529,-0.00883763833498002,CG,AL_NL
335,Fvb7,16700001,16750000,50000,*,6383,17842,0.0544591737614052,CG,AL_NL
336,Fvb7,16750001,16800000,50000,*,4348,21082,0.00820127577982188,CG,AL_NL
337,Fvb7,16800001,16850000,50000,*,7433,25459,0.00451908852609756,CG,AL_NL
338,Fvb7,16850001,16900000,50000,*,5516,20864,0.00343607341306729,CG,AL_NL
339,Fvb7,16900001,16950000,50000,*,3725,18511,0.0254607198089924,CG,AL_NL
340,Fvb7,16950001,17000000,50000,*,1208,12611,0.00169949373998676,CG,AL_NL
341,Fvb7,17000001,17050000,50000,*,116,301,0.0545619053321099,CG,AL_NL
342,Fvb7,17050001,17100000,50000,*,4817,15239,0.0449941761720826,CG,AL_NL
343,Fvb7,17100001,17150000,50000,*,3800,20191,-0.0117294467838927,CG,AL_NL
344,Fvb7,17150001,17200000,50000,*,9596,18318,0.00141866471803154,CG,AL_NL
345,Fvb7,17200001,17250000,50000,*,2733,10431,0.0623788797533814,CG,AL_NL
346,Fvb7,17250001,17300000,50000,*,4637,19921,0.0358128187991442,CG,AL_NL
347,Fvb7,17300001,17350000,50000,*,3808,18473,-0.00463565965194196,CG,AL_NL
348,Fvb7,17350001,17400000,50000,*,2091,10438,-0.0881783012240051,CG,AL_NL
349,Fvb7,17400001,17450000,50000,*,7855,16146,0.0313953748849703,CG,AL_NL
350,Fvb7,17450001,17500000,50000,*,6332,20281,0.000250748525715161,CG,AL_NL
351,Fvb7,17500001,17550000,50000,*,3095,16603,-0.0300911263653513,CG,AL_NL
352,Fvb7,17550001,17600000,50000,*,3867,16551,-0.0135099436678118,CG,AL_NL
353,Fvb7,17600001,17650000,50000,*,4264,14975,0.0369541205463822,CG,AL_NL
354,Fvb7,17650001,17700000,50000,*,3283,17282,0.0211535534747527,CG,AL_NL
355,Fvb7,17700001,17750000,50000,*,4445,17519,0.0980466936081618,CG,AL_NL
356,Fvb7,17750001,17800000,50000,*,2712,11547,0.0286845417217882,CG,AL_NL
357,Fvb7,17800001,17850000,50000,*,6150,20512,0.0257767485528279,CG,AL_NL
358,Fvb7,17850001,17900000,50000,*,5685,18791,0.00431880194506784,CG,AL_NL
359,Fvb7,17900001,17950000,50000,*,3831,20323,0.0259223847675381,CG,AL_NL
360,Fvb7,17950001,18000000,50000,*,5606,21310,-0.0586772046044153,CG,AL_NL
361,Fvb7,18000001,18050000,50000,*,6110,24296,-0.00660439260681028,CG,AL_NL
362,Fvb7,18050001,18100000,50000,*,4749,26974,0.0188776171315694,CG,AL_NL
363,Fvb7,18100001,18150000,50000,*,2100,13956,0.00546849400883262,CG,AL_NL
364,Fvb7,18150001,18200000,50000,*,297,2236,-0.055915246004573,CG,AL_NL
365,Fvb7,18200001,18250000,50000,*,1059,2382,-0.120368888156501,CG,AL_NL
366,Fvb7,18250001,18300000,50000,*,4357,14668,-0.0201977706716294,CG,AL_NL
367,Fvb7,18300001,18350000,50000,*,6086,15603,-0.0236835181024007,CG,AL_NL
368,Fvb7,18350001,18400000,50000,*,3652,20367,0.0101605563421421,CG,AL_NL
369,Fvb7,18400001,18450000,50000,*,4035,18996,-0.0195510631862074,CG,AL_NL
370,Fvb7,18450001,18500000,50000,*,3620,18955,0.019564836044828,CG,AL_NL
371,Fvb7,18500001,18550000,50000,*,4512,18314,0.0352018321546405,CG,AL_NL
372,Fvb7,18550001,18600000,50000,*,5219,16244,0.0133349275749391,CG,AL_NL
373,Fvb7,18600001,18650000,50000,*,5254,27150,0.0167063228617616,CG,AL_NL
374,Fvb7,18650001,18700000,50000,*,3971,27516,0.015904845893284,CG,AL_NL
375,Fvb7,18700001,18750000,50000,*,2286,15737,-0.100285440642855,CG,AL_NL
376,Fvb7,18750001,18800000,50000,*,2107,20435,-0.163363373908705,CG,AL_NL
377,Fvb7,18800001,18850000,50000,*,5216,23204,0.0223217355834094,CG,AL_NL
378,Fvb7,18850001,18900000,50000,*,4805,19949,0.0180546682414856,CG,AL_NL
379,Fvb7,18900001,18950000,50000,*,5242,20338,-0.00606230563232685,CG,AL_NL
380,Fvb7,18950001,19000000,50000,*,3110,15934,-0.0746135030264381,CG,AL_NL
381,Fvb7,19000001,19050000,50000,*,7025,22053,0.00881526729131915,CG,AL_NL
382,Fvb7,19050001,19100000,50000,*,3556,30182,-0.016575773932865,CG,AL_NL
383,Fvb7,19100001,19150000,50000,*,6021,17225,0.0887374160699648,CG,AL_NL
384,Fvb7,19150001,19200000,50000,*,6361,23981,0.0251082883866096,CG,AL_NL
385,Fvb7,19200001,19250000,50000,*,6824,20209,0.0191845509470892,CG,AL_NL
386,Fvb7,19250001,19300000,50000,*,5355,23166,-0.00664896029208295,CG,AL_NL
387,Fvb7,19300001,19350000,50000,*,12892,14113,0.0266943216268994,CG,AL_NL
388,Fvb7,19350001,19400000,50000,*,5309,30473,0.00428108710198377,CG,AL_NL
389,Fvb7,19400001,19450000,50000,*,4842,22823,0.0377656668596145,CG,AL_NL
390,Fvb7,19450001,19500000,50000,*,8434,20428,-0.072086005054877,CG,AL_NL
391,Fvb7,19500001,19550000,50000,*,12210,26103,0.036128796874208,CG,AL_NL
392,Fvb7,19550001,19600000,50000,*,11626,22455,0.0462518773088155,CG,AL_NL
393,Fvb7,19600001,19650000,50000,*,5690,20062,0.0159777371266044,CG,AL_NL
394,Fvb7,19650001,19700000,50000,*,5139,21608,0.00114952376626767,CG,AL_NL
395,Fvb7,19700001,19750000,50000,*,6196,20975,-0.00791946996083948,CG,AL_NL
396,Fvb7,19750001,19800000,50000,*,5184,19475,0.00845546100604794,CG,AL_NL
397,Fvb7,19800001,19850000,50000,*,5533,13264,-0.0741046678299532,CG,AL_NL
398,Fvb7,19850001,19900000,50000,*,4345,19968,0.0176669933356524,CG,AL_NL
399,Fvb7,19900001,19950000,50000,*,4951,16647,0.0131063030174735,CG,AL_NL
400,Fvb7,19950001,20000000,50000,*,5022,23668,0.0219914380879677,CG,AL_NL
401,Fvb7,20000001,20050000,50000,*,2131,19424,0.00199306290734398,CG,AL_NL
402,Fvb7,20050001,20100000,50000,*,6916,18660,0.0683103634747521,CG,AL_NL
403,Fvb7,20100001,20150000,50000,*,5700,21496,0.0126190434800036,CG,AL_NL
404,Fvb7,20150001,20200000,50000,*,2860,21978,0.00689685022338382,CG,AL_NL
405,Fvb7,20200001,20250000,50000,*,5000,22446,-0.00623020986670608,CG,AL_NL
406,Fvb7,20250001,20300000,50000,*,6542,15029,-0.00826425389958862,CG,AL_NL
407,Fvb7,20300001,20350000,50000,*,4053,17314,0.0040790748053644,CG,AL_NL
408,Fvb7,20350001,20400000,50000,*,1125,9436,-0.0730834447451658,CG,AL_NL
409,Fvb7,20400001,20450000,50000,*,2751,18180,-0.0960376057903964,CG,AL_NL
410,Fvb7,20450001,20500000,50000,*,4144,16246,0.0429991070458556,CG,AL_NL
411,Fvb7,20500001,20550000,50000,*,2848,19741,-0.00719902039980314,CG,AL_NL
412,Fvb7,20550001,20600000,50000,*,4173,18868,0.0931266314823053,CG,AL_NL
413,Fvb7,20600001,20650000,50000,*,2017,5605,0.165031623500229,CG,AL_NL
414,Fvb7,20650001,20700000,50000,*,1859,19666,-0.0657471926274465,CG,AL_NL
415,Fvb7,20700001,20750000,50000,*,2841,22574,0.0278046200050684,CG,AL_NL
416,Fvb7,20750001,20800000,50000,*,4026,20085,0.0495375395905035,CG,AL_NL
417,Fvb7,20800001,20850000,50000,*,1574,10070,0.0281139012530135,CG,AL_NL
418,Fvb7,20850001,20900000,50000,*,3636,17968,0.00769500661594338,CG,AL_NL
419,Fvb7,20900001,20950000,50000,*,7731,19617,0.0290731593723539,CG,AL_NL
420,Fvb7,20950001,21000000,50000,*,4608,19876,0.0195126904863131,CG,AL_NL
421,Fvb7,21000001,21050000,50000,*,2715,21739,0.00977515137047547,CG,AL_NL
422,Fvb7,21050001,21100000,50000,*,3696,22633,0.0110425459285289,CG,AL_NL
423,Fvb7,21100001,21150000,50000,*,7737,31422,0.120483846311175,CG,AL_NL
424,Fvb7,21150001,21200000,50000,*,5395,17281,0.00969293450531067,CG,AL_NL
425,Fvb7,21200001,21250000,50000,*,4385,22291,0.0110160248327327,CG,AL_NL
426,Fvb7,21250001,21300000,50000,*,3855,19477,0.0462876930644305,CG,AL_NL
427,Fvb7,21300001,21350000,50000,*,3970,19846,0.0285819335905038,CG,AL_NL
428,Fvb7,21350001,21400000,50000,*,6086,21096,0.00524140146325197,CG,AL_NL
429,Fvb7,21400001,21450000,50000,*,3500,19853,0.0161121824295549,CG,AL_NL
430,Fvb7,21450001,21500000,50000,*,4021,10310,-0.0527086231441104,CG,AL_NL
431,Fvb7,21500001,21550000,50000,*,5027,19341,0.015020228398543,CG,AL_NL
432,Fvb7,21550001,21600000,50000,*,4569,21993,-0.0103702616870274,CG,AL_NL
433,Fvb7,21600001,21650000,50000,*,5886,20485,-0.00878212571749731,CG,AL_NL
434,Fvb7,21650001,21700000,50000,*,3678,19545,0.0316856759420068,CG,AL_NL
435,Fvb7,21700001,21750000,50000,*,3220,16801,0.00662995346521625,CG,AL_NL
436,Fvb7,21750001,21800000,50000,*,8164,21074,0.0261819648952999,CG,AL_NL
437,Fvb7,21800001,21850000,50000,*,6054,17574,-0.0128479294814784,CG,AL_NL
438,Fvb7,21850001,21900000,50000,*,6069,16110,0.0411428907411405,CG,AL_NL
439,Fvb7,21900001,21950000,50000,*,5456,17971,0.0731841895542004,CG,AL_NL
440,Fvb7,21950001,22000000,50000,*,2909,15579,-0.0257436804879278,CG,AL_NL
441,Fvb7,22000001,22050000,50000,*,5615,27747,-0.00295434000151948,CG,AL_NL
442,Fvb7,22050001,22100000,50000,*,4861,20072,0.00611317023400634,CG,AL_NL
443,Fvb7,22100001,22150000,50000,*,4381,17378,0.0108104057219667,CG,AL_NL
444,Fvb7,22150001,22200000,50000,*,7598,26816,0.0216194320183242,CG,AL_NL
445,Fvb7,22200001,22250000,50000,*,11507,22832,0.0067351325999358,CG,AL_NL
446,Fvb7,22250001,22300000,50000,*,2907,17205,0.043373351432166,CG,AL_NL
447,Fvb7,22300001,22350000,50000,*,5867,20669,0.00880413635888183,CG,AL_NL
448,Fvb7,22350001,22400000,50000,*,5553,18226,-0.000932836012228599,CG,AL_NL
449,Fvb7,22400001,22450000,50000,*,4699,26321,0.0235096398444893,CG,AL_NL
450,Fvb7,22450001,22500000,50000,*,3616,18534,-0.00775563813686933,CG,AL_NL
451,Fvb7,22500001,22550000,50000,*,4793,16622,-0.00385690136630945,CG,AL_NL
452,Fvb7,22550001,22600000,50000,*,4238,12729,0.0649997387931786,CG,AL_NL
453,Fvb7,22600001,22650000,50000,*,2004,7561,-0.380909450916744,CG,AL_NL
454,Fvb7,22650001,22700000,50000,*,3675,15820,0.0238458717447941,CG,AL_NL
455,Fvb7,22700001,22750000,50000,*,4191,22623,0.0040225821813332,CG,AL_NL
456,Fvb7,22750001,22800000,50000,*,8340,16428,0.0413771718726041,CG,AL_NL
457,Fvb7,22800001,22850000,50000,*,6638,19523,0.0165685020362898,CG,AL_NL
458,Fvb7,22850001,22900000,50000,*,3830,14955,0.0320083056186102,CG,AL_NL
459,Fvb7,22900001,22950000,50000,*,7178,22808,0.030845432565042,CG,AL_NL
460,Fvb7,22950001,23000000,50000,*,1399,20866,0.00399368333692722,CG,AL_NL
461,Fvb7,23000001,23050000,50000,*,1706,8239,0.0608808982725502,CG,AL_NL
462,Fvb7,23050001,23100000,50000,*,5303,18667,0.0280549016734876,CG,AL_NL
463,Fvb7,23100001,23150000,50000,*,5055,22269,0.00783053745332862,CG,AL_NL
464,Fvb7,23150001,23200000,50000,*,2513,10070,-0.0229709434235455,CG,AL_NL
465,Fvb7,23200001,23250000,50000,*,3674,16129,0.0297223872878393,CG,AL_NL
466,Fvb7,23250001,23300000,50000,*,7280,19566,-0.0148673077130117,CG,AL_NL
467,Fvb7,23300001,23350000,50000,*,4907,16433,0.0172397245472575,CG,AL_NL
468,Fvb7,23350001,23400000,50000,*,3393,20503,0.0420082898134356,CG,AL_NL
469,Fvb7,23400001,23450000,50000,*,5159,19897,0.0462667604429186,CG,AL_NL
470,Fvb7,23450001,23500000,50000,*,948,11230,-0.13415933809405,CG,AL_NL
471,Fvb7,23500001,23550000,50000,*,4849,15486,-0.0315115579094666,CG,AL_NL
472,Fvb7,23550001,23600000,50000,*,5315,26887,0.00915385084348813,CG,AL_NL
473,Fvb7,23600001,23650000,50000,*,3532,20750,0.0187314085061733,CG,AL_NL
474,Fvb7,23650001,23700000,50000,*,4730,18922,0.0688750656140959,CG,AL_NL
475,Fvb7,23700001,23750000,50000,*,5466,14773,0.0264804677480837,CG,AL_NL
476,Fvb7,23750001,23800000,50000,*,6696,17442,0.0483392503066398,CG,AL_NL
477,Fvb7,23800001,23850000,50000,*,6092,17887,0.00928468807868665,CG,AL_NL
478,Fvb7,23850001,23900000,50000,*,5084,17542,0.0244522905243558,CG,AL_NL
479,Fvb7,23900001,23950000,50000,*,4415,13788,-0.0168090534986935,CG,AL_NL
480,Fvb7,23950001,24000000,50000,*,9641,23759,0.0289685226648894,CG,AL_NL
481,Fvb7,24000001,24050000,50000,*,6851,26695,0.0509434252734229,CG,AL_NL
482,Fvb7,24050001,24100000,50000,*,6854,31711,0.0120655857619903,CG,AL_NL
483,Fvb7,24100001,24150000,50000,*,5326,16557,-0.228240935079882,CG,AL_NL
484,Fvb7,24150001,24200000,50000,*,8700,18286,0.0262267994767986,CG,AL_NL
