,seqnames,start,end,width,strand,sumReadsM,sumReadsN,Propdiff.CG.Fvb4,context,group
1,Fvb4,1,50000,50000,*,9181,13307,0.00536890362905262,CG,AK_FK
2,Fvb4,50001,100000,50000,*,8091,13463,-0.00587451029793984,CG,AK_FK
3,Fvb4,100001,150000,50000,*,8238,19381,-0.0484951872195374,CG,AK_FK
4,Fvb4,150001,200000,50000,*,8803,13461,0.00452588929355846,CG,AK_FK
5,Fvb4,200001,250000,50000,*,7835,10065,-0.0161736820423345,CG,AK_FK
6,Fvb4,250001,300000,50000,*,6563,13660,-0.00270746715079778,CG,AK_FK
7,Fvb4,300001,350000,50000,*,5717,17142,-0.00478015360786899,CG,AK_FK
8,Fvb4,350001,400000,50000,*,5257,13705,0.0150667839310628,CG,AK_FK
9,Fvb4,400001,450000,50000,*,5490,12712,-0.0313848039908445,CG,AK_FK
10,Fvb4,450001,500000,50000,*,5909,13084,-0.0110333404856766,CG,AK_FK
11,Fvb4,500001,550000,50000,*,7395,12038,0.0127591813720048,CG,AK_FK
12,Fvb4,550001,600000,50000,*,5633,11778,-0.011032563554621,CG,AK_FK
13,Fvb4,600001,650000,50000,*,5162,13532,-0.0183831917238731,CG,AK_FK
14,Fvb4,650001,700000,50000,*,7423,14216,0.0362943285019669,CG,AK_FK
15,Fvb4,700001,750000,50000,*,6590,13950,0.00703361839674133,CG,AK_FK
16,Fvb4,750001,800000,50000,*,2453,13089,-0.13825971536685,CG,AK_FK
17,Fvb4,800001,850000,50000,*,173,267,-0.0839462959841532,CG,AK_FK
18,Fvb4,850001,900000,50000,*,265,282,0.0155299936002963,CG,AK_FK
19,Fvb4,900001,950000,50000,*,182,270,-0.27673062858544,CG,AK_FK
20,Fvb4,950001,1000000,50000,*,4093,13424,-0.0120924187014095,CG,AK_FK
21,Fvb4,1000001,1050000,50000,*,5703,14973,-0.0146354569906931,CG,AK_FK
22,Fvb4,1050001,1100000,50000,*,6636,15779,-0.020644573112031,CG,AK_FK
23,Fvb4,1100001,1150000,50000,*,3831,13383,-0.0822863292106538,CG,AK_FK
24,Fvb4,1150001,1200000,50000,*,4154,9783,-0.132988553325783,CG,AK_FK
25,Fvb4,1200001,1250000,50000,*,8323,13718,-0.114445694954126,CG,AK_FK
26,Fvb4,1250001,1300000,50000,*,6119,14319,-0.124832533145017,CG,AK_FK
27,Fvb4,1300001,1350000,50000,*,3496,11244,-0.0586061446324328,CG,AK_FK
28,Fvb4,1350001,1400000,50000,*,3486,19852,-0.0385792280560877,CG,AK_FK
29,Fvb4,1400001,1450000,50000,*,7466,13947,0.0364742494300634,CG,AK_FK
30,Fvb4,1450001,1500000,50000,*,4972,14410,-0.023628253359069,CG,AK_FK
31,Fvb4,1500001,1550000,50000,*,3749,13158,-0.0453914704988274,CG,AK_FK
32,Fvb4,1550001,1600000,50000,*,4856,14329,-0.0181976493457734,CG,AK_FK
33,Fvb4,1600001,1650000,50000,*,6663,15827,-0.00115247011730896,CG,AK_FK
34,Fvb4,1650001,1700000,50000,*,9014,11684,0.0325089359848905,CG,AK_FK
35,Fvb4,1700001,1750000,50000,*,9352,12840,0.00517603263829003,CG,AK_FK
36,Fvb4,1750001,1800000,50000,*,5504,19493,0.0134287013054935,CG,AK_FK
37,Fvb4,1800001,1850000,50000,*,7646,10585,-0.0286221472364572,CG,AK_FK
38,Fvb4,1850001,1900000,50000,*,9285,10705,0.00766350881974465,CG,AK_FK
39,Fvb4,1900001,1950000,50000,*,8428,10701,-0.00969149460305674,CG,AK_FK
40,Fvb4,1950001,2000000,50000,*,6506,11535,-0.0138547858867194,CG,AK_FK
41,Fvb4,2000001,2050000,50000,*,8647,11456,0.0257493907235685,CG,AK_FK
42,Fvb4,2050001,2100000,50000,*,7979,11805,0.00673017867033721,CG,AK_FK
43,Fvb4,2100001,2150000,50000,*,7668,14758,0.00523988756701721,CG,AK_FK
44,Fvb4,2150001,2200000,50000,*,7627,14860,0.0669900560187346,CG,AK_FK
45,Fvb4,2200001,2250000,50000,*,7208,15766,0.0346817414724584,CG,AK_FK
46,Fvb4,2250001,2300000,50000,*,2707,16927,0.0179677156955176,CG,AK_FK
47,Fvb4,2300001,2350000,50000,*,4678,10463,0.0196531601376528,CG,AK_FK
48,Fvb4,2350001,2400000,50000,*,7062,15800,-0.00897594745207686,CG,AK_FK
49,Fvb4,2400001,2450000,50000,*,6152,10300,0.0717152722167527,CG,AK_FK
50,Fvb4,2450001,2500000,50000,*,6168,14769,-0.00630773944284768,CG,AK_FK
51,Fvb4,2500001,2550000,50000,*,4455,15482,-0.0105073493481912,CG,AK_FK
52,Fvb4,2550001,2600000,50000,*,4117,13428,-0.094181599745094,CG,AK_FK
53,Fvb4,2600001,2650000,50000,*,5414,14684,-0.0744131459228098,CG,AK_FK
54,Fvb4,2650001,2700000,50000,*,6323,14948,-0.0377335513556952,CG,AK_FK
55,Fvb4,2700001,2750000,50000,*,7977,12380,-0.0586375821179969,CG,AK_FK
56,Fvb4,2750001,2800000,50000,*,3962,13327,-0.132322722643538,CG,AK_FK
57,Fvb4,2800001,2850000,50000,*,6071,17396,-0.0607978149390341,CG,AK_FK
58,Fvb4,2850001,2900000,50000,*,3483,8639,-0.0027582557505002,CG,AK_FK
59,Fvb4,2900001,2950000,50000,*,10074,15481,0.0637412868541191,CG,AK_FK
60,Fvb4,2950001,3000000,50000,*,8227,10267,-0.0410164920680703,CG,AK_FK
61,Fvb4,3000001,3050000,50000,*,6195,7223,0.0546559310219052,CG,AK_FK
62,Fvb4,3050001,3100000,50000,*,2686,13409,-0.0864835923332622,CG,AK_FK
63,Fvb4,3100001,3150000,50000,*,7283,12513,-0.00155642968208447,CG,AK_FK
64,Fvb4,3150001,3200000,50000,*,5535,13887,0.00768044555239955,CG,AK_FK
65,Fvb4,3200001,3250000,50000,*,2417,20646,-0.0386863083617344,CG,AK_FK
66,Fvb4,3250001,3300000,50000,*,3460,14497,-0.0121683787262874,CG,AK_FK
67,Fvb4,3300001,3350000,50000,*,6631,10723,0.0178919655844704,CG,AK_FK
68,Fvb4,3350001,3400000,50000,*,6672,14157,-0.0298349346448062,CG,AK_FK
69,Fvb4,3400001,3450000,50000,*,3828,12851,-0.0202759685846771,CG,AK_FK
70,Fvb4,3450001,3500000,50000,*,5928,11412,-0.058275332625202,CG,AK_FK
71,Fvb4,3500001,3550000,50000,*,4760,13829,0.00460060494365216,CG,AK_FK
72,Fvb4,3550001,3600000,50000,*,5640,14887,0.0353624663572786,CG,AK_FK
73,Fvb4,3600001,3650000,50000,*,5071,14250,-0.0150604228381285,CG,AK_FK
74,Fvb4,3650001,3700000,50000,*,7190,16724,-0.0238599537701649,CG,AK_FK
75,Fvb4,3700001,3750000,50000,*,5272,11852,0.0384219987334125,CG,AK_FK
76,Fvb4,3750001,3800000,50000,*,4947,12184,-0.0217588152487199,CG,AK_FK
77,Fvb4,3800001,3850000,50000,*,5578,14769,-0.0725801561666012,CG,AK_FK
78,Fvb4,3850001,3900000,50000,*,10027,16230,0.0244674025701791,CG,AK_FK
79,Fvb4,3900001,3950000,50000,*,8331,14433,-0.0464434728793596,CG,AK_FK
80,Fvb4,3950001,4000000,50000,*,9793,11437,-0.0202353221916109,CG,AK_FK
81,Fvb4,4000001,4050000,50000,*,6915,11404,-0.0419803063256317,CG,AK_FK
82,Fvb4,4050001,4100000,50000,*,7121,16936,0.00957362675966522,CG,AK_FK
83,Fvb4,4100001,4150000,50000,*,10076,15115,-0.0239906334685075,CG,AK_FK
84,Fvb4,4150001,4200000,50000,*,8578,13599,-0.0443379107493146,CG,AK_FK
85,Fvb4,4200001,4250000,50000,*,4760,14596,-0.0611761087161138,CG,AK_FK
86,Fvb4,4250001,4300000,50000,*,5746,13299,-0.0504372771661629,CG,AK_FK
87,Fvb4,4300001,4350000,50000,*,7548,14777,-0.0755891287295725,CG,AK_FK
88,Fvb4,4350001,4400000,50000,*,6907,13384,-0.0454399785077423,CG,AK_FK
89,Fvb4,4400001,4450000,50000,*,6250,17199,0.000126020164804952,CG,AK_FK
90,Fvb4,4450001,4500000,50000,*,6920,16940,0.0490591816970356,CG,AK_FK
91,Fvb4,4500001,4550000,50000,*,6390,12118,-0.0241381432767754,CG,AK_FK
92,Fvb4,4550001,4600000,50000,*,7954,12996,0.0312347365206886,CG,AK_FK
93,Fvb4,4600001,4650000,50000,*,5295,7853,0.0499190625118756,CG,AK_FK
94,Fvb4,4650001,4700000,50000,*,4374,9923,-0.00642691073701801,CG,AK_FK
95,Fvb4,4700001,4750000,50000,*,8341,11395,0.0396800216019172,CG,AK_FK
96,Fvb4,4750001,4800000,50000,*,6727,9879,0.0446849755025268,CG,AK_FK
97,Fvb4,4800001,4850000,50000,*,6154,11903,0.0349713982093428,CG,AK_FK
98,Fvb4,4850001,4900000,50000,*,5004,10896,-0.0139742009733882,CG,AK_FK
99,Fvb4,4900001,4950000,50000,*,10784,11740,0.122945734759357,CG,AK_FK
100,Fvb4,4950001,5000000,50000,*,4691,9119,-0.0280530132533818,CG,AK_FK
101,Fvb4,5000001,5050000,50000,*,13496,16598,-0.00403700928660444,CG,AK_FK
102,Fvb4,5050001,5100000,50000,*,8695,14230,-0.0162179126460364,CG,AK_FK
103,Fvb4,5100001,5150000,50000,*,5033,15365,0.0569095628330338,CG,AK_FK
104,Fvb4,5150001,5200000,50000,*,7921,12364,0.068786451968995,CG,AK_FK
105,Fvb4,5200001,5250000,50000,*,7381,11372,0.206193156122808,CG,AK_FK
106,Fvb4,5250001,5300000,50000,*,3947,14314,0.0753681262317068,CG,AK_FK
107,Fvb4,5300001,5350000,50000,*,3552,10793,0.0486296187857594,CG,AK_FK
108,Fvb4,5350001,5400000,50000,*,6285,13543,0.0357097603837856,CG,AK_FK
109,Fvb4,5400001,5450000,50000,*,5310,11549,-0.0379663394690836,CG,AK_FK
110,Fvb4,5450001,5500000,50000,*,4923,14550,0.0262560794567382,CG,AK_FK
111,Fvb4,5500001,5550000,50000,*,7163,11934,-0.00778349411812818,CG,AK_FK
112,Fvb4,5550001,5600000,50000,*,6188,14589,-0.0382836454288134,CG,AK_FK
113,Fvb4,5600001,5650000,50000,*,6774,13390,-0.0368423946880482,CG,AK_FK
114,Fvb4,5650001,5700000,50000,*,6105,13137,0.027244738735047,CG,AK_FK
115,Fvb4,5700001,5750000,50000,*,4852,10324,-0.0740923679253505,CG,AK_FK
116,Fvb4,5750001,5800000,50000,*,4252,10081,0.00186975253285049,CG,AK_FK
117,Fvb4,5800001,5850000,50000,*,7934,13603,0.0192239737583595,CG,AK_FK
118,Fvb4,5850001,5900000,50000,*,10352,15558,-0.026157562057562,CG,AK_FK
119,Fvb4,5900001,5950000,50000,*,7236,11381,-0.00392301023454233,CG,AK_FK
120,Fvb4,5950001,6000000,50000,*,8310,16157,-0.0512959951431164,CG,AK_FK
121,Fvb4,6000001,6050000,50000,*,6281,13806,-0.0302596381841511,CG,AK_FK
122,Fvb4,6050001,6100000,50000,*,7746,12413,-0.0666992378036709,CG,AK_FK
123,Fvb4,6100001,6150000,50000,*,7404,15928,-0.0587878081640335,CG,AK_FK
124,Fvb4,6150001,6200000,50000,*,7132,14378,-0.044077682096722,CG,AK_FK
125,Fvb4,6200001,6250000,50000,*,7082,12062,-0.0275745426943397,CG,AK_FK
126,Fvb4,6250001,6300000,50000,*,4936,13819,0.0454974924881149,CG,AK_FK
127,Fvb4,6300001,6350000,50000,*,6933,14969,-0.031903598744396,CG,AK_FK
128,Fvb4,6350001,6400000,50000,*,6459,10025,-0.182066724960032,CG,AK_FK
129,Fvb4,6400001,6450000,50000,*,7329,10832,-0.0433256212381555,CG,AK_FK
130,Fvb4,6450001,6500000,50000,*,4491,11399,-0.0822473020082223,CG,AK_FK
131,Fvb4,6500001,6550000,50000,*,7925,13259,-0.0902694534140891,CG,AK_FK
132,Fvb4,6550001,6600000,50000,*,8476,12818,-0.032742657814665,CG,AK_FK
133,Fvb4,6600001,6650000,50000,*,10151,15874,-0.062672789402029,CG,AK_FK
134,Fvb4,6650001,6700000,50000,*,7004,12773,0.000730336092781947,CG,AK_FK
135,Fvb4,6700001,6750000,50000,*,7067,12836,0.0012007761534486,CG,AK_FK
136,Fvb4,6750001,6800000,50000,*,6526,12729,-0.0322470126796019,CG,AK_FK
137,Fvb4,6800001,6850000,50000,*,7657,13421,-0.0247463631606472,CG,AK_FK
138,Fvb4,6850001,6900000,50000,*,6739,13142,0.00143262457551829,CG,AK_FK
139,Fvb4,6900001,6950000,50000,*,5978,12429,-0.0240221809464863,CG,AK_FK
140,Fvb4,6950001,7000000,50000,*,9262,15178,-0.0362537217252697,CG,AK_FK
141,Fvb4,7000001,7050000,50000,*,7884,13104,0.00649664934000604,CG,AK_FK
142,Fvb4,7050001,7100000,50000,*,7072,9702,-0.0351082930754224,CG,AK_FK
143,Fvb4,7100001,7150000,50000,*,10055,12859,-0.00277445691133393,CG,AK_FK
144,Fvb4,7150001,7200000,50000,*,9359,10421,0.00025784020978592,CG,AK_FK
145,Fvb4,7200001,7250000,50000,*,8474,13965,-0.00679158496138665,CG,AK_FK
146,Fvb4,7250001,7300000,50000,*,9221,13760,0.0592768229562146,CG,AK_FK
147,Fvb4,7300001,7350000,50000,*,7206,13494,0.0105809165634332,CG,AK_FK
148,Fvb4,7350001,7400000,50000,*,8138,14234,0.0223725759201161,CG,AK_FK
149,Fvb4,7400001,7450000,50000,*,8640,11540,-0.0151422795968936,CG,AK_FK
150,Fvb4,7450001,7500000,50000,*,9755,15240,0.00607536098844708,CG,AK_FK
151,Fvb4,7500001,7550000,50000,*,5925,10903,-0.0329153308472607,CG,AK_FK
152,Fvb4,7550001,7600000,50000,*,9606,15909,-0.00341234922806255,CG,AK_FK
153,Fvb4,7600001,7650000,50000,*,9998,14300,-0.0151248751248751,CG,AK_FK
154,Fvb4,7650001,7700000,50000,*,6717,10039,0.0139494269833808,CG,AK_FK
155,Fvb4,7700001,7750000,50000,*,9701,13528,-0.026745179610226,CG,AK_FK
156,Fvb4,7750001,7800000,50000,*,11391,16356,-0.0359996099655299,CG,AK_FK
157,Fvb4,7800001,7850000,50000,*,12818,14026,0.00678481425736344,CG,AK_FK
158,Fvb4,7850001,7900000,50000,*,10560,15650,-0.014828919383237,CG,AK_FK
159,Fvb4,7900001,7950000,50000,*,12114,15483,0.0264374670597698,CG,AK_FK
160,Fvb4,7950001,8000000,50000,*,9610,15214,-0.0093791073484808,CG,AK_FK
161,Fvb4,8000001,8050000,50000,*,11915,16159,0.0120533169306317,CG,AK_FK
162,Fvb4,8050001,8100000,50000,*,9046,13267,-0.0385373010177967,CG,AK_FK
163,Fvb4,8100001,8150000,50000,*,8125,13260,-0.00390393194314753,CG,AK_FK
164,Fvb4,8150001,8200000,50000,*,10222,15250,-0.00217433187416494,CG,AK_FK
165,Fvb4,8200001,8250000,50000,*,9571,15038,-0.0482020405522208,CG,AK_FK
166,Fvb4,8250001,8300000,50000,*,11673,13950,-0.0118150666258425,CG,AK_FK
167,Fvb4,8300001,8350000,50000,*,12256,13599,0.0199976805687754,CG,AK_FK
168,Fvb4,8350001,8400000,50000,*,9959,12739,0.0204105232650431,CG,AK_FK
169,Fvb4,8400001,8450000,50000,*,10920,13601,-0.0165844194905114,CG,AK_FK
170,Fvb4,8450001,8500000,50000,*,9085,14369,-0.0658905580657679,CG,AK_FK
171,Fvb4,8500001,8550000,50000,*,9842,14964,0.0937531477882818,CG,AK_FK
172,Fvb4,8550001,8600000,50000,*,13157,15142,-0.0109429173897219,CG,AK_FK
173,Fvb4,8600001,8650000,50000,*,11631,13290,0.00809981382089975,CG,AK_FK
174,Fvb4,8650001,8700000,50000,*,11586,13885,0.0164518021401949,CG,AK_FK
175,Fvb4,8700001,8750000,50000,*,11814,12663,-0.00654201570721846,CG,AK_FK
176,Fvb4,8750001,8800000,50000,*,12929,16947,-0.013432821775498,CG,AK_FK
177,Fvb4,8800001,8850000,50000,*,22883,23882,-0.00680777847360325,CG,AK_FK
178,Fvb4,8850001,8900000,50000,*,11971,13037,-0.00559695243718372,CG,AK_FK
179,Fvb4,8900001,8950000,50000,*,14328,15705,0.000387501091699938,CG,AK_FK
180,Fvb4,8950001,9000000,50000,*,8777,10880,0.00535864736519609,CG,AK_FK
181,Fvb4,9000001,9050000,50000,*,10852,13194,-0.0184956204071389,CG,AK_FK
182,Fvb4,9050001,9100000,50000,*,12077,13563,0.00367332237162599,CG,AK_FK
183,Fvb4,9100001,9150000,50000,*,11001,12231,-0.0252631664475411,CG,AK_FK
184,Fvb4,9150001,9200000,50000,*,12493,13043,0.00123960462316797,CG,AK_FK
185,Fvb4,9200001,9250000,50000,*,10307,12123,0.0239061085688858,CG,AK_FK
186,Fvb4,9250001,9300000,50000,*,10275,12685,0.00349451338118445,CG,AK_FK
187,Fvb4,9300001,9350000,50000,*,9407,11053,-0.0241684794326142,CG,AK_FK
188,Fvb4,9350001,9400000,50000,*,10664,11799,-0.0137766400698686,CG,AK_FK
189,Fvb4,9400001,9450000,50000,*,12455,14667,0.0159239333631754,CG,AK_FK
190,Fvb4,9450001,9500000,50000,*,11914,14985,0.0115670469082684,CG,AK_FK
191,Fvb4,9500001,9550000,50000,*,11604,13329,-0.0202621309672123,CG,AK_FK
192,Fvb4,9550001,9600000,50000,*,9401,12828,-0.0397093136687328,CG,AK_FK
193,Fvb4,9600001,9650000,50000,*,11043,13247,0.00570622659891495,CG,AK_FK
194,Fvb4,9650001,9700000,50000,*,10909,12265,0.011347820514734,CG,AK_FK
195,Fvb4,9700001,9750000,50000,*,13651,14447,-0.0053283030847493,CG,AK_FK
196,Fvb4,9750001,9800000,50000,*,14033,17201,-0.0267813780041116,CG,AK_FK
197,Fvb4,9800001,9850000,50000,*,8586,10055,-0.00314048913626608,CG,AK_FK
198,Fvb4,9850001,9900000,50000,*,12911,14057,-0.00606095313601596,CG,AK_FK
199,Fvb4,9900001,9950000,50000,*,8413,10496,-0.00652491409257516,CG,AK_FK
200,Fvb4,9950001,10000000,50000,*,12313,15854,0.0359251672372614,CG,AK_FK
201,Fvb4,10000001,10050000,50000,*,13748,14440,0.00716541005747007,CG,AK_FK
202,Fvb4,10050001,10100000,50000,*,11992,15750,-0.0310756702603836,CG,AK_FK
203,Fvb4,10100001,10150000,50000,*,12015,14134,0.0206111196782076,CG,AK_FK
204,Fvb4,10150001,10200000,50000,*,11105,15867,0.0107897739378945,CG,AK_FK
205,Fvb4,10200001,10250000,50000,*,9256,11713,-0.0232168527670575,CG,AK_FK
206,Fvb4,10250001,10300000,50000,*,11902,13658,0.0108853173646053,CG,AK_FK
207,Fvb4,10300001,10350000,50000,*,11372,11914,-0.00526237137102525,CG,AK_FK
208,Fvb4,10350001,10400000,50000,*,14283,15589,0.0108993611399241,CG,AK_FK
209,Fvb4,10400001,10450000,50000,*,8686,9917,-9.12384051339199e-05,CG,AK_FK
210,Fvb4,10450001,10500000,50000,*,6488,7482,-0.0278903465008131,CG,AK_FK
211,Fvb4,10500001,10550000,50000,*,14135,15618,-0.00558850836367664,CG,AK_FK
212,Fvb4,10550001,10600000,50000,*,11846,16140,-0.0140584516165372,CG,AK_FK
213,Fvb4,10600001,10650000,50000,*,11843,12408,-0.00986288207420205,CG,AK_FK
214,Fvb4,10650001,10700000,50000,*,12323,13685,-0.0278316605281754,CG,AK_FK
215,Fvb4,10700001,10750000,50000,*,14514,16747,0.00143494962032831,CG,AK_FK
216,Fvb4,10750001,10800000,50000,*,14422,15199,0.00577619742491753,CG,AK_FK
217,Fvb4,10800001,10850000,50000,*,8339,14913,0.00775687877874776,CG,AK_FK
218,Fvb4,10850001,10900000,50000,*,14133,17603,-0.0122955438928355,CG,AK_FK
219,Fvb4,10900001,10950000,50000,*,14249,14999,-0.000263298893525388,CG,AK_FK
220,Fvb4,10950001,11000000,50000,*,13101,14590,0.020775004750869,CG,AK_FK
221,Fvb4,11000001,11050000,50000,*,9342,15120,-0.01261241043887,CG,AK_FK
222,Fvb4,11050001,11100000,50000,*,11664,14813,0.0848239900839411,CG,AK_FK
223,Fvb4,11100001,11150000,50000,*,11279,13924,-0.00455714895454884,CG,AK_FK
224,Fvb4,11150001,11200000,50000,*,14894,30041,0.0932060624158054,CG,AK_FK
225,Fvb4,11200001,11250000,50000,*,12990,18689,0.0256651086202887,CG,AK_FK
226,Fvb4,11250001,11300000,50000,*,15026,16731,-0.0254762801293039,CG,AK_FK
227,Fvb4,11300001,11350000,50000,*,13195,15057,-0.0177554664080175,CG,AK_FK
228,Fvb4,11350001,11400000,50000,*,9663,11301,-0.0131722094556165,CG,AK_FK
229,Fvb4,11400001,11450000,50000,*,9255,11269,-0.032191419227696,CG,AK_FK
230,Fvb4,11450001,11500000,50000,*,10204,11976,0.0186676449438038,CG,AK_FK
231,Fvb4,11500001,11550000,50000,*,14306,16495,0.0277673377440597,CG,AK_FK
232,Fvb4,11550001,11600000,50000,*,13285,14794,0.011227410690263,CG,AK_FK
233,Fvb4,11600001,11650000,50000,*,13257,15933,-0.0140893257809396,CG,AK_FK
234,Fvb4,11650001,11700000,50000,*,6193,8006,-0.067992582771283,CG,AK_FK
235,Fvb4,11700001,11750000,50000,*,2433,2681,0.0367882338292773,CG,AK_FK
236,Fvb4,11750001,11800000,50000,*,11058,13445,-0.00445776377197726,CG,AK_FK
237,Fvb4,11800001,11850000,50000,*,13477,14176,-0.00838091622936021,CG,AK_FK
238,Fvb4,11850001,11900000,50000,*,11130,15356,-0.0490295873229366,CG,AK_FK
239,Fvb4,11900001,11950000,50000,*,13049,18819,-0.0170982570086633,CG,AK_FK
240,Fvb4,11950001,12000000,50000,*,11869,13417,-0.0135582959145675,CG,AK_FK
241,Fvb4,12000001,12050000,50000,*,15008,16178,0.0439451490684546,CG,AK_FK
242,Fvb4,12050001,12100000,50000,*,11652,16518,-0.0665650013593256,CG,AK_FK
243,Fvb4,12100001,12150000,50000,*,6435,7686,-0.0629260906621079,CG,AK_FK
244,Fvb4,12150001,12200000,50000,*,13455,14545,-0.0105312681733133,CG,AK_FK
245,Fvb4,12200001,12250000,50000,*,10000,11752,-0.0221741055337703,CG,AK_FK
246,Fvb4,12250001,12300000,50000,*,12192,16051,0.000484579912057526,CG,AK_FK
247,Fvb4,12300001,12350000,50000,*,13447,19129,-0.012889800454799,CG,AK_FK
248,Fvb4,12350001,12400000,50000,*,13934,14605,-0.00607058666742077,CG,AK_FK
249,Fvb4,12400001,12450000,50000,*,11889,12459,0.000271564421349124,CG,AK_FK
250,Fvb4,12450001,12500000,50000,*,7904,9503,-0.0337970366659602,CG,AK_FK
251,Fvb4,12500001,12550000,50000,*,15963,17054,-0.013189201557445,CG,AK_FK
252,Fvb4,12550001,12600000,50000,*,13572,14687,-0.00853455149737037,CG,AK_FK
253,Fvb4,12600001,12650000,50000,*,12854,17841,-0.041440892511093,CG,AK_FK
254,Fvb4,12650001,12700000,50000,*,15211,15809,-0.00520091622499297,CG,AK_FK
255,Fvb4,12700001,12750000,50000,*,13545,16308,-0.00650500595751413,CG,AK_FK
256,Fvb4,12750001,12800000,50000,*,6769,9983,-0.104367788500379,CG,AK_FK
257,Fvb4,12800001,12850000,50000,*,11928,12756,0.00276511811065983,CG,AK_FK
258,Fvb4,12850001,12900000,50000,*,14001,15575,-0.0147951051263745,CG,AK_FK
259,Fvb4,12900001,12950000,50000,*,12091,13553,-0.00523613974243786,CG,AK_FK
260,Fvb4,12950001,13000000,50000,*,11391,14037,-0.0373442748721483,CG,AK_FK
261,Fvb4,13000001,13050000,50000,*,10080,11861,-0.00915135269924783,CG,AK_FK
262,Fvb4,13050001,13100000,50000,*,11100,11887,0.0327960684863184,CG,AK_FK
263,Fvb4,13100001,13150000,50000,*,15914,17803,-0.0180204088578675,CG,AK_FK
264,Fvb4,13150001,13200000,50000,*,9856,12905,0.0124964867932216,CG,AK_FK
265,Fvb4,13200001,13250000,50000,*,9497,11665,0.0110444147835206,CG,AK_FK
266,Fvb4,13250001,13300000,50000,*,13736,15965,-0.0183487083239774,CG,AK_FK
267,Fvb4,13300001,13350000,50000,*,13535,15892,-0.0158829500099602,CG,AK_FK
268,Fvb4,13350001,13400000,50000,*,9814,10486,0.0161894356851778,CG,AK_FK
269,Fvb4,13400001,13450000,50000,*,15352,16345,-0.00952046305226195,CG,AK_FK
270,Fvb4,13450001,13500000,50000,*,14355,14944,-0.00539064206592477,CG,AK_FK
271,Fvb4,13500001,13550000,50000,*,11841,14378,-0.0168637874727345,CG,AK_FK
272,Fvb4,13550001,13600000,50000,*,11950,12894,-0.00662926645316353,CG,AK_FK
273,Fvb4,13600001,13650000,50000,*,3599,4252,-0.0749894856479475,CG,AK_FK
274,Fvb4,13650001,13700000,50000,*,11607,12660,0.0472043111530462,CG,AK_FK
275,Fvb4,13700001,13750000,50000,*,11644,13387,-0.0108876364905931,CG,AK_FK
276,Fvb4,13750001,13800000,50000,*,10636,12408,-0.0194446123468729,CG,AK_FK
277,Fvb4,13800001,13850000,50000,*,11119,14603,0.0342719887748542,CG,AK_FK
278,Fvb4,13850001,13900000,50000,*,14116,15575,-0.0336809344077411,CG,AK_FK
279,Fvb4,13900001,13950000,50000,*,9219,9748,0.0950640214178565,CG,AK_FK
280,Fvb4,13950001,14000000,50000,*,11640,15177,-0.00797457056025919,CG,AK_FK
281,Fvb4,14000001,14050000,50000,*,8126,9165,0.0320565921586841,CG,AK_FK
282,Fvb4,14050001,14100000,50000,*,12889,14702,0.0302745482856852,CG,AK_FK
283,Fvb4,14100001,14150000,50000,*,3292,4075,-0.0100311343948899,CG,AK_FK
284,Fvb4,14150001,14200000,50000,*,7703,10416,-0.0283379357652935,CG,AK_FK
285,Fvb4,14200001,14250000,50000,*,6264,11579,-0.048500599092724,CG,AK_FK
286,Fvb4,14250001,14300000,50000,*,9850,13319,-0.0252945613058102,CG,AK_FK
287,Fvb4,14300001,14350000,50000,*,7003,13100,0.00365386532751311,CG,AK_FK
288,Fvb4,14350001,14400000,50000,*,6376,11986,-0.0253134051143493,CG,AK_FK
289,Fvb4,14400001,14450000,50000,*,6909,11382,-0.00135698236691617,CG,AK_FK
290,Fvb4,14450001,14500000,50000,*,7526,13710,0.00294509153061029,CG,AK_FK
291,Fvb4,14500001,14550000,50000,*,6665,12450,0.014551086880381,CG,AK_FK
292,Fvb4,14550001,14600000,50000,*,5689,13337,0.0288477176494414,CG,AK_FK
293,Fvb4,14600001,14650000,50000,*,8276,11087,0.0410429910662573,CG,AK_FK
294,Fvb4,14650001,14700000,50000,*,6987,8005,-0.0410789244193809,CG,AK_FK
295,Fvb4,14700001,14750000,50000,*,1892,2082,-0.0493278528570581,CG,AK_FK
296,Fvb4,14750001,14800000,50000,*,3524,3953,-0.0602693952880616,CG,AK_FK
297,Fvb4,14800001,14850000,50000,*,288,317,0.106702974721581,CG,AK_FK
298,Fvb4,14850001,14900000,50000,*,4909,5387,-0.0395809991122587,CG,AK_FK
299,Fvb4,14900001,14950000,50000,*,5858,9438,-0.0675952194662987,CG,AK_FK
300,Fvb4,14950001,15000000,50000,*,4002,6787,0.0604838753555923,CG,AK_FK
301,Fvb4,15000001,15050000,50000,*,2166,5302,0.0404781682217755,CG,AK_FK
302,Fvb4,15050001,15100000,50000,*,5783,11694,0.00527689600520548,CG,AK_FK
303,Fvb4,15100001,15150000,50000,*,6521,10532,0.0221045354919567,CG,AK_FK
304,Fvb4,15150001,15200000,50000,*,6135,8074,-0.00830041183587049,CG,AK_FK
305,Fvb4,15200001,15250000,50000,*,5578,10783,-0.0594388705772727,CG,AK_FK
306,Fvb4,15250001,15300000,50000,*,4816,9447,0.0332643701304199,CG,AK_FK
307,Fvb4,15300001,15350000,50000,*,5889,9779,-0.0311818908726224,CG,AK_FK
308,Fvb4,15350001,15400000,50000,*,5271,16573,0.0309630723194279,CG,AK_FK
309,Fvb4,15400001,15450000,50000,*,8859,10665,0.0363256094658904,CG,AK_FK
310,Fvb4,15450001,15500000,50000,*,3687,9894,-0.00108362828324671,CG,AK_FK
311,Fvb4,15500001,15550000,50000,*,5149,10882,-0.0370624039200067,CG,AK_FK
312,Fvb4,15550001,15600000,50000,*,3882,10276,-0.188249658906843,CG,AK_FK
313,Fvb4,15600001,15650000,50000,*,6908,10791,-0.000246936190093638,CG,AK_FK
314,Fvb4,15650001,15700000,50000,*,4782,13360,-0.0646563315708792,CG,AK_FK
315,Fvb4,15700001,15750000,50000,*,6151,14435,0.000659248332357865,CG,AK_FK
316,Fvb4,15750001,15800000,50000,*,8309,12538,0.0152357856294669,CG,AK_FK
317,Fvb4,15800001,15850000,50000,*,5226,12282,0.010992114202764,CG,AK_FK
318,Fvb4,15850001,15900000,50000,*,8753,11881,-0.0163218272712763,CG,AK_FK
319,Fvb4,15900001,15950000,50000,*,5879,11582,-0.0144023278363117,CG,AK_FK
320,Fvb4,15950001,16000000,50000,*,6491,9330,-0.0102652464012818,CG,AK_FK
321,Fvb4,16000001,16050000,50000,*,4526,12426,0.00986808046318605,CG,AK_FK
322,Fvb4,16050001,16100000,50000,*,7689,9458,0.0145466532767795,CG,AK_FK
323,Fvb4,16100001,16150000,50000,*,7067,13721,-0.0258723864544073,CG,AK_FK
324,Fvb4,16150001,16200000,50000,*,6810,8925,-0.0303094001438922,CG,AK_FK
325,Fvb4,16200001,16250000,50000,*,5888,11166,-0.0607816289701837,CG,AK_FK
326,Fvb4,16250001,16300000,50000,*,5370,13499,-0.0230187912127023,CG,AK_FK
327,Fvb4,16300001,16350000,50000,*,6381,9099,-0.048628204225843,CG,AK_FK
328,Fvb4,16350001,16400000,50000,*,6182,9844,-0.0201780394181602,CG,AK_FK
329,Fvb4,16400001,16450000,50000,*,6260,12123,-0.0283472188610748,CG,AK_FK
330,Fvb4,16450001,16500000,50000,*,7171,15248,0.000253620885199868,CG,AK_FK
331,Fvb4,16500001,16550000,50000,*,7556,13673,0.0818233859532114,CG,AK_FK
332,Fvb4,16550001,16600000,50000,*,6950,13091,0.0503100682208374,CG,AK_FK
333,Fvb4,16600001,16650000,50000,*,11716,14893,-0.0136231265569806,CG,AK_FK
334,Fvb4,16650001,16700000,50000,*,1764,16517,-0.00895069387704453,CG,AK_FK
335,Fvb4,16700001,16750000,50000,*,5435,13356,-0.0407789764734914,CG,AK_FK
336,Fvb4,16750001,16800000,50000,*,4825,10998,-0.0148954267768516,CG,AK_FK
337,Fvb4,16800001,16850000,50000,*,8278,15621,0.0600014622193465,CG,AK_FK
338,Fvb4,16850001,16900000,50000,*,5195,13348,-0.0159475794293256,CG,AK_FK
339,Fvb4,16900001,16950000,50000,*,5995,14166,0.0302159906759225,CG,AK_FK
340,Fvb4,16950001,17000000,50000,*,7889,12924,0.0244976757430845,CG,AK_FK
341,Fvb4,17000001,17050000,50000,*,5507,10729,-0.023906127657171,CG,AK_FK
342,Fvb4,17050001,17100000,50000,*,6158,11706,0.0459358148630375,CG,AK_FK
343,Fvb4,17100001,17150000,50000,*,6288,13466,-0.015373141804582,CG,AK_FK
344,Fvb4,17150001,17200000,50000,*,5947,11720,-0.0178867969048478,CG,AK_FK
345,Fvb4,17200001,17250000,50000,*,7112,12868,0.0443816305033117,CG,AK_FK
346,Fvb4,17250001,17300000,50000,*,6158,12346,0.0106059177642218,CG,AK_FK
347,Fvb4,17300001,17350000,50000,*,7761,12248,-0.0114804399456743,CG,AK_FK
348,Fvb4,17350001,17400000,50000,*,5517,14913,-0.0438450336107387,CG,AK_FK
349,Fvb4,17400001,17450000,50000,*,8064,12453,0.0429816353391189,CG,AK_FK
350,Fvb4,17450001,17500000,50000,*,8105,11768,0.0394867665114137,CG,AK_FK
351,Fvb4,17500001,17550000,50000,*,6280,18993,0.0248308455261542,CG,AK_FK
352,Fvb4,17550001,17600000,50000,*,7326,14799,0.0349431390708435,CG,AK_FK
353,Fvb4,17600001,17650000,50000,*,9464,13849,0.0374336005860264,CG,AK_FK
354,Fvb4,17650001,17700000,50000,*,7649,15978,-0.119723628274302,CG,AK_FK
355,Fvb4,17700001,17750000,50000,*,7459,14283,0.0725387684194727,CG,AK_FK
356,Fvb4,17750001,17800000,50000,*,7854,13772,0.0905384929221251,CG,AK_FK
357,Fvb4,17800001,17850000,50000,*,6437,14546,0.0389087341790472,CG,AK_FK
358,Fvb4,17850001,17900000,50000,*,10284,14570,-0.0667092624832347,CG,AK_FK
359,Fvb4,17900001,17950000,50000,*,9791,14175,0.0159773283855146,CG,AK_FK
360,Fvb4,17950001,18000000,50000,*,5016,9879,0.00748615265418273,CG,AK_FK
361,Fvb4,18000001,18050000,50000,*,8534,13863,0.00866485330090805,CG,AK_FK
362,Fvb4,18050001,18100000,50000,*,7822,12157,-0.0307111069643439,CG,AK_FK
363,Fvb4,18100001,18150000,50000,*,8371,16329,0.0575952970358064,CG,AK_FK
364,Fvb4,18150001,18200000,50000,*,4562,13569,-0.00459302992362798,CG,AK_FK
365,Fvb4,18200001,18250000,50000,*,8930,16885,0.0244074939718263,CG,AK_FK
366,Fvb4,18250001,18300000,50000,*,9155,11702,0.0261633646616592,CG,AK_FK
367,Fvb4,18300001,18350000,50000,*,7340,16386,0.00435408163940759,CG,AK_FK
368,Fvb4,18350001,18400000,50000,*,3235,12680,0.0703096012906822,CG,AK_FK
369,Fvb4,18400001,18450000,50000,*,5945,13912,0.0488466960430293,CG,AK_FK
370,Fvb4,18450001,18500000,50000,*,6889,16991,-0.00375328839709327,CG,AK_FK
371,Fvb4,18500001,18550000,50000,*,3803,14191,-0.0622899152835608,CG,AK_FK
372,Fvb4,18550001,18600000,50000,*,7698,14183,0.00852221908594175,CG,AK_FK
373,Fvb4,18600001,18650000,50000,*,6490,14931,0.00708657445593347,CG,AK_FK
374,Fvb4,18650001,18700000,50000,*,4912,11356,-0.0367966486159417,CG,AK_FK
375,Fvb4,18700001,18750000,50000,*,8864,16223,0.0543955288445426,CG,AK_FK
376,Fvb4,18750001,18800000,50000,*,8155,13158,-0.000782308765762574,CG,AK_FK
377,Fvb4,18800001,18850000,50000,*,8043,15297,0.0316386041213501,CG,AK_FK
378,Fvb4,18850001,18900000,50000,*,8784,13526,0.0218907772761404,CG,AK_FK
379,Fvb4,18900001,18950000,50000,*,7352,9576,0.0111061014980041,CG,AK_FK
380,Fvb4,18950001,19000000,50000,*,4941,7986,0.00280667847177796,CG,AK_FK
381,Fvb4,19000001,19050000,50000,*,9130,12521,0.0205203159292218,CG,AK_FK
382,Fvb4,19050001,19100000,50000,*,5804,16819,-0.0435303757415806,CG,AK_FK
383,Fvb4,19100001,19150000,50000,*,4351,11120,0.028588170008115,CG,AK_FK
384,Fvb4,19150001,19200000,50000,*,14760,16249,7.82570907945646e-05,CG,AK_FK
385,Fvb4,19200001,19250000,50000,*,8770,12660,2.9962505697978e-05,CG,AK_FK
386,Fvb4,19250001,19300000,50000,*,9469,13460,-0.0056282169525369,CG,AK_FK
387,Fvb4,19300001,19350000,50000,*,10587,11771,0.00435349036819821,CG,AK_FK
388,Fvb4,19350001,19400000,50000,*,10931,12028,0.00832572886587235,CG,AK_FK
389,Fvb4,19400001,19450000,50000,*,13193,15764,-0.00207959060408225,CG,AK_FK
390,Fvb4,19450001,19500000,50000,*,8976,12778,0.0214408230852792,CG,AK_FK
391,Fvb4,19500001,19550000,50000,*,8115,11249,0.00526111231657878,CG,AK_FK
392,Fvb4,19550001,19600000,50000,*,7211,10782,-0.0328032018305885,CG,AK_FK
393,Fvb4,19600001,19650000,50000,*,7051,13425,-0.0774196864065988,CG,AK_FK
394,Fvb4,19650001,19700000,50000,*,4811,9159,0.0522118760585504,CG,AK_FK
395,Fvb4,19700001,19750000,50000,*,10383,11027,-0.000129857475950512,CG,AK_FK
396,Fvb4,19750001,19800000,50000,*,7848,14928,0.0122505988567088,CG,AK_FK
397,Fvb4,19800001,19850000,50000,*,8197,12840,0.0090385223156455,CG,AK_FK
398,Fvb4,19850001,19900000,50000,*,9633,14209,0.0071925178682688,CG,AK_FK
399,Fvb4,19900001,19950000,50000,*,11199,15741,0.276609971649792,CG,AK_FK
400,Fvb4,19950001,20000000,50000,*,7102,20103,0.0188776488366128,CG,AK_FK
401,Fvb4,20000001,20050000,50000,*,12712,15649,0.027687817510476,CG,AK_FK
402,Fvb4,20050001,20100000,50000,*,10236,11860,0.00290765568522189,CG,AK_FK
403,Fvb4,20100001,20150000,50000,*,9113,9663,0.0516111606143844,CG,AK_FK
404,Fvb4,20150001,20200000,50000,*,11757,13203,0.0133399288715423,CG,AK_FK
405,Fvb4,20200001,20250000,50000,*,10077,13972,-0.00271919779408447,CG,AK_FK
406,Fvb4,20250001,20300000,50000,*,14035,19422,-0.0110250063109761,CG,AK_FK
407,Fvb4,20300001,20350000,50000,*,9281,13393,-0.0142176010232912,CG,AK_FK
408,Fvb4,20350001,20400000,50000,*,5317,12371,0.0384111314419345,CG,AK_FK
409,Fvb4,20400001,20450000,50000,*,6750,14493,-0.067567218264283,CG,AK_FK
410,Fvb4,20450001,20500000,50000,*,8501,11795,0.0146603169432449,CG,AK_FK
411,Fvb4,20500001,20550000,50000,*,6228,11521,0.0416040361010074,CG,AK_FK
412,Fvb4,20550001,20600000,50000,*,8290,11786,0.0213094793505194,CG,AK_FK
413,Fvb4,20600001,20650000,50000,*,9638,15484,0.0208130377043994,CG,AK_FK
414,Fvb4,20650001,20700000,50000,*,5459,8279,0.0328857058355707,CG,AK_FK
415,Fvb4,20700001,20750000,50000,*,6154,9690,-0.00465296808598981,CG,AK_FK
416,Fvb4,20750001,20800000,50000,*,10681,13672,0.0409336703672087,CG,AK_FK
417,Fvb4,20800001,20850000,50000,*,8258,10027,0.0434299868877734,CG,AK_FK
418,Fvb4,20850001,20900000,50000,*,5682,17484,0.00632638478953818,CG,AK_FK
419,Fvb4,20900001,20950000,50000,*,10285,13365,0.0367073341642716,CG,AK_FK
420,Fvb4,20950001,21000000,50000,*,7104,11064,0.0153218661208029,CG,AK_FK
421,Fvb4,21000001,21050000,50000,*,8141,11392,0.000103165531017635,CG,AK_FK
422,Fvb4,21050001,21100000,50000,*,5932,12959,0.0326361623311806,CG,AK_FK
423,Fvb4,21100001,21150000,50000,*,7937,11081,-0.0135045956727523,CG,AK_FK
424,Fvb4,21150001,21200000,50000,*,6964,11632,-0.0249734582219763,CG,AK_FK
425,Fvb4,21200001,21250000,50000,*,6621,13157,-0.077013159013639,CG,AK_FK
426,Fvb4,21250001,21300000,50000,*,7545,12766,0.0577997233790316,CG,AK_FK
427,Fvb4,21300001,21350000,50000,*,9648,12235,0.0931435379838998,CG,AK_FK
428,Fvb4,21350001,21400000,50000,*,6874,11717,0.0137005802792108,CG,AK_FK
429,Fvb4,21400001,21450000,50000,*,7597,15358,-0.0640893094824622,CG,AK_FK
430,Fvb4,21450001,21500000,50000,*,5156,14049,0.00240221665227608,CG,AK_FK
431,Fvb4,21500001,21550000,50000,*,5760,14528,-0.0294501550008158,CG,AK_FK
432,Fvb4,21550001,21600000,50000,*,7216,10218,-0.0489385535229492,CG,AK_FK
433,Fvb4,21600001,21650000,50000,*,11486,15036,0.0135120878389352,CG,AK_FK
434,Fvb4,21650001,21700000,50000,*,6136,12278,-0.0967376672171588,CG,AK_FK
435,Fvb4,21700001,21750000,50000,*,11251,15413,-0.0195511061500726,CG,AK_FK
436,Fvb4,21750001,21800000,50000,*,7762,11475,0.0285941979130834,CG,AK_FK
437,Fvb4,21800001,21850000,50000,*,8149,14994,0.0386689003032092,CG,AK_FK
438,Fvb4,21850001,21900000,50000,*,5487,14366,-0.026488405821407,CG,AK_FK
439,Fvb4,21900001,21950000,50000,*,9713,15646,0.0718530805988249,CG,AK_FK
440,Fvb4,21950001,22000000,50000,*,7101,17493,-0.0470993015877883,CG,AK_FK
441,Fvb4,22000001,22050000,50000,*,6899,12922,-0.162059081157403,CG,AK_FK
442,Fvb4,22050001,22100000,50000,*,5270,9505,0.0823638106580293,CG,AK_FK
443,Fvb4,22100001,22150000,50000,*,7997,11216,-0.0424919808120313,CG,AK_FK
444,Fvb4,22150001,22200000,50000,*,6988,15902,0.00128777253673107,CG,AK_FK
445,Fvb4,22200001,22250000,50000,*,4950,16679,0.0274133215127397,CG,AK_FK
446,Fvb4,22250001,22300000,50000,*,5037,17840,0.00152946643345614,CG,AK_FK
447,Fvb4,22300001,22350000,50000,*,5763,19500,0.0297636566332218,CG,AK_FK
448,Fvb4,22350001,22400000,50000,*,6509,15815,0.0273706824090071,CG,AK_FK
449,Fvb4,22400001,22450000,50000,*,10287,16197,0.0182117901839569,CG,AK_FK
450,Fvb4,22450001,22500000,50000,*,7347,20860,0.0852889529605289,CG,AK_FK
451,Fvb4,22500001,22550000,50000,*,7616,13238,-0.0182500208974989,CG,AK_FK
452,Fvb4,22550001,22600000,50000,*,3395,18298,-0.00311291712445289,CG,AK_FK
453,Fvb4,22600001,22650000,50000,*,5376,17405,0.0150937683495069,CG,AK_FK
454,Fvb4,22650001,22700000,50000,*,6635,14895,0.00096576251756747,CG,AK_FK
455,Fvb4,22700001,22750000,50000,*,8455,15586,0.00766008957156583,CG,AK_FK
456,Fvb4,22750001,22800000,50000,*,4303,12294,0.0672778421421204,CG,AK_FK
457,Fvb4,22800001,22850000,50000,*,9436,12231,0.0239604331869052,CG,AK_FK
458,Fvb4,22850001,22900000,50000,*,9162,15545,-0.0113408569620578,CG,AK_FK
459,Fvb4,22900001,22950000,50000,*,6582,16742,-0.0101987134062201,CG,AK_FK
460,Fvb4,22950001,23000000,50000,*,7421,14847,0.0639442293099722,CG,AK_FK
461,Fvb4,23000001,23050000,50000,*,7407,16919,0.0797605594581617,CG,AK_FK
462,Fvb4,23050001,23100000,50000,*,7782,15265,0.0226866859839197,CG,AK_FK
463,Fvb4,23100001,23150000,50000,*,9078,12322,-0.0141837868384856,CG,AK_FK
464,Fvb4,23150001,23200000,50000,*,4394,15968,0.0215483492731535,CG,AK_FK
465,Fvb4,23200001,23250000,50000,*,6100,14382,0.0407686114150672,CG,AK_FK
466,Fvb4,23250001,23300000,50000,*,4371,16751,0.00895966693647043,CG,AK_FK
467,Fvb4,23300001,23350000,50000,*,4692,14759,0.0796403133834369,CG,AK_FK
468,Fvb4,23350001,23400000,50000,*,3296,17700,-0.0129594254533229,CG,AK_FK
469,Fvb4,23400001,23450000,50000,*,6120,13555,-0.00905449146330611,CG,AK_FK
470,Fvb4,23450001,23500000,50000,*,5567,10782,-0.0299575611623385,CG,AK_FK
471,Fvb4,23500001,23550000,50000,*,8024,11835,0.0124440266045346,CG,AK_FK
472,Fvb4,23550001,23600000,50000,*,3917,17169,0.0029654057373833,CG,AK_FK
473,Fvb4,23600001,23650000,50000,*,6306,12425,-0.0484905422070347,CG,AK_FK
474,Fvb4,23650001,23700000,50000,*,5961,13071,0.000149828664480156,CG,AK_FK
475,Fvb4,23700001,23750000,50000,*,5667,15405,0.00883887254377658,CG,AK_FK
476,Fvb4,23750001,23800000,50000,*,5701,11675,-0.0224276065008134,CG,AK_FK
477,Fvb4,23800001,23850000,50000,*,5049,14560,-0.0423027915239421,CG,AK_FK
478,Fvb4,23850001,23900000,50000,*,3402,16740,-0.000872411462127159,CG,AK_FK
479,Fvb4,23900001,23950000,50000,*,7761,13282,0.0350500501877731,CG,AK_FK
480,Fvb4,23950001,24000000,50000,*,15180,16624,-0.00459153890764052,CG,AK_FK
481,Fvb4,24000001,24050000,50000,*,5882,14374,-0.000390631417046094,CG,AK_FK
482,Fvb4,24050001,24100000,50000,*,6513,13077,0.0364032255195598,CG,AK_FK
483,Fvb4,24100001,24150000,50000,*,9267,10167,0.00296885723654128,CG,AK_FK
484,Fvb4,24150001,24200000,50000,*,6859,14848,0.0392799792948248,CG,AK_FK
485,Fvb4,24200001,24250000,50000,*,7692,14576,-0.0143103558632941,CG,AK_FK
486,Fvb4,24250001,24300000,50000,*,6086,15937,-0.0191820928191787,CG,AK_FK
487,Fvb4,24300001,24350000,50000,*,6518,16902,0.00194499654187685,CG,AK_FK
488,Fvb4,24350001,24400000,50000,*,5069,15401,-0.0483648790304231,CG,AK_FK
489,Fvb4,24400001,24450000,50000,*,4909,11543,0.0110463744287222,CG,AK_FK
490,Fvb4,24450001,24500000,50000,*,5453,9247,0.021201877296729,CG,AK_FK
491,Fvb4,24500001,24550000,50000,*,5193,11460,0.00643251089907881,CG,AK_FK
492,Fvb4,24550001,24600000,50000,*,4791,18240,0.000338268982663814,CG,AK_FK
493,Fvb4,24600001,24650000,50000,*,8918,15068,-0.0374302566791097,CG,AK_FK
494,Fvb4,24650001,24700000,50000,*,3716,11688,-0.0239997402214163,CG,AK_FK
495,Fvb4,24700001,24750000,50000,*,6592,11954,-0.0334911107163046,CG,AK_FK
496,Fvb4,24750001,24800000,50000,*,4597,11882,-0.00627187978202598,CG,AK_FK
497,Fvb4,24800001,24850000,50000,*,7829,12922,0.0464652883655056,CG,AK_FK
498,Fvb4,24850001,24900000,50000,*,4465,16579,-0.0177288907275143,CG,AK_FK
499,Fvb4,24900001,24950000,50000,*,6176,15292,0.0300089099172798,CG,AK_FK
500,Fvb4,24950001,25000000,50000,*,2680,4902,0.0113581336207292,CG,AK_FK
501,Fvb4,25000001,25050000,50000,*,3256,20199,-0.0396774803761588,CG,AK_FK
502,Fvb4,25050001,25100000,50000,*,5088,14975,0.0163502991671151,CG,AK_FK
503,Fvb4,25100001,25150000,50000,*,3126,11742,-0.117227183400043,CG,AK_FK
504,Fvb4,25150001,25200000,50000,*,3650,8765,-0.141991363460535,CG,AK_FK
505,Fvb4,25200001,25250000,50000,*,7291,16033,-0.0332375116115028,CG,AK_FK
506,Fvb4,25250001,25300000,50000,*,3393,15348,0.0580944408634449,CG,AK_FK
507,Fvb4,25300001,25350000,50000,*,5793,14178,-0.0242922568622106,CG,AK_FK
508,Fvb4,25350001,25400000,50000,*,5141,18824,-0.00603393830810472,CG,AK_FK
509,Fvb4,25400001,25450000,50000,*,5337,11110,-0.00574192214889097,CG,AK_FK
510,Fvb4,25450001,25500000,50000,*,3633,17367,0.0114332527884949,CG,AK_FK
511,Fvb4,25500001,25550000,50000,*,6063,14013,0.0138662450801179,CG,AK_FK
512,Fvb4,25550001,25600000,50000,*,3443,15192,-0.0124899580289911,CG,AK_FK
513,Fvb4,25600001,25650000,50000,*,3265,19206,0.00834463644371047,CG,AK_FK
514,Fvb4,25650001,25700000,50000,*,4079,17498,0.0132167673781337,CG,AK_FK
515,Fvb4,25700001,25750000,50000,*,2369,19536,0.0222578838085167,CG,AK_FK
516,Fvb4,25750001,25800000,50000,*,7700,13556,0.0208131035164232,CG,AK_FK
517,Fvb4,25800001,25850000,50000,*,6692,14298,0.0114146363955108,CG,AK_FK
518,Fvb4,25850001,25900000,50000,*,4826,12998,0.0149120044175942,CG,AK_FK
519,Fvb4,25900001,25950000,50000,*,3652,13481,-0.0180575063834444,CG,AK_FK
520,Fvb4,25950001,26000000,50000,*,5257,13224,-0.0881795004753262,CG,AK_FK
521,Fvb4,26000001,26050000,50000,*,4773,15167,0.00331711644602412,CG,AK_FK
522,Fvb4,26050001,26100000,50000,*,8719,17945,-0.0143090269667239,CG,AK_FK
523,Fvb4,26100001,26150000,50000,*,2326,17874,-0.0130804185519528,CG,AK_FK
524,Fvb4,26150001,26200000,50000,*,4255,18324,0.0382899153629362,CG,AK_FK
525,Fvb4,26200001,26250000,50000,*,4672,13823,0.00929403383274802,CG,AK_FK
526,Fvb4,26250001,26300000,50000,*,6608,17572,0.0195145006578777,CG,AK_FK
527,Fvb4,26300001,26350000,50000,*,2964,14211,-0.0134260544582645,CG,AK_FK
528,Fvb4,26350001,26400000,50000,*,8115,14791,0.0838851435278288,CG,AK_FK
529,Fvb4,26400001,26450000,50000,*,7045,16378,-0.0321649571317848,CG,AK_FK
530,Fvb4,26450001,26500000,50000,*,5913,12561,0.0406711172384619,CG,AK_FK
531,Fvb4,26500001,26550000,50000,*,7011,15221,0.139139789228607,CG,AK_FK
532,Fvb4,26550001,26600000,50000,*,4653,13911,0.00673566141402232,CG,AK_FK
533,Fvb4,26600001,26650000,50000,*,6197,15583,-0.0076135497754099,CG,AK_FK
534,Fvb4,26650001,26700000,50000,*,6089,12709,0.0248858384038178,CG,AK_FK
535,Fvb4,26700001,26750000,50000,*,4830,11713,0.0957756356781431,CG,AK_FK
536,Fvb4,26750001,26800000,50000,*,7267,20652,0.199827833285528,CG,AK_FK
537,Fvb4,26800001,26850000,50000,*,5231,18776,0.10749471529227,CG,AK_FK
538,Fvb4,26850001,26900000,50000,*,5488,11020,0.0468521364211362,CG,AK_FK
539,Fvb4,26900001,26950000,50000,*,7238,13233,0.0274754726771183,CG,AK_FK
540,Fvb4,26950001,27000000,50000,*,4923,15959,-0.0221497662381834,CG,AK_FK
541,Fvb4,27000001,27050000,50000,*,3599,19939,0.0256719929743181,CG,AK_FK
542,Fvb4,27050001,27100000,50000,*,4230,15206,0.0331075505367315,CG,AK_FK
543,Fvb4,27100001,27150000,50000,*,3770,15121,-0.0119950182066463,CG,AK_FK
544,Fvb4,27150001,27200000,50000,*,3697,17374,0.00714568943118271,CG,AK_FK
545,Fvb4,27200001,27250000,50000,*,5405,16045,0.0438238619698108,CG,AK_FK
546,Fvb4,27250001,27300000,50000,*,3911,20631,0.00664470847126683,CG,AK_FK
547,Fvb4,27300001,27350000,50000,*,5193,9736,-0.00182602988328751,CG,AK_FK
548,Fvb4,27350001,27400000,50000,*,3409,18086,0.0113745891705087,CG,AK_FK
549,Fvb4,27400001,27450000,50000,*,7306,17856,0.0521309363799283,CG,AK_FK
550,Fvb4,27450001,27500000,50000,*,3863,16660,-0.00895543833225262,CG,AK_FK
551,Fvb4,27500001,27550000,50000,*,5961,17829,0.00746058834815849,CG,AK_FK
552,Fvb4,27550001,27600000,50000,*,7997,16392,0.0395598473806465,CG,AK_FK
553,Fvb4,27600001,27650000,50000,*,5556,17736,-0.0968907111812216,CG,AK_FK
554,Fvb4,27650001,27700000,50000,*,3928,16107,0.0298649953207961,CG,AK_FK
555,Fvb4,27700001,27750000,50000,*,5898,16008,-0.017858290637739,CG,AK_FK
556,Fvb4,27750001,27800000,50000,*,3360,16031,-0.00312255240674089,CG,AK_FK
557,Fvb4,27800001,27850000,50000,*,5730,11210,0.0375272356225614,CG,AK_FK
558,Fvb4,27850001,27900000,50000,*,3337,18664,0.00152383787753288,CG,AK_FK
559,Fvb4,27900001,27950000,50000,*,4727,14169,0.0344621059527401,CG,AK_FK
560,Fvb4,27950001,28000000,50000,*,5783,19210,0.0259920085008115,CG,AK_FK
561,Fvb4,28000001,28050000,50000,*,4126,16252,0.00352426243794468,CG,AK_FK
562,Fvb4,28050001,28100000,50000,*,2026,10374,0.0519978381493037,CG,AK_FK
563,Fvb4,28100001,28150000,50000,*,1724,9518,-0.0818638944376693,CG,AK_FK
564,Fvb4,28150001,28200000,50000,*,4933,19771,0.0283347309801771,CG,AK_FK
565,Fvb4,28200001,28250000,50000,*,5494,17043,0.0175098978677545,CG,AK_FK
566,Fvb4,28250001,28300000,50000,*,11045,14727,0.0722732656445495,CG,AK_FK
567,Fvb4,28300001,28350000,50000,*,3553,20681,0.0120789753413895,CG,AK_FK
568,Fvb4,28350001,28400000,50000,*,1903,17639,-0.0303657358018291,CG,AK_FK
569,Fvb4,28400001,28450000,50000,*,3239,19819,-0.0109961511433631,CG,AK_FK
570,Fvb4,28450001,28500000,50000,*,3976,18522,-0.00709271768618486,CG,AK_FK
571,Fvb4,28500001,28550000,50000,*,5351,18747,-0.0059610366571749,CG,AK_FK
572,Fvb4,28550001,28600000,50000,*,5208,17638,0.0517972766048021,CG,AK_FK
573,Fvb4,28600001,28650000,50000,*,4938,16647,-0.0418294026330447,CG,AK_FK
574,Fvb4,28650001,28700000,50000,*,5569,12394,0.0313581923388858,CG,AK_FK
575,Fvb4,28700001,28750000,50000,*,4101,9806,-0.0937804133197532,CG,AK_FK
576,Fvb4,28750001,28800000,50000,*,3901,15974,0.031141679276866,CG,AK_FK
577,Fvb4,28800001,28850000,50000,*,4919,24736,0.0123363063768699,CG,AK_FK
578,Fvb4,28850001,28900000,50000,*,3714,19204,0.0188378544871178,CG,AK_FK
579,Fvb4,28900001,28950000,50000,*,5330,13470,-0.0103592300780797,CG,AK_FK
580,Fvb4,28950001,29000000,50000,*,5830,13241,-0.00473613514064852,CG,AK_FK
581,Fvb4,29000001,29050000,50000,*,4282,12835,-0.0289540888970901,CG,AK_FK
582,Fvb4,29050001,29100000,50000,*,4124,13605,0.0231936341812769,CG,AK_FK
583,Fvb4,29100001,29150000,50000,*,4131,17659,0.00389750240084796,CG,AK_FK
584,Fvb4,29150001,29200000,50000,*,10093,15499,-0.0379966720016038,CG,AK_FK
585,Fvb4,29200001,29250000,50000,*,4604,16582,-0.000694511460508473,CG,AK_FK
586,Fvb4,29250001,29300000,50000,*,6091,14832,0.000562484271177832,CG,AK_FK
587,Fvb4,29300001,29350000,50000,*,4864,12697,0.0107037314625764,CG,AK_FK
588,Fvb4,29350001,29400000,50000,*,4836,17559,-0.0243935405033471,CG,AK_FK
589,Fvb4,29400001,29450000,50000,*,4538,18121,0.00399812448460338,CG,AK_FK
590,Fvb4,29450001,29500000,50000,*,4435,13736,0.0636033200982216,CG,AK_FK
591,Fvb4,29500001,29550000,50000,*,3077,14854,0.00960895939229661,CG,AK_FK
592,Fvb4,29550001,29600000,50000,*,1938,12309,0.0489345380503494,CG,AK_FK
593,Fvb4,29600001,29650000,50000,*,5565,14323,0.148310357335775,CG,AK_FK
594,Fvb4,29650001,29700000,50000,*,2493,15703,0.0420603523200901,CG,AK_FK
595,Fvb4,29700001,29750000,50000,*,6813,18387,0.0703459118630494,CG,AK_FK
596,Fvb4,29750001,29800000,50000,*,4016,15413,0.0139938784540937,CG,AK_FK
597,Fvb4,29800001,29850000,50000,*,3817,14517,0.0175524772775767,CG,AK_FK
598,Fvb4,29850001,29900000,50000,*,5384,15498,0.0071034244424516,CG,AK_FK
599,Fvb4,29900001,29950000,50000,*,3240,15216,0.0296271281507004,CG,AK_FK
600,Fvb4,29950001,30000000,50000,*,6559,14174,0.0124411279067497,CG,AK_FK
601,Fvb4,30000001,30050000,50000,*,2577,16758,0.00370327018951838,CG,AK_FK
602,Fvb4,30050001,30100000,50000,*,3955,17948,-0.0317744410536211,CG,AK_FK
603,Fvb4,30100001,30150000,50000,*,6231,17561,-0.01193000814773,CG,AK_FK
604,Fvb4,30150001,30200000,50000,*,8723,16187,0.00184510721602327,CG,AK_FK
605,Fvb4,30200001,30250000,50000,*,5907,18412,0.0461129413216484,CG,AK_FK
606,Fvb4,30250001,30300000,50000,*,3334,15726,-0.0774182897896024,CG,AK_FK
607,Fvb4,30300001,30350000,50000,*,1118,16474,-0.0202979998882029,CG,AK_FK
608,Fvb4,30350001,30400000,50000,*,3998,16758,0.0242324652368436,CG,AK_FK
609,Fvb4,30400001,30450000,50000,*,5708,15837,0.0441824808182073,CG,AK_FK
610,Fvb4,30450001,30500000,50000,*,6235,15436,0.00328923451152913,CG,AK_FK
611,Fvb4,30500001,30550000,50000,*,2383,19153,-0.0123000292990959,CG,AK_FK
612,Fvb4,30550001,30600000,50000,*,3243,16895,-0.0462143219107262,CG,AK_FK
613,Fvb4,30600001,30650000,50000,*,4187,17919,0.0284228869752112,CG,AK_FK
614,Fvb4,30650001,30700000,50000,*,3310,16702,-0.0219081765145287,CG,AK_FK
615,Fvb4,30700001,30750000,50000,*,2642,16675,-0.0276790942068398,CG,AK_FK
616,Fvb4,30750001,30800000,50000,*,3639,16913,0.0435770012869358,CG,AK_FK
617,Fvb4,30800001,30850000,50000,*,6473,13791,0.0349027789164919,CG,AK_FK
618,Fvb4,30850001,30900000,50000,*,2426,21997,-0.0116363263544507,CG,AK_FK
619,Fvb4,30900001,30950000,50000,*,3820,20520,0.0192003623372206,CG,AK_FK
620,Fvb4,30950001,31000000,50000,*,3246,20135,-0.0141453410634542,CG,AK_FK
621,Fvb4,31000001,31050000,50000,*,3105,16386,-0.0290135576233851,CG,AK_FK
622,Fvb4,31050001,31100000,50000,*,2770,20974,-0.0163329942142298,CG,AK_FK
623,Fvb4,31100001,31150000,50000,*,12251,15483,0.309096526148699,CG,AK_FK
624,Fvb4,31150001,31200000,50000,*,4242,12388,0.119886189853413,CG,AK_FK
625,Fvb4,31200001,31250000,50000,*,3033,18802,-0.0272907373105179,CG,AK_FK
626,Fvb4,31250001,31300000,50000,*,3293,20788,0.00757684632611247,CG,AK_FK
627,Fvb4,31300001,31350000,50000,*,2814,19392,0.0149925300634594,CG,AK_FK
628,Fvb4,31350001,31400000,50000,*,2411,13970,-0.0679045029780883,CG,AK_FK
629,Fvb4,31400001,31450000,50000,*,3533,18322,-0.0319148273096749,CG,AK_FK
630,Fvb4,31450001,31500000,50000,*,3496,16083,-0.00465453157828138,CG,AK_FK
631,Fvb4,31500001,31550000,50000,*,6014,18977,0.00849389729668404,CG,AK_FK
632,Fvb4,31550001,31600000,50000,*,3867,11743,0.0216280193141397,CG,AK_FK
633,Fvb4,31600001,31650000,50000,*,4276,13145,0.00355433783380932,CG,AK_FK
634,Fvb4,31650001,31700000,50000,*,3169,11354,-0.0384962368044498,CG,AK_FK
635,Fvb4,31700001,31750000,50000,*,6204,14283,-0.0070148188713624,CG,AK_FK
636,Fvb4,31750001,31800000,50000,*,5765,14920,-0.00663801570634015,CG,AK_FK
637,Fvb4,31800001,31850000,50000,*,3954,22202,0.0215526047191273,CG,AK_FK
638,Fvb4,31850001,31900000,50000,*,4187,14068,-0.0111317927647264,CG,AK_FK
639,Fvb4,31900001,31950000,50000,*,6522,14242,-0.0582096225307203,CG,AK_FK
640,Fvb4,31950001,32000000,50000,*,6343,21253,0.0075753489077437,CG,AK_FK
641,Fvb4,32000001,32050000,50000,*,5385,17884,-0.0128375887489336,CG,AK_FK
642,Fvb4,32050001,32100000,50000,*,5201,19090,-0.0232733374500407,CG,AK_FK
643,Fvb4,32100001,32150000,50000,*,4267,16937,0.00736173965368975,CG,AK_FK
644,Fvb4,32150001,32200000,50000,*,5433,18267,0.152823209008112,CG,AK_FK
645,Fvb4,32200001,32250000,50000,*,1975,17796,0.0203630863000725,CG,AK_FK
646,Fvb4,32250001,32300000,50000,*,4438,17007,0.0275493111084035,CG,AK_FK
647,Fvb4,32300001,32350000,50000,*,2884,17503,0.00167644692780403,CG,AK_FK
648,Fvb4,32350001,32400000,50000,*,5085,15445,0.00756156575928613,CG,AK_FK
649,Fvb4,32400001,32450000,50000,*,3422,12047,0.0189342047782439,CG,AK_FK
650,Fvb4,32450001,32500000,50000,*,3339,17556,-0.00512291131193904,CG,AK_FK
651,Fvb4,32500001,32550000,50000,*,5345,16981,0.0190527541273603,CG,AK_FK
652,Fvb4,32550001,32600000,50000,*,4307,22071,-0.0184581941654558,CG,AK_FK
653,Fvb4,32600001,32650000,50000,*,5211,18736,0.036055964425248,CG,AK_FK
654,Fvb4,32650001,32700000,50000,*,10325,26254,0.0718698664443085,CG,AK_FK
655,Fvb4,32700001,32750000,50000,*,9543,19820,0.0830769756493702,CG,AK_FK
656,Fvb4,32750001,32800000,50000,*,4746,16452,-0.00321174889163106,CG,AK_FK
657,Fvb4,32800001,32850000,50000,*,2720,14932,-0.0122207798987903,CG,AK_FK
658,Fvb4,32850001,32900000,50000,*,2694,11250,-0.232246480743692,CG,AK_FK
659,Fvb4,32900001,32950000,50000,*,2542,18284,-0.066237648663464,CG,AK_FK
660,Fvb4,32950001,33000000,50000,*,3150,21109,0.00279742067023797,CG,AK_FK
661,Fvb4,33000001,33050000,50000,*,3256,15282,0.00555559889096033,CG,AK_FK
662,Fvb4,33050001,33100000,50000,*,3404,18280,0.0187282403071582,CG,AK_FK
663,Fvb4,33100001,33150000,50000,*,4653,15123,-0.03841890048302,CG,AK_FK
664,Fvb4,33150001,33200000,50000,*,1694,14182,-0.000729916524773139,CG,AK_FK
665,Fvb4,33200001,33250000,50000,*,301,7427,-0.0821367604876666,CG,AK_FK
666,Fvb4,33250001,33300000,50000,*,2488,6919,0.163574616546972,CG,AK_FK
667,Fvb4,33300001,33350000,50000,*,4643,15459,0.0272824519689287,CG,AK_FK
668,Fvb4,33350001,33400000,50000,*,2908,14689,0.00377288032334255,CG,AK_FK
669,Fvb4,33400001,33450000,50000,*,4886,12964,-0.00271394583076212,CG,AK_FK
670,Fvb4,33450001,33500000,50000,*,4756,16214,0.0089307815021073,CG,AK_FK
671,Fvb4,33500001,33550000,50000,*,6509,14507,0.0222318936734041,CG,AK_FK
672,Fvb4,33550001,33600000,50000,*,6190,14564,0.0143261234759052,CG,AK_FK
673,Fvb4,33600001,33650000,50000,*,8372,14902,0.0202387369950169,CG,AK_FK
674,Fvb4,33650001,33700000,50000,*,4515,17990,-0.00538057029794259,CG,AK_FK
675,Fvb4,33700001,33750000,50000,*,5183,16200,0.0094694383603991,CG,AK_FK
676,Fvb4,33750001,33800000,50000,*,10196,16718,-0.000560957470996826,CG,AK_FK
677,Fvb4,33800001,33850000,50000,*,4939,19618,-0.00911097616651962,CG,AK_FK
678,Fvb4,33850001,33900000,50000,*,9449,15495,-0.0412769212199882,CG,AK_FK
1,Fvb4,1,50000,50000,*,9181,13307,0.0817304944240939,CG,AK_NK
2,Fvb4,50001,100000,50000,*,8091,13463,0.095839824822899,CG,AK_NK
3,Fvb4,100001,150000,50000,*,8238,19381,-0.117378982813773,CG,AK_NK
4,Fvb4,150001,200000,50000,*,8803,13461,0.0993698300929823,CG,AK_NK
5,Fvb4,200001,250000,50000,*,7835,10065,0.024630308660161,CG,AK_NK
6,Fvb4,250001,300000,50000,*,6563,13660,0.00104530922887952,CG,AK_NK
7,Fvb4,300001,350000,50000,*,5717,17142,0.0458424815700118,CG,AK_NK
8,Fvb4,350001,400000,50000,*,5257,13705,0.0591240606596971,CG,AK_NK
9,Fvb4,400001,450000,50000,*,5490,12712,0.074665567715037,CG,AK_NK
10,Fvb4,450001,500000,50000,*,5909,13084,0.0351869779364847,CG,AK_NK
11,Fvb4,500001,550000,50000,*,7395,12038,0.387955717895433,CG,AK_NK
12,Fvb4,550001,600000,50000,*,5633,11778,0.0341396637576039,CG,AK_NK
13,Fvb4,600001,650000,50000,*,5162,13532,0.0462700853154649,CG,AK_NK
14,Fvb4,650001,700000,50000,*,7423,14216,0.104178843544068,CG,AK_NK
15,Fvb4,700001,750000,50000,*,6590,13950,0.0915898680600822,CG,AK_NK
16,Fvb4,750001,800000,50000,*,2453,13089,-0.0161271900890334,CG,AK_NK
17,Fvb4,800001,850000,50000,*,173,267,0.0242303803229894,CG,AK_NK
18,Fvb4,850001,900000,50000,*,265,282,0.0508274231678487,CG,AK_NK
19,Fvb4,900001,950000,50000,*,182,270,-0.0914569880501744,CG,AK_NK
20,Fvb4,950001,1000000,50000,*,4093,13424,0.0940536930993006,CG,AK_NK
21,Fvb4,1000001,1050000,50000,*,5703,14973,0.105062210785408,CG,AK_NK
22,Fvb4,1050001,1100000,50000,*,6636,15779,0.0249934645005502,CG,AK_NK
23,Fvb4,1100001,1150000,50000,*,3831,13383,-0.0397871046207585,CG,AK_NK
24,Fvb4,1150001,1200000,50000,*,4154,9783,-0.0407651009904726,CG,AK_NK
25,Fvb4,1200001,1250000,50000,*,8323,13718,-0.107837871823512,CG,AK_NK
26,Fvb4,1250001,1300000,50000,*,6119,14319,0.0522041608246894,CG,AK_NK
27,Fvb4,1300001,1350000,50000,*,3496,11244,-0.121661529415382,CG,AK_NK
28,Fvb4,1350001,1400000,50000,*,3486,19852,0.0232179783094592,CG,AK_NK
29,Fvb4,1400001,1450000,50000,*,7466,13947,0.045337316187867,CG,AK_NK
30,Fvb4,1450001,1500000,50000,*,4972,14410,0.113698141749494,CG,AK_NK
31,Fvb4,1500001,1550000,50000,*,3749,13158,0.0517562077250393,CG,AK_NK
32,Fvb4,1550001,1600000,50000,*,4856,14329,0.0834592333887689,CG,AK_NK
33,Fvb4,1600001,1650000,50000,*,6663,15827,0.311942448596713,CG,AK_NK
34,Fvb4,1650001,1700000,50000,*,9014,11684,0.0874432811038119,CG,AK_NK
35,Fvb4,1700001,1750000,50000,*,9352,12840,0.299869114917103,CG,AK_NK
36,Fvb4,1750001,1800000,50000,*,5504,19493,0.0850237216293239,CG,AK_NK
37,Fvb4,1800001,1850000,50000,*,7646,10585,0.0289467117048867,CG,AK_NK
38,Fvb4,1850001,1900000,50000,*,9285,10705,0.00669138024452376,CG,AK_NK
39,Fvb4,1900001,1950000,50000,*,8428,10701,0.0221208829887184,CG,AK_NK
40,Fvb4,1950001,2000000,50000,*,6506,11535,-0.248278626394564,CG,AK_NK
41,Fvb4,2000001,2050000,50000,*,8647,11456,0.263249518360237,CG,AK_NK
42,Fvb4,2050001,2100000,50000,*,7979,11805,0.0927580599592207,CG,AK_NK
43,Fvb4,2100001,2150000,50000,*,7668,14758,0.126133506924074,CG,AK_NK
44,Fvb4,2150001,2200000,50000,*,7627,14860,0.104368925219961,CG,AK_NK
45,Fvb4,2200001,2250000,50000,*,7208,15766,0.140335084551438,CG,AK_NK
46,Fvb4,2250001,2300000,50000,*,2707,16927,0.0594259930725313,CG,AK_NK
47,Fvb4,2300001,2350000,50000,*,4678,10463,0.0932106137590585,CG,AK_NK
48,Fvb4,2350001,2400000,50000,*,7062,15800,0.0524545810520107,CG,AK_NK
49,Fvb4,2400001,2450000,50000,*,6152,10300,0.188522429310467,CG,AK_NK
50,Fvb4,2450001,2500000,50000,*,6168,14769,0.0592226387818123,CG,AK_NK
51,Fvb4,2500001,2550000,50000,*,4455,15482,0.0294178519626132,CG,AK_NK
52,Fvb4,2550001,2600000,50000,*,4117,13428,0.0209453060459794,CG,AK_NK
53,Fvb4,2600001,2650000,50000,*,5414,14684,0.0468892067116718,CG,AK_NK
54,Fvb4,2650001,2700000,50000,*,6323,14948,0.0433437862575803,CG,AK_NK
55,Fvb4,2700001,2750000,50000,*,7977,12380,0.1998872806143,CG,AK_NK
56,Fvb4,2750001,2800000,50000,*,3962,13327,-0.0561982160894463,CG,AK_NK
57,Fvb4,2800001,2850000,50000,*,6071,17396,0.0421660493631577,CG,AK_NK
58,Fvb4,2850001,2900000,50000,*,3483,8639,0.125410120429631,CG,AK_NK
59,Fvb4,2900001,2950000,50000,*,10074,15481,0.073947737467714,CG,AK_NK
60,Fvb4,2950001,3000000,50000,*,8227,10267,0.0041353411093612,CG,AK_NK
61,Fvb4,3000001,3050000,50000,*,6195,7223,0.29881558917117,CG,AK_NK
62,Fvb4,3050001,3100000,50000,*,2686,13409,0.0338402898819871,CG,AK_NK
63,Fvb4,3100001,3150000,50000,*,7283,12513,0.0916622863136228,CG,AK_NK
64,Fvb4,3150001,3200000,50000,*,5535,13887,0.0637520524457723,CG,AK_NK
65,Fvb4,3200001,3250000,50000,*,2417,20646,-0.0177910964193719,CG,AK_NK
66,Fvb4,3250001,3300000,50000,*,3460,14497,0.0079067401720801,CG,AK_NK
67,Fvb4,3300001,3350000,50000,*,6631,10723,-0.00474871392138276,CG,AK_NK
68,Fvb4,3350001,3400000,50000,*,6672,14157,0.0320771688430578,CG,AK_NK
69,Fvb4,3400001,3450000,50000,*,3828,12851,0.0208341809862765,CG,AK_NK
70,Fvb4,3450001,3500000,50000,*,5928,11412,0.0362336128715983,CG,AK_NK
71,Fvb4,3500001,3550000,50000,*,4760,13829,0.0682681041157889,CG,AK_NK
72,Fvb4,3550001,3600000,50000,*,5640,14887,0.0600931767432785,CG,AK_NK
73,Fvb4,3600001,3650000,50000,*,5071,14250,0.102522389601802,CG,AK_NK
74,Fvb4,3650001,3700000,50000,*,7190,16724,0.164344479431376,CG,AK_NK
75,Fvb4,3700001,3750000,50000,*,5272,11852,0.123672874045808,CG,AK_NK
76,Fvb4,3750001,3800000,50000,*,4947,12184,0.121730259209494,CG,AK_NK
77,Fvb4,3800001,3850000,50000,*,5578,14769,0.0414055884899616,CG,AK_NK
78,Fvb4,3850001,3900000,50000,*,10027,16230,0.0803590018420764,CG,AK_NK
79,Fvb4,3900001,3950000,50000,*,8331,14433,0.0354302555289115,CG,AK_NK
80,Fvb4,3950001,4000000,50000,*,9793,11437,0.0578496366897541,CG,AK_NK
81,Fvb4,4000001,4050000,50000,*,6915,11404,0.132890418673206,CG,AK_NK
82,Fvb4,4050001,4100000,50000,*,7121,16936,0.0928369191999104,CG,AK_NK
83,Fvb4,4100001,4150000,50000,*,10076,15115,0.419581901595403,CG,AK_NK
84,Fvb4,4150001,4200000,50000,*,8578,13599,0.333660359153328,CG,AK_NK
85,Fvb4,4200001,4250000,50000,*,4760,14596,0.0974541272024223,CG,AK_NK
86,Fvb4,4250001,4300000,50000,*,5746,13299,0.0487323216294395,CG,AK_NK
87,Fvb4,4300001,4350000,50000,*,7548,14777,0.084060679292594,CG,AK_NK
88,Fvb4,4350001,4400000,50000,*,6907,13384,0.123629209818351,CG,AK_NK
89,Fvb4,4400001,4450000,50000,*,6250,17199,0.0409873684634687,CG,AK_NK
90,Fvb4,4450001,4500000,50000,*,6920,16940,0.0746520586340735,CG,AK_NK
91,Fvb4,4500001,4550000,50000,*,6390,12118,0.165290642020135,CG,AK_NK
92,Fvb4,4550001,4600000,50000,*,7954,12996,0.0489294327894445,CG,AK_NK
93,Fvb4,4600001,4650000,50000,*,5295,7853,0.294424292888818,CG,AK_NK
94,Fvb4,4650001,4700000,50000,*,4374,9923,0.00666554493338273,CG,AK_NK
95,Fvb4,4700001,4750000,50000,*,8341,11395,0.0986132329310436,CG,AK_NK
96,Fvb4,4750001,4800000,50000,*,6727,9879,0.137626391136314,CG,AK_NK
97,Fvb4,4800001,4850000,50000,*,6154,11903,0.12076828789041,CG,AK_NK
98,Fvb4,4850001,4900000,50000,*,5004,10896,0.0422773565035297,CG,AK_NK
99,Fvb4,4900001,4950000,50000,*,10784,11740,0.171962660047638,CG,AK_NK
100,Fvb4,4950001,5000000,50000,*,4691,9119,0.14729241315615,CG,AK_NK
101,Fvb4,5000001,5050000,50000,*,13496,16598,0.126262414089682,CG,AK_NK
102,Fvb4,5050001,5100000,50000,*,8695,14230,0.121942985934807,CG,AK_NK
103,Fvb4,5100001,5150000,50000,*,5033,15365,-0.00509373456030526,CG,AK_NK
104,Fvb4,5150001,5200000,50000,*,7921,12364,0.121710000764629,CG,AK_NK
105,Fvb4,5200001,5250000,50000,*,7381,11372,-0.210861595293177,CG,AK_NK
106,Fvb4,5250001,5300000,50000,*,3947,14314,0.115121446436585,CG,AK_NK
107,Fvb4,5300001,5350000,50000,*,3552,10793,0.087258436514205,CG,AK_NK
108,Fvb4,5350001,5400000,50000,*,6285,13543,0.0835333776059612,CG,AK_NK
109,Fvb4,5400001,5450000,50000,*,5310,11549,0.178575498483279,CG,AK_NK
110,Fvb4,5450001,5500000,50000,*,4923,14550,0.0706403449759693,CG,AK_NK
111,Fvb4,5500001,5550000,50000,*,7163,11934,0.0463287822589409,CG,AK_NK
112,Fvb4,5550001,5600000,50000,*,6188,14589,0.0789857816557155,CG,AK_NK
113,Fvb4,5600001,5650000,50000,*,6774,13390,0.0914915765545665,CG,AK_NK
114,Fvb4,5650001,5700000,50000,*,6105,13137,0.0748657469753264,CG,AK_NK
115,Fvb4,5700001,5750000,50000,*,4852,10324,0.0432438095664083,CG,AK_NK
116,Fvb4,5750001,5800000,50000,*,4252,10081,0.071720288773545,CG,AK_NK
117,Fvb4,5800001,5850000,50000,*,7934,13603,0.164463475247861,CG,AK_NK
118,Fvb4,5850001,5900000,50000,*,10352,15558,0.130332564299217,CG,AK_NK
119,Fvb4,5900001,5950000,50000,*,7236,11381,0.0751033884884179,CG,AK_NK
120,Fvb4,5950001,6000000,50000,*,8310,16157,0.0700336580531901,CG,AK_NK
121,Fvb4,6000001,6050000,50000,*,6281,13806,0.0133317924742419,CG,AK_NK
122,Fvb4,6050001,6100000,50000,*,7746,12413,0.0153875547946197,CG,AK_NK
123,Fvb4,6100001,6150000,50000,*,7404,15928,0.0488338829078681,CG,AK_NK
124,Fvb4,6150001,6200000,50000,*,7132,14378,0.0465643529031289,CG,AK_NK
125,Fvb4,6200001,6250000,50000,*,7082,12062,0.0201373767270606,CG,AK_NK
126,Fvb4,6250001,6300000,50000,*,4936,13819,0.0179589128432391,CG,AK_NK
127,Fvb4,6300001,6350000,50000,*,6933,14969,0.0565777522768238,CG,AK_NK
128,Fvb4,6350001,6400000,50000,*,6459,10025,0.030113556947206,CG,AK_NK
129,Fvb4,6400001,6450000,50000,*,7329,10832,0.0329770079216165,CG,AK_NK
130,Fvb4,6450001,6500000,50000,*,4491,11399,0.045627196498821,CG,AK_NK
131,Fvb4,6500001,6550000,50000,*,7925,13259,-0.0286213023813138,CG,AK_NK
132,Fvb4,6550001,6600000,50000,*,8476,12818,0.0813903140487294,CG,AK_NK
133,Fvb4,6600001,6650000,50000,*,10151,15874,0.0116111509055908,CG,AK_NK
134,Fvb4,6650001,6700000,50000,*,7004,12773,0.0466013803792839,CG,AK_NK
135,Fvb4,6700001,6750000,50000,*,7067,12836,0.121275472572339,CG,AK_NK
136,Fvb4,6750001,6800000,50000,*,6526,12729,0.0551891650750186,CG,AK_NK
137,Fvb4,6800001,6850000,50000,*,7657,13421,0.0372084324124914,CG,AK_NK
138,Fvb4,6850001,6900000,50000,*,6739,13142,0.145843040739746,CG,AK_NK
139,Fvb4,6900001,6950000,50000,*,5978,12429,0.128811751909963,CG,AK_NK
140,Fvb4,6950001,7000000,50000,*,9262,15178,0.133272636432832,CG,AK_NK
141,Fvb4,7000001,7050000,50000,*,7884,13104,0.155132484550829,CG,AK_NK
142,Fvb4,7050001,7100000,50000,*,7072,9702,0.239292242149385,CG,AK_NK
143,Fvb4,7100001,7150000,50000,*,10055,12859,0.0913118554558859,CG,AK_NK
144,Fvb4,7150001,7200000,50000,*,9359,10421,0.377486164788681,CG,AK_NK
145,Fvb4,7200001,7250000,50000,*,8474,13965,0.107794014942413,CG,AK_NK
146,Fvb4,7250001,7300000,50000,*,9221,13760,0.0359209303745581,CG,AK_NK
147,Fvb4,7300001,7350000,50000,*,7206,13494,0.0982495285386025,CG,AK_NK
148,Fvb4,7350001,7400000,50000,*,8138,14234,0.0124835825551419,CG,AK_NK
149,Fvb4,7400001,7450000,50000,*,8640,11540,0.0484711020899005,CG,AK_NK
150,Fvb4,7450001,7500000,50000,*,9755,15240,0.0683632690097906,CG,AK_NK
151,Fvb4,7500001,7550000,50000,*,5925,10903,0.0692016100742159,CG,AK_NK
152,Fvb4,7550001,7600000,50000,*,9606,15909,0.128826537799614,CG,AK_NK
153,Fvb4,7600001,7650000,50000,*,9998,14300,0.0457367642990782,CG,AK_NK
154,Fvb4,7650001,7700000,50000,*,6717,10039,0.136140040988082,CG,AK_NK
155,Fvb4,7700001,7750000,50000,*,9701,13528,0.122034092560911,CG,AK_NK
156,Fvb4,7750001,7800000,50000,*,11391,16356,0.0950289583507622,CG,AK_NK
157,Fvb4,7800001,7850000,50000,*,12818,14026,0.0719078067077209,CG,AK_NK
158,Fvb4,7850001,7900000,50000,*,10560,15650,-0.0107689195647344,CG,AK_NK
159,Fvb4,7900001,7950000,50000,*,12114,15483,0.0749139842077626,CG,AK_NK
160,Fvb4,7950001,8000000,50000,*,9610,15214,0.0497868769031528,CG,AK_NK
161,Fvb4,8000001,8050000,50000,*,11915,16159,0.201819941613857,CG,AK_NK
162,Fvb4,8050001,8100000,50000,*,9046,13267,0.152729230029596,CG,AK_NK
163,Fvb4,8100001,8150000,50000,*,8125,13260,0.120322472639002,CG,AK_NK
164,Fvb4,8150001,8200000,50000,*,10222,15250,0.0818258970765571,CG,AK_NK
165,Fvb4,8200001,8250000,50000,*,9571,15038,0.0705474772795605,CG,AK_NK
166,Fvb4,8250001,8300000,50000,*,11673,13950,0.0845210391322044,CG,AK_NK
167,Fvb4,8300001,8350000,50000,*,12256,13599,0.144150872947264,CG,AK_NK
168,Fvb4,8350001,8400000,50000,*,9959,12739,0.196062512618241,CG,AK_NK
169,Fvb4,8400001,8450000,50000,*,10920,13601,0.0307519297112187,CG,AK_NK
170,Fvb4,8450001,8500000,50000,*,9085,14369,0.0397203905436623,CG,AK_NK
171,Fvb4,8500001,8550000,50000,*,9842,14964,0.205644460436543,CG,AK_NK
172,Fvb4,8550001,8600000,50000,*,13157,15142,0.0492210053819799,CG,AK_NK
173,Fvb4,8600001,8650000,50000,*,11631,13290,0.163355551602169,CG,AK_NK
174,Fvb4,8650001,8700000,50000,*,11586,13885,0.0710021814485816,CG,AK_NK
175,Fvb4,8700001,8750000,50000,*,11814,12663,0.0402449479984441,CG,AK_NK
176,Fvb4,8750001,8800000,50000,*,12929,16947,0.0546343359781728,CG,AK_NK
177,Fvb4,8800001,8850000,50000,*,22883,23882,0.0691434385936361,CG,AK_NK
178,Fvb4,8850001,8900000,50000,*,11971,13037,0.0280512424940249,CG,AK_NK
179,Fvb4,8900001,8950000,50000,*,14328,15705,0.111857551715754,CG,AK_NK
180,Fvb4,8950001,9000000,50000,*,8777,10880,0.0953668243048292,CG,AK_NK
181,Fvb4,9000001,9050000,50000,*,10852,13194,0.0461559011394895,CG,AK_NK
182,Fvb4,9050001,9100000,50000,*,12077,13563,0.0948736058084994,CG,AK_NK
183,Fvb4,9100001,9150000,50000,*,11001,12231,0.0292909321645285,CG,AK_NK
184,Fvb4,9150001,9200000,50000,*,12493,13043,0.0482660507082843,CG,AK_NK
185,Fvb4,9200001,9250000,50000,*,10307,12123,0.139340857083953,CG,AK_NK
186,Fvb4,9250001,9300000,50000,*,10275,12685,0.0855383817667026,CG,AK_NK
187,Fvb4,9300001,9350000,50000,*,9407,11053,0.122087256769113,CG,AK_NK
188,Fvb4,9350001,9400000,50000,*,10664,11799,0.0539294767168097,CG,AK_NK
189,Fvb4,9400001,9450000,50000,*,12455,14667,0.0894337156902978,CG,AK_NK
190,Fvb4,9450001,9500000,50000,*,11914,14985,0.100936194162262,CG,AK_NK
191,Fvb4,9500001,9550000,50000,*,11604,13329,0.135410119345347,CG,AK_NK
192,Fvb4,9550001,9600000,50000,*,9401,12828,0.149361112873616,CG,AK_NK
193,Fvb4,9600001,9650000,50000,*,11043,13247,0.105786514443612,CG,AK_NK
194,Fvb4,9650001,9700000,50000,*,10909,12265,-0.0121588458169292,CG,AK_NK
195,Fvb4,9700001,9750000,50000,*,13651,14447,0.0821308338639779,CG,AK_NK
196,Fvb4,9750001,9800000,50000,*,14033,17201,0.160272568285328,CG,AK_NK
197,Fvb4,9800001,9850000,50000,*,8586,10055,0.0666080541621659,CG,AK_NK
198,Fvb4,9850001,9900000,50000,*,12911,14057,0.0733632532094196,CG,AK_NK
199,Fvb4,9900001,9950000,50000,*,8413,10496,0.0433546204591381,CG,AK_NK
200,Fvb4,9950001,10000000,50000,*,12313,15854,0.170064150392681,CG,AK_NK
201,Fvb4,10000001,10050000,50000,*,13748,14440,0.0654693848728058,CG,AK_NK
202,Fvb4,10050001,10100000,50000,*,11992,15750,0.111244920746206,CG,AK_NK
203,Fvb4,10100001,10150000,50000,*,12015,14134,0.049317674487211,CG,AK_NK
204,Fvb4,10150001,10200000,50000,*,11105,15867,0.12120906708118,CG,AK_NK
205,Fvb4,10200001,10250000,50000,*,9256,11713,0.0840071661735244,CG,AK_NK
206,Fvb4,10250001,10300000,50000,*,11902,13658,0.0932736667604579,CG,AK_NK
207,Fvb4,10300001,10350000,50000,*,11372,11914,0.0460432827582586,CG,AK_NK
208,Fvb4,10350001,10400000,50000,*,14283,15589,0.0796697395409341,CG,AK_NK
209,Fvb4,10400001,10450000,50000,*,8686,9917,0.189664564546677,CG,AK_NK
210,Fvb4,10450001,10500000,50000,*,6488,7482,0.172813977640262,CG,AK_NK
211,Fvb4,10500001,10550000,50000,*,14135,15618,0.104664715193549,CG,AK_NK
212,Fvb4,10550001,10600000,50000,*,11846,16140,0.171725587105934,CG,AK_NK
213,Fvb4,10600001,10650000,50000,*,11843,12408,0.0441504528748918,CG,AK_NK
214,Fvb4,10650001,10700000,50000,*,12323,13685,0.155943722597735,CG,AK_NK
215,Fvb4,10700001,10750000,50000,*,14514,16747,0.00270756663959659,CG,AK_NK
216,Fvb4,10750001,10800000,50000,*,14422,15199,0.0642745108436598,CG,AK_NK
217,Fvb4,10800001,10850000,50000,*,8339,14913,0.140123372094286,CG,AK_NK
218,Fvb4,10850001,10900000,50000,*,14133,17603,0.157766001587155,CG,AK_NK
219,Fvb4,10900001,10950000,50000,*,14249,14999,0.0857924296166186,CG,AK_NK
220,Fvb4,10950001,11000000,50000,*,13101,14590,0.107260802549924,CG,AK_NK
221,Fvb4,11000001,11050000,50000,*,9342,15120,0.156977388034716,CG,AK_NK
222,Fvb4,11050001,11100000,50000,*,11664,14813,0.228619109094746,CG,AK_NK
223,Fvb4,11100001,11150000,50000,*,11279,13924,0.120927703608015,CG,AK_NK
224,Fvb4,11150001,11200000,50000,*,14894,30041,0.286000386219328,CG,AK_NK
225,Fvb4,11200001,11250000,50000,*,12990,18689,0.0927153442279317,CG,AK_NK
226,Fvb4,11250001,11300000,50000,*,15026,16731,0.0207889444497917,CG,AK_NK
227,Fvb4,11300001,11350000,50000,*,13195,15057,0.00918622486157972,CG,AK_NK
228,Fvb4,11350001,11400000,50000,*,9663,11301,0.131647024207044,CG,AK_NK
229,Fvb4,11400001,11450000,50000,*,9255,11269,0.116439209772659,CG,AK_NK
230,Fvb4,11450001,11500000,50000,*,10204,11976,0.102399726990212,CG,AK_NK
231,Fvb4,11500001,11550000,50000,*,14306,16495,0.0977543752784804,CG,AK_NK
232,Fvb4,11550001,11600000,50000,*,13285,14794,0.0656459641423308,CG,AK_NK
233,Fvb4,11600001,11650000,50000,*,13257,15933,0.0282900601761915,CG,AK_NK
234,Fvb4,11650001,11700000,50000,*,6193,8006,0.137544841368973,CG,AK_NK
235,Fvb4,11700001,11750000,50000,*,2433,2681,0.121662666701831,CG,AK_NK
236,Fvb4,11750001,11800000,50000,*,11058,13445,0.142159335666066,CG,AK_NK
237,Fvb4,11800001,11850000,50000,*,13477,14176,0.0844791234860122,CG,AK_NK
238,Fvb4,11850001,11900000,50000,*,11130,15356,-0.112980862967995,CG,AK_NK
239,Fvb4,11900001,11950000,50000,*,13049,18819,0.10935153752708,CG,AK_NK
240,Fvb4,11950001,12000000,50000,*,11869,13417,0.0559465510620983,CG,AK_NK
241,Fvb4,12000001,12050000,50000,*,15008,16178,0.037283641673757,CG,AK_NK
242,Fvb4,12050001,12100000,50000,*,11652,16518,0.00688286575073183,CG,AK_NK
243,Fvb4,12100001,12150000,50000,*,6435,7686,0.256636072064081,CG,AK_NK
244,Fvb4,12150001,12200000,50000,*,13455,14545,0.044116587362134,CG,AK_NK
245,Fvb4,12200001,12250000,50000,*,10000,11752,0.0090945260255888,CG,AK_NK
246,Fvb4,12250001,12300000,50000,*,12192,16051,0.201363217190342,CG,AK_NK
247,Fvb4,12300001,12350000,50000,*,13447,19129,0.107590527026804,CG,AK_NK
248,Fvb4,12350001,12400000,50000,*,13934,14605,0.0431959584572945,CG,AK_NK
249,Fvb4,12400001,12450000,50000,*,11889,12459,0.06168549337132,CG,AK_NK
250,Fvb4,12450001,12500000,50000,*,7904,9503,0.0759693830161949,CG,AK_NK
251,Fvb4,12500001,12550000,50000,*,15963,17054,0.0588664539457796,CG,AK_NK
252,Fvb4,12550001,12600000,50000,*,13572,14687,0.0779881677431904,CG,AK_NK
253,Fvb4,12600001,12650000,50000,*,12854,17841,0.0616036825335893,CG,AK_NK
254,Fvb4,12650001,12700000,50000,*,15211,15809,0.0471688170448982,CG,AK_NK
255,Fvb4,12700001,12750000,50000,*,13545,16308,0.0719563897512792,CG,AK_NK
256,Fvb4,12750001,12800000,50000,*,6769,9983,-0.0540008456447071,CG,AK_NK
257,Fvb4,12800001,12850000,50000,*,11928,12756,0.0339253020606677,CG,AK_NK
258,Fvb4,12850001,12900000,50000,*,14001,15575,0.0454090738806273,CG,AK_NK
259,Fvb4,12900001,12950000,50000,*,12091,13553,0.0264706386524434,CG,AK_NK
260,Fvb4,12950001,13000000,50000,*,11391,14037,0.0565905952655242,CG,AK_NK
261,Fvb4,13000001,13050000,50000,*,10080,11861,0.151488974302692,CG,AK_NK
262,Fvb4,13050001,13100000,50000,*,11100,11887,0.131300938936491,CG,AK_NK
263,Fvb4,13100001,13150000,50000,*,15914,17803,0.0252785010606017,CG,AK_NK
264,Fvb4,13150001,13200000,50000,*,9856,12905,0.175171967412769,CG,AK_NK
265,Fvb4,13200001,13250000,50000,*,9497,11665,0.332279592865598,CG,AK_NK
266,Fvb4,13250001,13300000,50000,*,13736,15965,0.0918377034415173,CG,AK_NK
267,Fvb4,13300001,13350000,50000,*,13535,15892,0.0401995836416422,CG,AK_NK
268,Fvb4,13350001,13400000,50000,*,9814,10486,0.00966086542134847,CG,AK_NK
269,Fvb4,13400001,13450000,50000,*,15352,16345,0.0648015242345519,CG,AK_NK
270,Fvb4,13450001,13500000,50000,*,14355,14944,0.0503237038352957,CG,AK_NK
271,Fvb4,13500001,13550000,50000,*,11841,14378,-0.044879602239095,CG,AK_NK
272,Fvb4,13550001,13600000,50000,*,11950,12894,0.105374801059342,CG,AK_NK
273,Fvb4,13600001,13650000,50000,*,3599,4252,-0.0144027737381981,CG,AK_NK
274,Fvb4,13650001,13700000,50000,*,11607,12660,0.0401293461772494,CG,AK_NK
275,Fvb4,13700001,13750000,50000,*,11644,13387,0.127047997968009,CG,AK_NK
276,Fvb4,13750001,13800000,50000,*,10636,12408,0.0789404987695863,CG,AK_NK
277,Fvb4,13800001,13850000,50000,*,11119,14603,0.0748441034775872,CG,AK_NK
278,Fvb4,13850001,13900000,50000,*,14116,15575,0.0345545286952924,CG,AK_NK
279,Fvb4,13900001,13950000,50000,*,9219,9748,0.0588182765645577,CG,AK_NK
280,Fvb4,13950001,14000000,50000,*,11640,15177,0.0766927225397686,CG,AK_NK
281,Fvb4,14000001,14050000,50000,*,8126,9165,0.0348594031710454,CG,AK_NK
282,Fvb4,14050001,14100000,50000,*,12889,14702,0.0959816900433644,CG,AK_NK
283,Fvb4,14100001,14150000,50000,*,3292,4075,0.228079730028586,CG,AK_NK
284,Fvb4,14150001,14200000,50000,*,7703,10416,0.033828906047714,CG,AK_NK
285,Fvb4,14200001,14250000,50000,*,6264,11579,0.0758284087561062,CG,AK_NK
286,Fvb4,14250001,14300000,50000,*,9850,13319,0.0142582823230768,CG,AK_NK
287,Fvb4,14300001,14350000,50000,*,7003,13100,0.0483537375774161,CG,AK_NK
288,Fvb4,14350001,14400000,50000,*,6376,11986,0.0764206798045842,CG,AK_NK
289,Fvb4,14400001,14450000,50000,*,6909,11382,0.186182755462318,CG,AK_NK
290,Fvb4,14450001,14500000,50000,*,7526,13710,0.165077916350002,CG,AK_NK
291,Fvb4,14500001,14550000,50000,*,6665,12450,0.0574860987287616,CG,AK_NK
292,Fvb4,14550001,14600000,50000,*,5689,13337,0.0495640597439125,CG,AK_NK
293,Fvb4,14600001,14650000,50000,*,8276,11087,0.0707654420015325,CG,AK_NK
294,Fvb4,14650001,14700000,50000,*,6987,8005,0.0863096808921384,CG,AK_NK
295,Fvb4,14700001,14750000,50000,*,1892,2082,0.0801862264361839,CG,AK_NK
296,Fvb4,14750001,14800000,50000,*,3524,3953,0.175370625572801,CG,AK_NK
297,Fvb4,14800001,14850000,50000,*,288,317,0.317027988455601,CG,AK_NK
298,Fvb4,14850001,14900000,50000,*,4909,5387,0.117868946109965,CG,AK_NK
299,Fvb4,14900001,14950000,50000,*,5858,9438,0.0336705103624212,CG,AK_NK
300,Fvb4,14950001,15000000,50000,*,4002,6787,0.0558837792891382,CG,AK_NK
301,Fvb4,15000001,15050000,50000,*,2166,5302,0.102875927291868,CG,AK_NK
302,Fvb4,15050001,15100000,50000,*,5783,11694,0.0468541414711675,CG,AK_NK
303,Fvb4,15100001,15150000,50000,*,6521,10532,0.171058354240309,CG,AK_NK
304,Fvb4,15150001,15200000,50000,*,6135,8074,0.0974412506177927,CG,AK_NK
305,Fvb4,15200001,15250000,50000,*,5578,10783,0.0627945267546262,CG,AK_NK
306,Fvb4,15250001,15300000,50000,*,4816,9447,0.0824317465728653,CG,AK_NK
307,Fvb4,15300001,15350000,50000,*,5889,9779,0.0771131848083991,CG,AK_NK
308,Fvb4,15350001,15400000,50000,*,5271,16573,-0.0171277850457108,CG,AK_NK
309,Fvb4,15400001,15450000,50000,*,8859,10665,0.169420999221984,CG,AK_NK
310,Fvb4,15450001,15500000,50000,*,3687,9894,0.171867530874785,CG,AK_NK
311,Fvb4,15500001,15550000,50000,*,5149,10882,0.084839770330862,CG,AK_NK
312,Fvb4,15550001,15600000,50000,*,3882,10276,-0.102468440736436,CG,AK_NK
313,Fvb4,15600001,15650000,50000,*,6908,10791,0.0581030219636136,CG,AK_NK
314,Fvb4,15650001,15700000,50000,*,4782,13360,-0.008138656446814,CG,AK_NK
315,Fvb4,15700001,15750000,50000,*,6151,14435,0.0518947242116197,CG,AK_NK
316,Fvb4,15750001,15800000,50000,*,8309,12538,0.37571499544728,CG,AK_NK
317,Fvb4,15800001,15850000,50000,*,5226,12282,0.0769825497849836,CG,AK_NK
318,Fvb4,15850001,15900000,50000,*,8753,11881,0.128617010419581,CG,AK_NK
319,Fvb4,15900001,15950000,50000,*,5879,11582,0.027572689588764,CG,AK_NK
320,Fvb4,15950001,16000000,50000,*,6491,9330,0.0640764305608671,CG,AK_NK
321,Fvb4,16000001,16050000,50000,*,4526,12426,0.0708817424462493,CG,AK_NK
322,Fvb4,16050001,16100000,50000,*,7689,9458,0.0906041358748674,CG,AK_NK
323,Fvb4,16100001,16150000,50000,*,7067,13721,0.105058604715594,CG,AK_NK
324,Fvb4,16150001,16200000,50000,*,6810,8925,0.120945774414658,CG,AK_NK
325,Fvb4,16200001,16250000,50000,*,5888,11166,0.0796347811854823,CG,AK_NK
326,Fvb4,16250001,16300000,50000,*,5370,13499,0.0607482159905404,CG,AK_NK
327,Fvb4,16300001,16350000,50000,*,6381,9099,0.0136088760394963,CG,AK_NK
328,Fvb4,16350001,16400000,50000,*,6182,9844,0.0374420600485416,CG,AK_NK
329,Fvb4,16400001,16450000,50000,*,6260,12123,0.0522776906430338,CG,AK_NK
330,Fvb4,16450001,16500000,50000,*,7171,15248,0.0801302727073719,CG,AK_NK
331,Fvb4,16500001,16550000,50000,*,7556,13673,0.105715503311127,CG,AK_NK
332,Fvb4,16550001,16600000,50000,*,6950,13091,0.200706745923163,CG,AK_NK
333,Fvb4,16600001,16650000,50000,*,11716,14893,0.0573278949365356,CG,AK_NK
334,Fvb4,16650001,16700000,50000,*,1764,16517,0.0281642986083173,CG,AK_NK
335,Fvb4,16700001,16750000,50000,*,5435,13356,0.115680589324251,CG,AK_NK
336,Fvb4,16750001,16800000,50000,*,4825,10998,0.0447093722471067,CG,AK_NK
337,Fvb4,16800001,16850000,50000,*,8278,15621,0.166634610121823,CG,AK_NK
338,Fvb4,16850001,16900000,50000,*,5195,13348,0.049333699348627,CG,AK_NK
339,Fvb4,16900001,16950000,50000,*,5995,14166,0.0646229047691437,CG,AK_NK
340,Fvb4,16950001,17000000,50000,*,7889,12924,0.165082277802985,CG,AK_NK
341,Fvb4,17000001,17050000,50000,*,5507,10729,0.0737201394308494,CG,AK_NK
342,Fvb4,17050001,17100000,50000,*,6158,11706,0.0435368547161716,CG,AK_NK
343,Fvb4,17100001,17150000,50000,*,6288,13466,-0.0392730500486834,CG,AK_NK
344,Fvb4,17150001,17200000,50000,*,5947,11720,0.0471086341389397,CG,AK_NK
345,Fvb4,17200001,17250000,50000,*,7112,12868,0.0891798574692423,CG,AK_NK
346,Fvb4,17250001,17300000,50000,*,6158,12346,0.00461555763219501,CG,AK_NK
347,Fvb4,17300001,17350000,50000,*,7761,12248,-0.0503811963719089,CG,AK_NK
348,Fvb4,17350001,17400000,50000,*,5517,14913,0.01090110867587,CG,AK_NK
349,Fvb4,17400001,17450000,50000,*,8064,12453,0.064105117901786,CG,AK_NK
350,Fvb4,17450001,17500000,50000,*,8105,11768,0.130623685854202,CG,AK_NK
351,Fvb4,17500001,17550000,50000,*,6280,18993,0.0733236103960847,CG,AK_NK
352,Fvb4,17550001,17600000,50000,*,7326,14799,0.143803023150031,CG,AK_NK
353,Fvb4,17600001,17650000,50000,*,9464,13849,0.137426486034184,CG,AK_NK
354,Fvb4,17650001,17700000,50000,*,7649,15978,0.0688344113748687,CG,AK_NK
355,Fvb4,17700001,17750000,50000,*,7459,14283,0.00093177211779305,CG,AK_NK
356,Fvb4,17750001,17800000,50000,*,7854,13772,0.083767781226266,CG,AK_NK
357,Fvb4,17800001,17850000,50000,*,6437,14546,0.116962936930489,CG,AK_NK
358,Fvb4,17850001,17900000,50000,*,10284,14570,0.111248055414254,CG,AK_NK
359,Fvb4,17900001,17950000,50000,*,9791,14175,0.10065650692894,CG,AK_NK
360,Fvb4,17950001,18000000,50000,*,5016,9879,0.0764109222366195,CG,AK_NK
361,Fvb4,18000001,18050000,50000,*,8534,13863,0.0990867417764469,CG,AK_NK
362,Fvb4,18050001,18100000,50000,*,7822,12157,-0.00275109753856106,CG,AK_NK
363,Fvb4,18100001,18150000,50000,*,8371,16329,0.121155219542879,CG,AK_NK
364,Fvb4,18150001,18200000,50000,*,4562,13569,-0.00783553863646913,CG,AK_NK
365,Fvb4,18200001,18250000,50000,*,8930,16885,0.107105677212343,CG,AK_NK
366,Fvb4,18250001,18300000,50000,*,9155,11702,0.466199841179318,CG,AK_NK
367,Fvb4,18300001,18350000,50000,*,7340,16386,0.0747408855413447,CG,AK_NK
368,Fvb4,18350001,18400000,50000,*,3235,12680,0.0740520612069771,CG,AK_NK
369,Fvb4,18400001,18450000,50000,*,5945,13912,0.0431654097421755,CG,AK_NK
370,Fvb4,18450001,18500000,50000,*,6889,16991,0.0479598195058528,CG,AK_NK
371,Fvb4,18500001,18550000,50000,*,3803,14191,0.0511572775110706,CG,AK_NK
372,Fvb4,18550001,18600000,50000,*,7698,14183,0.164072292999622,CG,AK_NK
373,Fvb4,18600001,18650000,50000,*,6490,14931,0.0693004620547178,CG,AK_NK
374,Fvb4,18650001,18700000,50000,*,4912,11356,0.060084468339398,CG,AK_NK
375,Fvb4,18700001,18750000,50000,*,8864,16223,0.085042862688344,CG,AK_NK
376,Fvb4,18750001,18800000,50000,*,8155,13158,0.0845885534112067,CG,AK_NK
377,Fvb4,18800001,18850000,50000,*,8043,15297,0.0451173514341696,CG,AK_NK
378,Fvb4,18850001,18900000,50000,*,8784,13526,0.173217280108244,CG,AK_NK
379,Fvb4,18900001,18950000,50000,*,7352,9576,0.114191884260602,CG,AK_NK
380,Fvb4,18950001,19000000,50000,*,4941,7986,0.0538392588277815,CG,AK_NK
381,Fvb4,19000001,19050000,50000,*,9130,12521,0.102169233677129,CG,AK_NK
382,Fvb4,19050001,19100000,50000,*,5804,16819,-0.00260169723072567,CG,AK_NK
383,Fvb4,19100001,19150000,50000,*,4351,11120,0.104197670635124,CG,AK_NK
384,Fvb4,19150001,19200000,50000,*,14760,16249,0.0579691768808209,CG,AK_NK
385,Fvb4,19200001,19250000,50000,*,8770,12660,0.0709583163077119,CG,AK_NK
386,Fvb4,19250001,19300000,50000,*,9469,13460,0.0597879966805641,CG,AK_NK
387,Fvb4,19300001,19350000,50000,*,10587,11771,0.078150996556292,CG,AK_NK
388,Fvb4,19350001,19400000,50000,*,10931,12028,0.0040418602791662,CG,AK_NK
389,Fvb4,19400001,19450000,50000,*,13193,15764,0.019752573544407,CG,AK_NK
390,Fvb4,19450001,19500000,50000,*,8976,12778,0.11015805856239,CG,AK_NK
391,Fvb4,19500001,19550000,50000,*,8115,11249,0.12821682246589,CG,AK_NK
392,Fvb4,19550001,19600000,50000,*,7211,10782,0.212213190836912,CG,AK_NK
393,Fvb4,19600001,19650000,50000,*,7051,13425,0.0211836421688523,CG,AK_NK
394,Fvb4,19650001,19700000,50000,*,4811,9159,0.0751373475748563,CG,AK_NK
395,Fvb4,19700001,19750000,50000,*,10383,11027,0.0289728960732747,CG,AK_NK
396,Fvb4,19750001,19800000,50000,*,7848,14928,0.021030857172266,CG,AK_NK
397,Fvb4,19800001,19850000,50000,*,8197,12840,0.162279895618003,CG,AK_NK
398,Fvb4,19850001,19900000,50000,*,9633,14209,0.0102856603149258,CG,AK_NK
399,Fvb4,19900001,19950000,50000,*,11199,15741,0.399013820663608,CG,AK_NK
400,Fvb4,19950001,20000000,50000,*,7102,20103,0.00470439047948296,CG,AK_NK
401,Fvb4,20000001,20050000,50000,*,12712,15649,0.0937193221609065,CG,AK_NK
402,Fvb4,20050001,20100000,50000,*,10236,11860,0.112339212958974,CG,AK_NK
403,Fvb4,20100001,20150000,50000,*,9113,9663,0.0576564163445432,CG,AK_NK
404,Fvb4,20150001,20200000,50000,*,11757,13203,0.111801192401017,CG,AK_NK
405,Fvb4,20200001,20250000,50000,*,10077,13972,0.0774410835664775,CG,AK_NK
406,Fvb4,20250001,20300000,50000,*,14035,19422,0.078737355211402,CG,AK_NK
407,Fvb4,20300001,20350000,50000,*,9281,13393,0.112411594423025,CG,AK_NK
408,Fvb4,20350001,20400000,50000,*,5317,12371,0.0757774404610197,CG,AK_NK
409,Fvb4,20400001,20450000,50000,*,6750,14493,0.0799048366881989,CG,AK_NK
410,Fvb4,20450001,20500000,50000,*,8501,11795,0.202342107546312,CG,AK_NK
411,Fvb4,20500001,20550000,50000,*,6228,11521,-0.00855419534896151,CG,AK_NK
412,Fvb4,20550001,20600000,50000,*,8290,11786,0.0697771996630748,CG,AK_NK
413,Fvb4,20600001,20650000,50000,*,9638,15484,0.0671915825153591,CG,AK_NK
414,Fvb4,20650001,20700000,50000,*,5459,8279,0.091977370269257,CG,AK_NK
415,Fvb4,20700001,20750000,50000,*,6154,9690,0.0797709915197654,CG,AK_NK
416,Fvb4,20750001,20800000,50000,*,10681,13672,0.0915370579643467,CG,AK_NK
417,Fvb4,20800001,20850000,50000,*,8258,10027,0.102762052222191,CG,AK_NK
418,Fvb4,20850001,20900000,50000,*,5682,17484,0.0344760605842381,CG,AK_NK
419,Fvb4,20900001,20950000,50000,*,10285,13365,0.070944530691703,CG,AK_NK
420,Fvb4,20950001,21000000,50000,*,7104,11064,0.106375825930424,CG,AK_NK
421,Fvb4,21000001,21050000,50000,*,8141,11392,0.0563753049258462,CG,AK_NK
422,Fvb4,21050001,21100000,50000,*,5932,12959,0.0465274662376837,CG,AK_NK
423,Fvb4,21100001,21150000,50000,*,7937,11081,0.0519816889817919,CG,AK_NK
424,Fvb4,21150001,21200000,50000,*,6964,11632,0.138418469052537,CG,AK_NK
425,Fvb4,21200001,21250000,50000,*,6621,13157,0.0326929579564963,CG,AK_NK
426,Fvb4,21250001,21300000,50000,*,7545,12766,0.0969664419439937,CG,AK_NK
427,Fvb4,21300001,21350000,50000,*,9648,12235,0.0461387781923525,CG,AK_NK
428,Fvb4,21350001,21400000,50000,*,6874,11717,0.197093612897465,CG,AK_NK
429,Fvb4,21400001,21450000,50000,*,7597,15358,0.0624889463329966,CG,AK_NK
430,Fvb4,21450001,21500000,50000,*,5156,14049,0.0038997181404723,CG,AK_NK
431,Fvb4,21500001,21550000,50000,*,5760,14528,0.0318512649962563,CG,AK_NK
432,Fvb4,21550001,21600000,50000,*,7216,10218,0.121623347100001,CG,AK_NK
433,Fvb4,21600001,21650000,50000,*,11486,15036,0.160200953479381,CG,AK_NK
434,Fvb4,21650001,21700000,50000,*,6136,12278,0.152323978934478,CG,AK_NK
435,Fvb4,21700001,21750000,50000,*,11251,15413,0.0666406825226272,CG,AK_NK
436,Fvb4,21750001,21800000,50000,*,7762,11475,0.185195468634078,CG,AK_NK
437,Fvb4,21800001,21850000,50000,*,8149,14994,0.084104663119784,CG,AK_NK
438,Fvb4,21850001,21900000,50000,*,5487,14366,0.0413591651754233,CG,AK_NK
439,Fvb4,21900001,21950000,50000,*,9713,15646,0.0577437965637305,CG,AK_NK
440,Fvb4,21950001,22000000,50000,*,7101,17493,0.0686659067378098,CG,AK_NK
441,Fvb4,22000001,22050000,50000,*,6899,12922,-0.0593298293552305,CG,AK_NK
442,Fvb4,22050001,22100000,50000,*,5270,9505,-0.0171614467839237,CG,AK_NK
443,Fvb4,22100001,22150000,50000,*,7997,11216,0.0443732764466842,CG,AK_NK
444,Fvb4,22150001,22200000,50000,*,6988,15902,0.0761585943356636,CG,AK_NK
445,Fvb4,22200001,22250000,50000,*,4950,16679,0.0437709397143713,CG,AK_NK
446,Fvb4,22250001,22300000,50000,*,5037,17840,0.0527309160603229,CG,AK_NK
447,Fvb4,22300001,22350000,50000,*,5763,19500,0.110841558744038,CG,AK_NK
448,Fvb4,22350001,22400000,50000,*,6509,15815,0.103434279056827,CG,AK_NK
449,Fvb4,22400001,22450000,50000,*,10287,16197,0.344862444993358,CG,AK_NK
450,Fvb4,22450001,22500000,50000,*,7347,20860,0.0908396157306742,CG,AK_NK
451,Fvb4,22500001,22550000,50000,*,7616,13238,0.0772997986231255,CG,AK_NK
452,Fvb4,22550001,22600000,50000,*,3395,18298,0.0485617889069151,CG,AK_NK
453,Fvb4,22600001,22650000,50000,*,5376,17405,0.0746122021637681,CG,AK_NK
454,Fvb4,22650001,22700000,50000,*,6635,14895,0.0442653624030011,CG,AK_NK
455,Fvb4,22700001,22750000,50000,*,8455,15586,0.0651741821132498,CG,AK_NK
456,Fvb4,22750001,22800000,50000,*,4303,12294,0.0764853732586469,CG,AK_NK
457,Fvb4,22800001,22850000,50000,*,9436,12231,0.0906663089669073,CG,AK_NK
458,Fvb4,22850001,22900000,50000,*,9162,15545,0.170115773799236,CG,AK_NK
459,Fvb4,22900001,22950000,50000,*,6582,16742,0.046432300247231,CG,AK_NK
460,Fvb4,22950001,23000000,50000,*,7421,14847,0.169647392857628,CG,AK_NK
461,Fvb4,23000001,23050000,50000,*,7407,16919,0.0548768822492802,CG,AK_NK
462,Fvb4,23050001,23100000,50000,*,7782,15265,0.0573698228798158,CG,AK_NK
463,Fvb4,23100001,23150000,50000,*,9078,12322,0.0937064311624021,CG,AK_NK
464,Fvb4,23150001,23200000,50000,*,4394,15968,0.0275997247063239,CG,AK_NK
465,Fvb4,23200001,23250000,50000,*,6100,14382,0.0408092182584128,CG,AK_NK
466,Fvb4,23250001,23300000,50000,*,4371,16751,0.0349704303467223,CG,AK_NK
467,Fvb4,23300001,23350000,50000,*,4692,14759,0.105766819389408,CG,AK_NK
468,Fvb4,23350001,23400000,50000,*,3296,17700,0.0875262225243734,CG,AK_NK
469,Fvb4,23400001,23450000,50000,*,6120,13555,0.107166618019492,CG,AK_NK
470,Fvb4,23450001,23500000,50000,*,5567,10782,0.076005477235183,CG,AK_NK
471,Fvb4,23500001,23550000,50000,*,8024,11835,0.0153601238506421,CG,AK_NK
472,Fvb4,23550001,23600000,50000,*,3917,17169,0.0286355398356666,CG,AK_NK
473,Fvb4,23600001,23650000,50000,*,6306,12425,0.0425773763688748,CG,AK_NK
474,Fvb4,23650001,23700000,50000,*,5961,13071,0.0247283373290716,CG,AK_NK
475,Fvb4,23700001,23750000,50000,*,5667,15405,0.0792399537192797,CG,AK_NK
476,Fvb4,23750001,23800000,50000,*,5701,11675,0.0898590510065491,CG,AK_NK
477,Fvb4,23800001,23850000,50000,*,5049,14560,0.00837940174012836,CG,AK_NK
478,Fvb4,23850001,23900000,50000,*,3402,16740,0.0234170017265322,CG,AK_NK
479,Fvb4,23900001,23950000,50000,*,7761,13282,0.0724882704417228,CG,AK_NK
480,Fvb4,23950001,24000000,50000,*,15180,16624,-4.00154496538185e-07,CG,AK_NK
481,Fvb4,24000001,24050000,50000,*,5882,14374,0.080635399073748,CG,AK_NK
482,Fvb4,24050001,24100000,50000,*,6513,13077,0.101578126134247,CG,AK_NK
483,Fvb4,24100001,24150000,50000,*,9267,10167,0.0748647882722471,CG,AK_NK
484,Fvb4,24150001,24200000,50000,*,6859,14848,0.0822017850868326,CG,AK_NK
485,Fvb4,24200001,24250000,50000,*,7692,14576,0.199214037767966,CG,AK_NK
486,Fvb4,24250001,24300000,50000,*,6086,15937,0.0581422428226369,CG,AK_NK
487,Fvb4,24300001,24350000,50000,*,6518,16902,0.06658117539312,CG,AK_NK
488,Fvb4,24350001,24400000,50000,*,5069,15401,0.052952119403886,CG,AK_NK
489,Fvb4,24400001,24450000,50000,*,4909,11543,0.108824878687614,CG,AK_NK
490,Fvb4,24450001,24500000,50000,*,5453,9247,0.10053440812634,CG,AK_NK
491,Fvb4,24500001,24550000,50000,*,5193,11460,0.0429757535073517,CG,AK_NK
492,Fvb4,24550001,24600000,50000,*,4791,18240,0.0310538967611336,CG,AK_NK
493,Fvb4,24600001,24650000,50000,*,8918,15068,0.126688988413814,CG,AK_NK
494,Fvb4,24650001,24700000,50000,*,3716,11688,0.0455711136104892,CG,AK_NK
495,Fvb4,24700001,24750000,50000,*,6592,11954,0.0637633907921542,CG,AK_NK
496,Fvb4,24750001,24800000,50000,*,4597,11882,0.0329602829407714,CG,AK_NK
497,Fvb4,24800001,24850000,50000,*,7829,12922,0.0983751074061724,CG,AK_NK
498,Fvb4,24850001,24900000,50000,*,4465,16579,0.059975906585232,CG,AK_NK
499,Fvb4,24900001,24950000,50000,*,6176,15292,0.0688005156542137,CG,AK_NK
500,Fvb4,24950001,25000000,50000,*,2680,4902,0.108563283392467,CG,AK_NK
501,Fvb4,25000001,25050000,50000,*,3256,20199,0.0287213006956985,CG,AK_NK
502,Fvb4,25050001,25100000,50000,*,5088,14975,0.0793056387518905,CG,AK_NK
503,Fvb4,25100001,25150000,50000,*,3126,11742,0.00900019386662493,CG,AK_NK
504,Fvb4,25150001,25200000,50000,*,3650,8765,-0.0139979347657821,CG,AK_NK
505,Fvb4,25200001,25250000,50000,*,7291,16033,0.0643325426135569,CG,AK_NK
506,Fvb4,25250001,25300000,50000,*,3393,15348,0.0514618873961998,CG,AK_NK
507,Fvb4,25300001,25350000,50000,*,5793,14178,0.0817307709868295,CG,AK_NK
508,Fvb4,25350001,25400000,50000,*,5141,18824,0.0218729729125193,CG,AK_NK
509,Fvb4,25400001,25450000,50000,*,5337,11110,0.0800140705608322,CG,AK_NK
510,Fvb4,25450001,25500000,50000,*,3633,17367,0.0256860064881849,CG,AK_NK
511,Fvb4,25500001,25550000,50000,*,6063,14013,0.165907211776257,CG,AK_NK
512,Fvb4,25550001,25600000,50000,*,3443,15192,0.0648112184093726,CG,AK_NK
513,Fvb4,25600001,25650000,50000,*,3265,19206,0.0351165886326125,CG,AK_NK
514,Fvb4,25650001,25700000,50000,*,4079,17498,-0.013309503489715,CG,AK_NK
515,Fvb4,25700001,25750000,50000,*,2369,19536,0.0267370273043752,CG,AK_NK
516,Fvb4,25750001,25800000,50000,*,7700,13556,0.126287544765014,CG,AK_NK
517,Fvb4,25800001,25850000,50000,*,6692,14298,0.142170608525771,CG,AK_NK
518,Fvb4,25850001,25900000,50000,*,4826,12998,0.176332045511291,CG,AK_NK
519,Fvb4,25900001,25950000,50000,*,3652,13481,0.0388214353600702,CG,AK_NK
520,Fvb4,25950001,26000000,50000,*,5257,13224,0.0566373025684013,CG,AK_NK
521,Fvb4,26000001,26050000,50000,*,4773,15167,0.0384602179377104,CG,AK_NK
522,Fvb4,26050001,26100000,50000,*,8719,17945,0.103524554642618,CG,AK_NK
523,Fvb4,26100001,26150000,50000,*,2326,17874,0.0166199627116055,CG,AK_NK
524,Fvb4,26150001,26200000,50000,*,4255,18324,0.0494263637614411,CG,AK_NK
525,Fvb4,26200001,26250000,50000,*,4672,13823,0.0812041206023324,CG,AK_NK
526,Fvb4,26250001,26300000,50000,*,6608,17572,0.0473893551646031,CG,AK_NK
527,Fvb4,26300001,26350000,50000,*,2964,14211,0.0424996026440828,CG,AK_NK
528,Fvb4,26350001,26400000,50000,*,8115,14791,0.103024342172315,CG,AK_NK
529,Fvb4,26400001,26450000,50000,*,7045,16378,0.207262405334238,CG,AK_NK
530,Fvb4,26450001,26500000,50000,*,5913,12561,0.0473900489680175,CG,AK_NK
531,Fvb4,26500001,26550000,50000,*,7011,15221,0.0504531596238816,CG,AK_NK
532,Fvb4,26550001,26600000,50000,*,4653,13911,-0.00915383761441135,CG,AK_NK
533,Fvb4,26600001,26650000,50000,*,6197,15583,0.121387110109648,CG,AK_NK
534,Fvb4,26650001,26700000,50000,*,6089,12709,0.111704866067916,CG,AK_NK
535,Fvb4,26700001,26750000,50000,*,4830,11713,0.175614708375093,CG,AK_NK
536,Fvb4,26750001,26800000,50000,*,7267,20652,0.107611723616127,CG,AK_NK
537,Fvb4,26800001,26850000,50000,*,5231,18776,0.102391297834474,CG,AK_NK
538,Fvb4,26850001,26900000,50000,*,5488,11020,0.0986652015674188,CG,AK_NK
539,Fvb4,26900001,26950000,50000,*,7238,13233,0.254743802875727,CG,AK_NK
540,Fvb4,26950001,27000000,50000,*,4923,15959,0.110107952965384,CG,AK_NK
541,Fvb4,27000001,27050000,50000,*,3599,19939,0.0283278108491405,CG,AK_NK
542,Fvb4,27050001,27100000,50000,*,4230,15206,0.0400468026137434,CG,AK_NK
543,Fvb4,27100001,27150000,50000,*,3770,15121,0.0178606516980923,CG,AK_NK
544,Fvb4,27150001,27200000,50000,*,3697,17374,0.016892273089092,CG,AK_NK
545,Fvb4,27200001,27250000,50000,*,5405,16045,0.04197455605016,CG,AK_NK
546,Fvb4,27250001,27300000,50000,*,3911,20631,0.0232245059543099,CG,AK_NK
547,Fvb4,27300001,27350000,50000,*,5193,9736,0.113185146066033,CG,AK_NK
548,Fvb4,27350001,27400000,50000,*,3409,18086,0.050694906287591,CG,AK_NK
549,Fvb4,27400001,27450000,50000,*,7306,17856,0.189162186379928,CG,AK_NK
550,Fvb4,27450001,27500000,50000,*,3863,16660,-0.00659041027382365,CG,AK_NK
551,Fvb4,27500001,27550000,50000,*,5961,17829,0.0909674399220204,CG,AK_NK
552,Fvb4,27550001,27600000,50000,*,7997,16392,0.114381670804422,CG,AK_NK
553,Fvb4,27600001,27650000,50000,*,5556,17736,-0.0262335664172279,CG,AK_NK
554,Fvb4,27650001,27700000,50000,*,3928,16107,0.0499206193051176,CG,AK_NK
555,Fvb4,27700001,27750000,50000,*,5898,16008,-0.00530812883341364,CG,AK_NK
556,Fvb4,27750001,27800000,50000,*,3360,16031,0.0144752223943575,CG,AK_NK
557,Fvb4,27800001,27850000,50000,*,5730,11210,0.0874153496912498,CG,AK_NK
558,Fvb4,27850001,27900000,50000,*,3337,18664,0.0365004926375021,CG,AK_NK
559,Fvb4,27900001,27950000,50000,*,4727,14169,0.0523524105838528,CG,AK_NK
560,Fvb4,27950001,28000000,50000,*,5783,19210,-0.020461406648679,CG,AK_NK
561,Fvb4,28000001,28050000,50000,*,4126,16252,0.0187606797134764,CG,AK_NK
562,Fvb4,28050001,28100000,50000,*,2026,10374,0.0334765971738261,CG,AK_NK
563,Fvb4,28100001,28150000,50000,*,1724,9518,0.071250971526366,CG,AK_NK
564,Fvb4,28150001,28200000,50000,*,4933,19771,0.0336615995196309,CG,AK_NK
565,Fvb4,28200001,28250000,50000,*,5494,17043,0.124653126890791,CG,AK_NK
566,Fvb4,28250001,28300000,50000,*,11045,14727,0.279212380067818,CG,AK_NK
567,Fvb4,28300001,28350000,50000,*,3553,20681,0.0553227843930803,CG,AK_NK
568,Fvb4,28350001,28400000,50000,*,1903,17639,-0.00798356178051117,CG,AK_NK
569,Fvb4,28400001,28450000,50000,*,3239,19819,0.0320668238229677,CG,AK_NK
570,Fvb4,28450001,28500000,50000,*,3976,18522,0.0264717613162526,CG,AK_NK
571,Fvb4,28500001,28550000,50000,*,5351,18747,0.0471107714732094,CG,AK_NK
572,Fvb4,28550001,28600000,50000,*,5208,17638,0.0918676213005403,CG,AK_NK
573,Fvb4,28600001,28650000,50000,*,4938,16647,0.00978288096114199,CG,AK_NK
574,Fvb4,28650001,28700000,50000,*,5569,12394,0.0643298303014887,CG,AK_NK
575,Fvb4,28700001,28750000,50000,*,4101,9806,-0.0661729038526578,CG,AK_NK
576,Fvb4,28750001,28800000,50000,*,3901,15974,0.0329376846533838,CG,AK_NK
577,Fvb4,28800001,28850000,50000,*,4919,24736,0.0288866120637246,CG,AK_NK
578,Fvb4,28850001,28900000,50000,*,3714,19204,0.0366684936264359,CG,AK_NK
579,Fvb4,28900001,28950000,50000,*,5330,13470,-0.0365390697768712,CG,AK_NK
580,Fvb4,28950001,29000000,50000,*,5830,13241,0.0903705074887247,CG,AK_NK
581,Fvb4,29000001,29050000,50000,*,4282,12835,0.098462614189214,CG,AK_NK
582,Fvb4,29050001,29100000,50000,*,4124,13605,0.0265962420392822,CG,AK_NK
583,Fvb4,29100001,29150000,50000,*,4131,17659,0.0440731428127104,CG,AK_NK
584,Fvb4,29150001,29200000,50000,*,10093,15499,0.240465840312088,CG,AK_NK
585,Fvb4,29200001,29250000,50000,*,4604,16582,0.0544130356393996,CG,AK_NK
586,Fvb4,29250001,29300000,50000,*,6091,14832,0.0492523045220512,CG,AK_NK
587,Fvb4,29300001,29350000,50000,*,4864,12697,0.0701654605011203,CG,AK_NK
588,Fvb4,29350001,29400000,50000,*,4836,17559,0.089746565001049,CG,AK_NK
589,Fvb4,29400001,29450000,50000,*,4538,18121,0.0657546560684181,CG,AK_NK
590,Fvb4,29450001,29500000,50000,*,4435,13736,0.0814277666024577,CG,AK_NK
591,Fvb4,29500001,29550000,50000,*,3077,14854,0.00469180487859808,CG,AK_NK
592,Fvb4,29550001,29600000,50000,*,1938,12309,0.027802019344084,CG,AK_NK
593,Fvb4,29600001,29650000,50000,*,5565,14323,0.029919820114478,CG,AK_NK
594,Fvb4,29650001,29700000,50000,*,2493,15703,0.0640581516323814,CG,AK_NK
595,Fvb4,29700001,29750000,50000,*,6813,18387,0.0665611629753055,CG,AK_NK
596,Fvb4,29750001,29800000,50000,*,4016,15413,0.0232289818214551,CG,AK_NK
597,Fvb4,29800001,29850000,50000,*,3817,14517,-0.0263685726844006,CG,AK_NK
598,Fvb4,29850001,29900000,50000,*,5384,15498,0.0602131306356659,CG,AK_NK
599,Fvb4,29900001,29950000,50000,*,3240,15216,0.0324773739370084,CG,AK_NK
600,Fvb4,29950001,30000000,50000,*,6559,14174,0.235724712820002,CG,AK_NK
601,Fvb4,30000001,30050000,50000,*,2577,16758,0.0278824277721068,CG,AK_NK
602,Fvb4,30050001,30100000,50000,*,3955,17948,0.03088822611728,CG,AK_NK
603,Fvb4,30100001,30150000,50000,*,6231,17561,0.0685302679781636,CG,AK_NK
604,Fvb4,30150001,30200000,50000,*,8723,16187,0.194341347502174,CG,AK_NK
605,Fvb4,30200001,30250000,50000,*,5907,18412,0.0878306588457458,CG,AK_NK
606,Fvb4,30250001,30300000,50000,*,3334,15726,-0.0369493825857441,CG,AK_NK
607,Fvb4,30300001,30350000,50000,*,1118,16474,-0.0112668062071383,CG,AK_NK
608,Fvb4,30350001,30400000,50000,*,3998,16758,0.0559724146003614,CG,AK_NK
609,Fvb4,30400001,30450000,50000,*,5708,15837,0.168613164345016,CG,AK_NK
610,Fvb4,30450001,30500000,50000,*,6235,15436,0.141378643095093,CG,AK_NK
611,Fvb4,30500001,30550000,50000,*,2383,19153,0.00965813603869645,CG,AK_NK
612,Fvb4,30550001,30600000,50000,*,3243,16895,-0.0105513646713494,CG,AK_NK
613,Fvb4,30600001,30650000,50000,*,4187,17919,0.0675746677311144,CG,AK_NK
614,Fvb4,30650001,30700000,50000,*,3310,16702,0.0317282457963311,CG,AK_NK
615,Fvb4,30700001,30750000,50000,*,2642,16675,0.0365615677495954,CG,AK_NK
616,Fvb4,30750001,30800000,50000,*,3639,16913,0.0712746089392465,CG,AK_NK
617,Fvb4,30800001,30850000,50000,*,6473,13791,0.0616101875838305,CG,AK_NK
618,Fvb4,30850001,30900000,50000,*,2426,21997,0.0426002950336175,CG,AK_NK
619,Fvb4,30900001,30950000,50000,*,3820,20520,0.0340681535101683,CG,AK_NK
620,Fvb4,30950001,31000000,50000,*,3246,20135,0.0140987466011276,CG,AK_NK
621,Fvb4,31000001,31050000,50000,*,3105,16386,0.0192526147830129,CG,AK_NK
622,Fvb4,31050001,31100000,50000,*,2770,20974,0.0625794571157779,CG,AK_NK
623,Fvb4,31100001,31150000,50000,*,12251,15483,0.0992928678415561,CG,AK_NK
624,Fvb4,31150001,31200000,50000,*,4242,12388,0.0478767821540623,CG,AK_NK
625,Fvb4,31200001,31250000,50000,*,3033,18802,0.0147625054310973,CG,AK_NK
626,Fvb4,31250001,31300000,50000,*,3293,20788,0.0545260996826714,CG,AK_NK
627,Fvb4,31300001,31350000,50000,*,2814,19392,0.0569039282548357,CG,AK_NK
628,Fvb4,31350001,31400000,50000,*,2411,13970,0.0291326950899241,CG,AK_NK
629,Fvb4,31400001,31450000,50000,*,3533,18322,-0.00839907185514074,CG,AK_NK
630,Fvb4,31450001,31500000,50000,*,3496,16083,0.0911207482105169,CG,AK_NK
631,Fvb4,31500001,31550000,50000,*,6014,18977,0.0591809142911096,CG,AK_NK
632,Fvb4,31550001,31600000,50000,*,3867,11743,0.0977620834690379,CG,AK_NK
633,Fvb4,31600001,31650000,50000,*,4276,13145,0.0440771276306109,CG,AK_NK
634,Fvb4,31650001,31700000,50000,*,3169,11354,-0.0575347298694767,CG,AK_NK
635,Fvb4,31700001,31750000,50000,*,6204,14283,0.0549567068345396,CG,AK_NK
636,Fvb4,31750001,31800000,50000,*,5765,14920,0.0421128035768302,CG,AK_NK
637,Fvb4,31800001,31850000,50000,*,3954,22202,0.0457275704551786,CG,AK_NK
638,Fvb4,31850001,31900000,50000,*,4187,14068,0.174300401781101,CG,AK_NK
639,Fvb4,31900001,31950000,50000,*,6522,14242,0.0208808221794415,CG,AK_NK
640,Fvb4,31950001,32000000,50000,*,6343,21253,0.214499531540657,CG,AK_NK
641,Fvb4,32000001,32050000,50000,*,5385,17884,0.0783036376640543,CG,AK_NK
642,Fvb4,32050001,32100000,50000,*,5201,19090,0.0295412790340376,CG,AK_NK
643,Fvb4,32100001,32150000,50000,*,4267,16937,0.0707628877634985,CG,AK_NK
644,Fvb4,32150001,32200000,50000,*,5433,18267,0.212636533169205,CG,AK_NK
645,Fvb4,32200001,32250000,50000,*,1975,17796,0.026872389627339,CG,AK_NK
646,Fvb4,32250001,32300000,50000,*,4438,17007,0.0373336452320107,CG,AK_NK
647,Fvb4,32300001,32350000,50000,*,2884,17503,-0.000866172135138177,CG,AK_NK
648,Fvb4,32350001,32400000,50000,*,5085,15445,0.0200369446065556,CG,AK_NK
649,Fvb4,32400001,32450000,50000,*,3422,12047,0.111367377658624,CG,AK_NK
650,Fvb4,32450001,32500000,50000,*,3339,17556,0.00786794165876348,CG,AK_NK
651,Fvb4,32500001,32550000,50000,*,5345,16981,-0.0100532489763646,CG,AK_NK
652,Fvb4,32550001,32600000,50000,*,4307,22071,0.103787348545358,CG,AK_NK
653,Fvb4,32600001,32650000,50000,*,5211,18736,0.0866305090477574,CG,AK_NK
654,Fvb4,32650001,32700000,50000,*,10325,26254,0.120383415595078,CG,AK_NK
655,Fvb4,32700001,32750000,50000,*,9543,19820,0.113177638604999,CG,AK_NK
656,Fvb4,32750001,32800000,50000,*,4746,16452,0.0791492827452768,CG,AK_NK
657,Fvb4,32800001,32850000,50000,*,2720,14932,0.0349269979777484,CG,AK_NK
658,Fvb4,32850001,32900000,50000,*,2694,11250,-0.206148873501236,CG,AK_NK
659,Fvb4,32900001,32950000,50000,*,2542,18284,-0.0219705707319822,CG,AK_NK
660,Fvb4,32950001,33000000,50000,*,3150,21109,0.0473326835767608,CG,AK_NK
661,Fvb4,33000001,33050000,50000,*,3256,15282,0.0360292909258764,CG,AK_NK
662,Fvb4,33050001,33100000,50000,*,3404,18280,0.0666911332153724,CG,AK_NK
663,Fvb4,33100001,33150000,50000,*,4653,15123,0.037262544220512,CG,AK_NK
664,Fvb4,33150001,33200000,50000,*,1694,14182,-0.0147177274874023,CG,AK_NK
665,Fvb4,33200001,33250000,50000,*,301,7427,-0.0573104368167219,CG,AK_NK
666,Fvb4,33250001,33300000,50000,*,2488,6919,0.0457433822139705,CG,AK_NK
667,Fvb4,33300001,33350000,50000,*,4643,15459,0.0821021016164622,CG,AK_NK
668,Fvb4,33350001,33400000,50000,*,2908,14689,0.0881677615098308,CG,AK_NK
669,Fvb4,33400001,33450000,50000,*,4886,12964,0.0717081529843696,CG,AK_NK
670,Fvb4,33450001,33500000,50000,*,4756,16214,0.0460333073630224,CG,AK_NK
671,Fvb4,33500001,33550000,50000,*,6509,14507,0.0417802094319198,CG,AK_NK
672,Fvb4,33550001,33600000,50000,*,6190,14564,0.0884873521805852,CG,AK_NK
673,Fvb4,33600001,33650000,50000,*,8372,14902,0.108668439980831,CG,AK_NK
674,Fvb4,33650001,33700000,50000,*,4515,17990,0.027143922028275,CG,AK_NK
675,Fvb4,33700001,33750000,50000,*,5183,16200,0.0537161449827256,CG,AK_NK
676,Fvb4,33750001,33800000,50000,*,10196,16718,0.173275856616118,CG,AK_NK
677,Fvb4,33800001,33850000,50000,*,4939,19618,0.0153123784349194,CG,AK_NK
678,Fvb4,33850001,33900000,50000,*,9449,15495,0.166077799025528,CG,AK_NK
