,seqnames,start,end,width,strand,sumReadsM,sumReadsN,Propdiff.CHH.Fvb7,context,group
1,Fvb7,1,50000,50000,*,55,367,-0.00471037227412993,CHH,AK_FK
2,Fvb7,50001,100000,50000,*,0,0,NA,CHH,AK_FK
3,Fvb7,100001,150000,50000,*,0,0,NA,CHH,AK_FK
4,Fvb7,150001,200000,50000,*,0,0,NA,CHH,AK_FK
5,Fvb7,200001,250000,50000,*,0,0,NA,CHH,AK_FK
6,Fvb7,250001,300000,50000,*,0,0,NA,CHH,AK_FK
7,Fvb7,300001,350000,50000,*,0,0,NA,CHH,AK_FK
8,Fvb7,350001,400000,50000,*,0,0,NA,CHH,AK_FK
9,Fvb7,400001,450000,50000,*,0,0,NA,CHH,AK_FK
10,Fvb7,450001,500000,50000,*,0,0,NA,CHH,AK_FK
11,Fvb7,500001,550000,50000,*,0,0,NA,CHH,AK_FK
12,Fvb7,550001,600000,50000,*,9,62,NA,CHH,AK_FK
13,Fvb7,600001,650000,50000,*,6600,70951,-0.00601356763854821,CHH,AK_FK
14,Fvb7,650001,700000,50000,*,4168,80994,-0.00418347908489615,CHH,AK_FK
15,Fvb7,700001,750000,50000,*,4287,53941,-0.011489432244363,CHH,AK_FK
16,Fvb7,750001,800000,50000,*,2894,93879,-0.00771522767108107,CHH,AK_FK
17,Fvb7,800001,850000,50000,*,5191,68972,-0.0245784148459614,CHH,AK_FK
18,Fvb7,850001,900000,50000,*,3033,56826,-0.0117928875505582,CHH,AK_FK
19,Fvb7,900001,950000,50000,*,4206,64440,-0.0201088919123134,CHH,AK_FK
20,Fvb7,950001,1000000,50000,*,4954,57189,-0.00609947477127246,CHH,AK_FK
21,Fvb7,1000001,1050000,50000,*,4662,74892,-0.0125248966336821,CHH,AK_FK
22,Fvb7,1050001,1100000,50000,*,4013,56523,-0.0156184528531578,CHH,AK_FK
23,Fvb7,1100001,1150000,50000,*,4049,87946,-0.00610139622490754,CHH,AK_FK
24,Fvb7,1150001,1200000,50000,*,2917,93835,-0.0145473036419415,CHH,AK_FK
25,Fvb7,1200001,1250000,50000,*,3792,51064,-0.0240066925574429,CHH,AK_FK
26,Fvb7,1250001,1300000,50000,*,7183,68904,0.0186041367536261,CHH,AK_FK
27,Fvb7,1300001,1350000,50000,*,3639,79930,-0.0125680628505119,CHH,AK_FK
28,Fvb7,1350001,1400000,50000,*,3760,77457,-0.00824156125257159,CHH,AK_FK
29,Fvb7,1400001,1450000,50000,*,2745,83674,-0.00589544958578704,CHH,AK_FK
30,Fvb7,1450001,1500000,50000,*,3196,67629,-0.00919806109111437,CHH,AK_FK
31,Fvb7,1500001,1550000,50000,*,3072,82518,-0.00420906963202158,CHH,AK_FK
32,Fvb7,1550001,1600000,50000,*,2800,94692,-0.0143797003446817,CHH,AK_FK
33,Fvb7,1600001,1650000,50000,*,3059,88536,-0.00460875257988512,CHH,AK_FK
34,Fvb7,1650001,1700000,50000,*,2704,94067,-0.0106786047246106,CHH,AK_FK
35,Fvb7,1700001,1750000,50000,*,4845,66949,-0.0173499928587907,CHH,AK_FK
36,Fvb7,1750001,1800000,50000,*,3305,93159,-0.0130350047012373,CHH,AK_FK
37,Fvb7,1800001,1850000,50000,*,3628,74948,-0.0133039145309314,CHH,AK_FK
38,Fvb7,1850001,1900000,50000,*,4540,84375,-0.00648944989895956,CHH,AK_FK
39,Fvb7,1900001,1950000,50000,*,2738,87426,-0.0074579630085718,CHH,AK_FK
40,Fvb7,1950001,2000000,50000,*,3185,101896,-0.0046052497852545,CHH,AK_FK
41,Fvb7,2000001,2050000,50000,*,2725,96212,-0.00231315679619531,CHH,AK_FK
42,Fvb7,2050001,2100000,50000,*,3191,80654,-0.00724605757671577,CHH,AK_FK
43,Fvb7,2100001,2150000,50000,*,4024,61664,-0.0131063339448941,CHH,AK_FK
44,Fvb7,2150001,2200000,50000,*,2254,100818,-0.00471882343935171,CHH,AK_FK
45,Fvb7,2200001,2250000,50000,*,5219,65779,-0.0173728120793667,CHH,AK_FK
46,Fvb7,2250001,2300000,50000,*,4447,85125,-0.0137110452866653,CHH,AK_FK
47,Fvb7,2300001,2350000,50000,*,4614,112509,-0.0100204030632418,CHH,AK_FK
48,Fvb7,2350001,2400000,50000,*,2131,93332,-0.0145991491364557,CHH,AK_FK
49,Fvb7,2400001,2450000,50000,*,3305,95721,-0.0085201363542313,CHH,AK_FK
50,Fvb7,2450001,2500000,50000,*,5076,74114,-0.00488209564960912,CHH,AK_FK
51,Fvb7,2500001,2550000,50000,*,3715,80733,-0.00572460374745077,CHH,AK_FK
52,Fvb7,2550001,2600000,50000,*,5936,81697,-0.0128614078361629,CHH,AK_FK
53,Fvb7,2600001,2650000,50000,*,4398,95055,-0.00456566056513186,CHH,AK_FK
54,Fvb7,2650001,2700000,50000,*,3277,95727,-0.00165055806545442,CHH,AK_FK
55,Fvb7,2700001,2750000,50000,*,3386,86519,-0.0118607964815794,CHH,AK_FK
56,Fvb7,2750001,2800000,50000,*,2739,74174,-0.00572361515264452,CHH,AK_FK
57,Fvb7,2800001,2850000,50000,*,3352,87310,-0.0143412957547014,CHH,AK_FK
58,Fvb7,2850001,2900000,50000,*,3131,55647,-0.0136760746700746,CHH,AK_FK
59,Fvb7,2900001,2950000,50000,*,4380,105480,-0.000834658271196609,CHH,AK_FK
60,Fvb7,2950001,3000000,50000,*,3493,80867,-0.0131522697708789,CHH,AK_FK
61,Fvb7,3000001,3050000,50000,*,2298,71073,-0.0172248640114605,CHH,AK_FK
62,Fvb7,3050001,3100000,50000,*,3663,75712,-0.00846034044503709,CHH,AK_FK
63,Fvb7,3100001,3150000,50000,*,3312,81521,-0.0107250441417351,CHH,AK_FK
64,Fvb7,3150001,3200000,50000,*,2241,102883,-0.00472344407340072,CHH,AK_FK
65,Fvb7,3200001,3250000,50000,*,3603,78024,-0.0135029208292957,CHH,AK_FK
66,Fvb7,3250001,3300000,50000,*,4165,85984,-0.017192924821082,CHH,AK_FK
67,Fvb7,3300001,3350000,50000,*,5022,74708,-0.0109221137664871,CHH,AK_FK
68,Fvb7,3350001,3400000,50000,*,5414,82338,-0.0124786377066935,CHH,AK_FK
69,Fvb7,3400001,3450000,50000,*,1504,96180,-0.00423435742773633,CHH,AK_FK
70,Fvb7,3450001,3500000,50000,*,5988,85355,-0.00677859459037804,CHH,AK_FK
71,Fvb7,3500001,3550000,50000,*,3286,81307,-0.0165017941280921,CHH,AK_FK
72,Fvb7,3550001,3600000,50000,*,4798,83367,-0.00714102255051721,CHH,AK_FK
73,Fvb7,3600001,3650000,50000,*,2544,80871,-0.0101375064985984,CHH,AK_FK
74,Fvb7,3650001,3700000,50000,*,5603,82263,-0.0147486029784508,CHH,AK_FK
75,Fvb7,3700001,3750000,50000,*,6273,86745,-0.0126580352448013,CHH,AK_FK
76,Fvb7,3750001,3800000,50000,*,4627,82332,-0.00941267038025155,CHH,AK_FK
77,Fvb7,3800001,3850000,50000,*,4653,89978,-0.0109519079692392,CHH,AK_FK
78,Fvb7,3850001,3900000,50000,*,2924,77146,-0.0106286897482143,CHH,AK_FK
79,Fvb7,3900001,3950000,50000,*,6106,80012,-0.0194184076124217,CHH,AK_FK
80,Fvb7,3950001,4000000,50000,*,2026,80211,-0.00940302270511618,CHH,AK_FK
81,Fvb7,4000001,4050000,50000,*,5114,55198,-0.00431183978629983,CHH,AK_FK
82,Fvb7,4050001,4100000,50000,*,5868,73044,-0.012062751825761,CHH,AK_FK
83,Fvb7,4100001,4150000,50000,*,3449,38462,-0.039286707469401,CHH,AK_FK
84,Fvb7,4150001,4200000,50000,*,6046,75176,-0.00576061959448756,CHH,AK_FK
85,Fvb7,4200001,4250000,50000,*,3089,85489,-0.00599342406366152,CHH,AK_FK
86,Fvb7,4250001,4300000,50000,*,1866,91209,-0.00734072041508807,CHH,AK_FK
87,Fvb7,4300001,4350000,50000,*,3300,54094,-0.00674036439005721,CHH,AK_FK
88,Fvb7,4350001,4400000,50000,*,2811,92238,-0.00640669091637616,CHH,AK_FK
89,Fvb7,4400001,4450000,50000,*,5380,82260,-0.00376562466559635,CHH,AK_FK
90,Fvb7,4450001,4500000,50000,*,1894,82642,0.00122660082881713,CHH,AK_FK
91,Fvb7,4500001,4550000,50000,*,3809,64361,-0.0153318712635889,CHH,AK_FK
92,Fvb7,4550001,4600000,50000,*,5209,68669,-0.0111222335975089,CHH,AK_FK
93,Fvb7,4600001,4650000,50000,*,3557,75502,-0.0107005934848589,CHH,AK_FK
94,Fvb7,4650001,4700000,50000,*,3921,79245,-0.0109113865722328,CHH,AK_FK
95,Fvb7,4700001,4750000,50000,*,6316,92093,-0.0100395738464673,CHH,AK_FK
96,Fvb7,4750001,4800000,50000,*,864,54566,-0.014076137046536,CHH,AK_FK
97,Fvb7,4800001,4850000,50000,*,1201,53418,7.36858492295794e-06,CHH,AK_FK
98,Fvb7,4850001,4900000,50000,*,3062,80802,-0.0101587482391673,CHH,AK_FK
99,Fvb7,4900001,4950000,50000,*,2059,86305,-0.00562815509887944,CHH,AK_FK
100,Fvb7,4950001,5000000,50000,*,646,73116,-0.00913913101302968,CHH,AK_FK
101,Fvb7,5000001,5050000,50000,*,1617,99862,-0.00843604111037223,CHH,AK_FK
102,Fvb7,5050001,5100000,50000,*,2579,82810,-0.00751386658938718,CHH,AK_FK
103,Fvb7,5100001,5150000,50000,*,1162,101533,-0.00236429454639107,CHH,AK_FK
104,Fvb7,5150001,5200000,50000,*,2517,77020,-0.00942319257665841,CHH,AK_FK
105,Fvb7,5200001,5250000,50000,*,1925,77861,-0.0055667414229035,CHH,AK_FK
106,Fvb7,5250001,5300000,50000,*,1642,76672,-0.00459919103059735,CHH,AK_FK
107,Fvb7,5300001,5350000,50000,*,2173,77938,-0.00368156656715471,CHH,AK_FK
108,Fvb7,5350001,5400000,50000,*,3635,71958,-0.01003342823516,CHH,AK_FK
109,Fvb7,5400001,5450000,50000,*,2442,73273,-0.0149126976005369,CHH,AK_FK
110,Fvb7,5450001,5500000,50000,*,3004,88612,0.00635361498782753,CHH,AK_FK
111,Fvb7,5500001,5550000,50000,*,3142,77547,-0.00899150636661114,CHH,AK_FK
112,Fvb7,5550001,5600000,50000,*,3172,78311,-0.0189553186194675,CHH,AK_FK
113,Fvb7,5600001,5650000,50000,*,2152,65731,0.000445695623737842,CHH,AK_FK
114,Fvb7,5650001,5700000,50000,*,928,24690,0.00527894787425399,CHH,AK_FK
115,Fvb7,5700001,5750000,50000,*,1975,69866,0.00488488749836513,CHH,AK_FK
116,Fvb7,5750001,5800000,50000,*,1746,99447,0.00378812651326027,CHH,AK_FK
117,Fvb7,5800001,5850000,50000,*,2299,76966,-0.00338382441505004,CHH,AK_FK
118,Fvb7,5850001,5900000,50000,*,1254,89659,-0.00382757312555689,CHH,AK_FK
119,Fvb7,5900001,5950000,50000,*,6395,66675,0.00359270070364377,CHH,AK_FK
120,Fvb7,5950001,6000000,50000,*,3038,85528,-0.00283901723654633,CHH,AK_FK
121,Fvb7,6000001,6050000,50000,*,5436,66633,-0.00705154586420963,CHH,AK_FK
122,Fvb7,6050001,6100000,50000,*,1383,89078,-0.00825924333800158,CHH,AK_FK
123,Fvb7,6100001,6150000,50000,*,5265,70593,-0.0269143903622853,CHH,AK_FK
124,Fvb7,6150001,6200000,50000,*,3722,80104,-0.00672231181290334,CHH,AK_FK
125,Fvb7,6200001,6250000,50000,*,2076,83724,0.00103101572394697,CHH,AK_FK
126,Fvb7,6250001,6300000,50000,*,2322,67724,0.00936485591602117,CHH,AK_FK
127,Fvb7,6300001,6350000,50000,*,1068,23412,-0.0308874914529332,CHH,AK_FK
128,Fvb7,6350001,6400000,50000,*,1777,78284,-0.0121068215847242,CHH,AK_FK
129,Fvb7,6400001,6450000,50000,*,1778,88159,-0.00972994902339434,CHH,AK_FK
130,Fvb7,6450001,6500000,50000,*,4296,66391,0.000797343721055277,CHH,AK_FK
131,Fvb7,6500001,6550000,50000,*,810,92849,-0.00308513514576583,CHH,AK_FK
132,Fvb7,6550001,6600000,50000,*,779,84086,-0.00350763854529099,CHH,AK_FK
133,Fvb7,6600001,6650000,50000,*,3766,77557,-0.00803907612359466,CHH,AK_FK
134,Fvb7,6650001,6700000,50000,*,314,19464,-0.00163990893721841,CHH,AK_FK
135,Fvb7,6700001,6750000,50000,*,2943,92391,-0.00719851861285339,CHH,AK_FK
136,Fvb7,6750001,6800000,50000,*,2744,98491,-0.00518356353548749,CHH,AK_FK
137,Fvb7,6800001,6850000,50000,*,2057,91557,-0.00815368141004153,CHH,AK_FK
138,Fvb7,6850001,6900000,50000,*,1334,90147,-0.00726940980094071,CHH,AK_FK
139,Fvb7,6900001,6950000,50000,*,5232,67679,-0.00999718211254878,CHH,AK_FK
140,Fvb7,6950001,7000000,50000,*,2817,82285,-0.0109748397502761,CHH,AK_FK
141,Fvb7,7000001,7050000,50000,*,2695,58395,-0.0036046029394055,CHH,AK_FK
142,Fvb7,7050001,7100000,50000,*,1506,92828,-0.00618647832219434,CHH,AK_FK
143,Fvb7,7100001,7150000,50000,*,4227,80307,-0.01368612502384,CHH,AK_FK
144,Fvb7,7150001,7200000,50000,*,3487,78534,-0.00700848805843733,CHH,AK_FK
145,Fvb7,7200001,7250000,50000,*,5079,77652,-0.00624446586228819,CHH,AK_FK
146,Fvb7,7250001,7300000,50000,*,2207,80658,0.000889574011416747,CHH,AK_FK
147,Fvb7,7300001,7350000,50000,*,1910,77347,-0.0018672890201057,CHH,AK_FK
148,Fvb7,7350001,7400000,50000,*,2367,94912,-0.00322012234781619,CHH,AK_FK
149,Fvb7,7400001,7450000,50000,*,2792,92816,-0.00378241126648321,CHH,AK_FK
150,Fvb7,7450001,7500000,50000,*,4263,65406,-0.00623939153521212,CHH,AK_FK
151,Fvb7,7500001,7550000,50000,*,4378,118229,-0.00450937136220333,CHH,AK_FK
152,Fvb7,7550001,7600000,50000,*,2315,150021,-0.0051271092394713,CHH,AK_FK
153,Fvb7,7600001,7650000,50000,*,3156,80494,-0.0207711464944324,CHH,AK_FK
154,Fvb7,7650001,7700000,50000,*,2780,87996,-0.0120547013733119,CHH,AK_FK
155,Fvb7,7700001,7750000,50000,*,2056,86963,-0.00471178795083119,CHH,AK_FK
156,Fvb7,7750001,7800000,50000,*,1493,97626,-0.00291691038380012,CHH,AK_FK
157,Fvb7,7800001,7850000,50000,*,5285,84450,-0.00842747840200173,CHH,AK_FK
158,Fvb7,7850001,7900000,50000,*,2336,95560,-0.00408824715137246,CHH,AK_FK
159,Fvb7,7900001,7950000,50000,*,1673,101533,-0.00406426937950705,CHH,AK_FK
160,Fvb7,7950001,8000000,50000,*,3532,73730,-0.00512938665872621,CHH,AK_FK
161,Fvb7,8000001,8050000,50000,*,2894,79154,0.00201274612588766,CHH,AK_FK
162,Fvb7,8050001,8100000,50000,*,4987,85715,-0.0080340703721905,CHH,AK_FK
163,Fvb7,8100001,8150000,50000,*,1868,56014,-0.00877126772046655,CHH,AK_FK
164,Fvb7,8150001,8200000,50000,*,1878,89582,-0.00663740232158568,CHH,AK_FK
165,Fvb7,8200001,8250000,50000,*,2174,76173,-0.00294477839473684,CHH,AK_FK
166,Fvb7,8250001,8300000,50000,*,1428,71432,-0.00740259418914265,CHH,AK_FK
167,Fvb7,8300001,8350000,50000,*,1928,102794,-0.00294441476086875,CHH,AK_FK
168,Fvb7,8350001,8400000,50000,*,4145,77765,-0.015389127695471,CHH,AK_FK
169,Fvb7,8400001,8450000,50000,*,3489,79118,-0.00244072053116934,CHH,AK_FK
170,Fvb7,8450001,8500000,50000,*,1189,97409,-0.00510609176179771,CHH,AK_FK
171,Fvb7,8500001,8550000,50000,*,2544,85163,-0.0054737224563608,CHH,AK_FK
172,Fvb7,8550001,8600000,50000,*,2692,72645,-0.0102882500042738,CHH,AK_FK
173,Fvb7,8600001,8650000,50000,*,1538,105476,-0.00665300432104857,CHH,AK_FK
174,Fvb7,8650001,8700000,50000,*,2839,65572,-0.00883563828247561,CHH,AK_FK
175,Fvb7,8700001,8750000,50000,*,2860,76722,-0.0165471793486133,CHH,AK_FK
176,Fvb7,8750001,8800000,50000,*,2167,77372,-0.0147149991583492,CHH,AK_FK
177,Fvb7,8800001,8850000,50000,*,4471,80812,-0.0127356502614814,CHH,AK_FK
178,Fvb7,8850001,8900000,50000,*,2714,73547,-0.00783484254172322,CHH,AK_FK
179,Fvb7,8900001,8950000,50000,*,2873,82481,-0.00725396490411575,CHH,AK_FK
180,Fvb7,8950001,9000000,50000,*,1947,100645,-0.0051877968093182,CHH,AK_FK
181,Fvb7,9000001,9050000,50000,*,1476,66627,-0.0146763559622898,CHH,AK_FK
182,Fvb7,9050001,9100000,50000,*,2282,97054,-0.00581156283580592,CHH,AK_FK
183,Fvb7,9100001,9150000,50000,*,3622,85133,-0.0103405877177328,CHH,AK_FK
184,Fvb7,9150001,9200000,50000,*,2999,68151,-0.00510076972566835,CHH,AK_FK
185,Fvb7,9200001,9250000,50000,*,6393,67623,0.00126328263999484,CHH,AK_FK
186,Fvb7,9250001,9300000,50000,*,2350,61275,-0.006283827414555,CHH,AK_FK
187,Fvb7,9300001,9350000,50000,*,2158,77623,-0.00759811401369851,CHH,AK_FK
188,Fvb7,9350001,9400000,50000,*,1985,94410,-0.00322891348579331,CHH,AK_FK
189,Fvb7,9400001,9450000,50000,*,2428,94993,-0.00590235637747159,CHH,AK_FK
190,Fvb7,9450001,9500000,50000,*,2937,97482,-0.0076025955202709,CHH,AK_FK
191,Fvb7,9500001,9550000,50000,*,3790,96003,-0.00541287872042832,CHH,AK_FK
192,Fvb7,9550001,9600000,50000,*,3450,101989,-0.00660638133798125,CHH,AK_FK
193,Fvb7,9600001,9650000,50000,*,2700,92980,-0.00587034680515347,CHH,AK_FK
194,Fvb7,9650001,9700000,50000,*,3260,76691,-0.0124140082532397,CHH,AK_FK
195,Fvb7,9700001,9750000,50000,*,4148,55916,-0.0104746994506072,CHH,AK_FK
196,Fvb7,9750001,9800000,50000,*,3103,73841,-0.0160188340625584,CHH,AK_FK
197,Fvb7,9800001,9850000,50000,*,2327,69999,-0.0258332204478214,CHH,AK_FK
198,Fvb7,9850001,9900000,50000,*,1634,106871,-0.00751892188015809,CHH,AK_FK
199,Fvb7,9900001,9950000,50000,*,1920,109243,-0.00344576462543527,CHH,AK_FK
200,Fvb7,9950001,10000000,50000,*,3257,67797,-0.0160628859189714,CHH,AK_FK
201,Fvb7,10000001,10050000,50000,*,4652,88776,-0.0077301650481405,CHH,AK_FK
202,Fvb7,10050001,10100000,50000,*,2316,76511,-0.0086258098378296,CHH,AK_FK
203,Fvb7,10100001,10150000,50000,*,2191,98048,-0.00637826634826559,CHH,AK_FK
204,Fvb7,10150001,10200000,50000,*,1987,60248,-0.0262617371701922,CHH,AK_FK
205,Fvb7,10200001,10250000,50000,*,4747,70136,-0.0140812008927259,CHH,AK_FK
206,Fvb7,10250001,10300000,50000,*,5081,74374,-0.0094259291454179,CHH,AK_FK
207,Fvb7,10300001,10350000,50000,*,3712,92590,-0.00877323379410577,CHH,AK_FK
208,Fvb7,10350001,10400000,50000,*,2313,100406,-0.00314563810938747,CHH,AK_FK
209,Fvb7,10400001,10450000,50000,*,1905,86025,-0.00895681527680646,CHH,AK_FK
210,Fvb7,10450001,10500000,50000,*,1963,91702,-0.00233242700569507,CHH,AK_FK
211,Fvb7,10500001,10550000,50000,*,3319,89863,-0.00912139622058584,CHH,AK_FK
212,Fvb7,10550001,10600000,50000,*,2112,95822,-0.0161771864856005,CHH,AK_FK
213,Fvb7,10600001,10650000,50000,*,2414,98071,-0.00514446707449659,CHH,AK_FK
214,Fvb7,10650001,10700000,50000,*,1728,69841,-0.00911976685183117,CHH,AK_FK
215,Fvb7,10700001,10750000,50000,*,2953,79347,-0.00495880361168894,CHH,AK_FK
216,Fvb7,10750001,10800000,50000,*,2242,91202,-0.00845476311650501,CHH,AK_FK
217,Fvb7,10800001,10850000,50000,*,2355,95344,-0.00449180455146981,CHH,AK_FK
218,Fvb7,10850001,10900000,50000,*,1875,76361,-0.00379417714658755,CHH,AK_FK
219,Fvb7,10900001,10950000,50000,*,1383,96710,-0.0135649616703444,CHH,AK_FK
220,Fvb7,10950001,11000000,50000,*,4783,74251,-0.011435904938439,CHH,AK_FK
221,Fvb7,11000001,11050000,50000,*,3353,82064,-0.00391285952894559,CHH,AK_FK
222,Fvb7,11050001,11100000,50000,*,1471,77833,-0.00552348122325418,CHH,AK_FK
223,Fvb7,11100001,11150000,50000,*,2769,85359,-0.00515248863722702,CHH,AK_FK
224,Fvb7,11150001,11200000,50000,*,1940,86629,-0.00428436360730626,CHH,AK_FK
225,Fvb7,11200001,11250000,50000,*,4196,68493,-0.0134351972651632,CHH,AK_FK
226,Fvb7,11250001,11300000,50000,*,3906,73737,-0.0128241410122804,CHH,AK_FK
227,Fvb7,11300001,11350000,50000,*,3336,71367,-0.0149272698032194,CHH,AK_FK
228,Fvb7,11350001,11400000,50000,*,5417,98056,-0.00733108908985917,CHH,AK_FK
229,Fvb7,11400001,11450000,50000,*,2888,77601,-0.00524946601791912,CHH,AK_FK
230,Fvb7,11450001,11500000,50000,*,2244,94321,-0.00307304067092853,CHH,AK_FK
231,Fvb7,11500001,11550000,50000,*,4958,73889,0.00492813545535158,CHH,AK_FK
232,Fvb7,11550001,11600000,50000,*,1476,112569,-0.00508913145991239,CHH,AK_FK
233,Fvb7,11600001,11650000,50000,*,3364,80027,-0.00162680455190517,CHH,AK_FK
234,Fvb7,11650001,11700000,50000,*,3635,80758,3.4501795032435e-05,CHH,AK_FK
235,Fvb7,11700001,11750000,50000,*,2024,107938,-0.00385921284743654,CHH,AK_FK
236,Fvb7,11750001,11800000,50000,*,5337,70664,-0.0104699210172923,CHH,AK_FK
237,Fvb7,11800001,11850000,50000,*,4054,85859,-0.0043931460931385,CHH,AK_FK
238,Fvb7,11850001,11900000,50000,*,2848,101486,-0.00473273633112519,CHH,AK_FK
239,Fvb7,11900001,11950000,50000,*,7023,87544,-0.0140588528448139,CHH,AK_FK
240,Fvb7,11950001,12000000,50000,*,2619,89976,-0.00695101671595576,CHH,AK_FK
241,Fvb7,12000001,12050000,50000,*,3253,105030,-0.00510434515068935,CHH,AK_FK
242,Fvb7,12050001,12100000,50000,*,2505,100623,-0.00116231815395008,CHH,AK_FK
243,Fvb7,12100001,12150000,50000,*,2240,101924,-0.00513706959797315,CHH,AK_FK
244,Fvb7,12150001,12200000,50000,*,2591,102550,-0.00459384446739238,CHH,AK_FK
245,Fvb7,12200001,12250000,50000,*,2253,107117,-0.0077017916510273,CHH,AK_FK
246,Fvb7,12250001,12300000,50000,*,4978,84916,-0.00425342109418295,CHH,AK_FK
247,Fvb7,12300001,12350000,50000,*,2005,104750,-0.00375564363187546,CHH,AK_FK
248,Fvb7,12350001,12400000,50000,*,656,46463,-0.0382013314155756,CHH,AK_FK
249,Fvb7,12400001,12450000,50000,*,3383,105599,-0.00617033945788554,CHH,AK_FK
250,Fvb7,12450001,12500000,50000,*,599,60103,-0.025223707768998,CHH,AK_FK
251,Fvb7,12500001,12550000,50000,*,413,47537,-0.01754024762198,CHH,AK_FK
252,Fvb7,12550001,12600000,50000,*,1907,98074,-0.0074172204348329,CHH,AK_FK
253,Fvb7,12600001,12650000,50000,*,2394,88369,-0.00607916182486296,CHH,AK_FK
254,Fvb7,12650001,12700000,50000,*,3596,91382,-0.000895455064848741,CHH,AK_FK
255,Fvb7,12700001,12750000,50000,*,3642,76029,-0.0155219239659342,CHH,AK_FK
256,Fvb7,12750001,12800000,50000,*,1504,122611,-0.00513353894440468,CHH,AK_FK
257,Fvb7,12800001,12850000,50000,*,2545,96513,-0.00781047191468415,CHH,AK_FK
258,Fvb7,12850001,12900000,50000,*,4567,92383,-0.00301019608331593,CHH,AK_FK
259,Fvb7,12900001,12950000,50000,*,3622,89974,-0.00703954523934821,CHH,AK_FK
260,Fvb7,12950001,13000000,50000,*,2954,93606,-0.0101628440740679,CHH,AK_FK
261,Fvb7,13000001,13050000,50000,*,2072,102596,-0.00200483440507786,CHH,AK_FK
262,Fvb7,13050001,13100000,50000,*,3963,88702,-0.00252914425465399,CHH,AK_FK
263,Fvb7,13100001,13150000,50000,*,4043,93862,-0.00686162734234277,CHH,AK_FK
264,Fvb7,13150001,13200000,50000,*,745,110001,-0.00235143884321792,CHH,AK_FK
265,Fvb7,13200001,13250000,50000,*,2054,82786,-0.00549624173547851,CHH,AK_FK
266,Fvb7,13250001,13300000,50000,*,4310,75060,-0.00627552323844262,CHH,AK_FK
267,Fvb7,13300001,13350000,50000,*,3033,76580,-0.00776291832071552,CHH,AK_FK
268,Fvb7,13350001,13400000,50000,*,1665,100684,-0.000768522587355432,CHH,AK_FK
269,Fvb7,13400001,13450000,50000,*,2125,99319,-0.0039369436455844,CHH,AK_FK
270,Fvb7,13450001,13500000,50000,*,1747,70974,-0.0284099721738741,CHH,AK_FK
271,Fvb7,13500001,13550000,50000,*,1859,101634,-0.00404703480694228,CHH,AK_FK
272,Fvb7,13550001,13600000,50000,*,3980,98946,-0.00226323322586602,CHH,AK_FK
273,Fvb7,13600001,13650000,50000,*,3244,74937,-0.00798144770587685,CHH,AK_FK
274,Fvb7,13650001,13700000,50000,*,4321,94839,-0.006703963869877,CHH,AK_FK
275,Fvb7,13700001,13750000,50000,*,2900,106488,-0.00595420978788119,CHH,AK_FK
276,Fvb7,13750001,13800000,50000,*,3229,67198,-0.0157056953035888,CHH,AK_FK
277,Fvb7,13800001,13850000,50000,*,2837,79904,-0.00935501455284465,CHH,AK_FK
278,Fvb7,13850001,13900000,50000,*,4341,64279,-0.0037949511401183,CHH,AK_FK
279,Fvb7,13900001,13950000,50000,*,2400,97915,-0.00098874260632905,CHH,AK_FK
280,Fvb7,13950001,14000000,50000,*,1998,102716,-0.00587444023556703,CHH,AK_FK
281,Fvb7,14000001,14050000,50000,*,1913,90126,-0.00808437058482494,CHH,AK_FK
282,Fvb7,14050001,14100000,50000,*,1766,103615,-0.00192303223239539,CHH,AK_FK
283,Fvb7,14100001,14150000,50000,*,3305,85864,-0.0116214423979508,CHH,AK_FK
284,Fvb7,14150001,14200000,50000,*,3764,82480,-0.00429636061855655,CHH,AK_FK
285,Fvb7,14200001,14250000,50000,*,3028,80729,-0.00524983377730663,CHH,AK_FK
286,Fvb7,14250001,14300000,50000,*,4667,86407,-0.00825901289881058,CHH,AK_FK
287,Fvb7,14300001,14350000,50000,*,4245,92408,-0.00203414260111046,CHH,AK_FK
288,Fvb7,14350001,14400000,50000,*,3909,85926,-0.00507274345632731,CHH,AK_FK
289,Fvb7,14400001,14450000,50000,*,3212,92382,-0.0112382175013821,CHH,AK_FK
290,Fvb7,14450001,14500000,50000,*,4139,71272,-0.00521428660684337,CHH,AK_FK
291,Fvb7,14500001,14550000,50000,*,2435,102548,-0.00623816850274972,CHH,AK_FK
292,Fvb7,14550001,14600000,50000,*,1886,92088,-0.00963902201443136,CHH,AK_FK
293,Fvb7,14600001,14650000,50000,*,3322,93015,-0.00828358163458254,CHH,AK_FK
294,Fvb7,14650001,14700000,50000,*,3356,101773,0.000559210400665727,CHH,AK_FK
295,Fvb7,14700001,14750000,50000,*,3150,102190,-0.000222969368912872,CHH,AK_FK
296,Fvb7,14750001,14800000,50000,*,1692,96239,-0.00197041810966725,CHH,AK_FK
297,Fvb7,14800001,14850000,50000,*,2123,105639,-0.00447373935777711,CHH,AK_FK
298,Fvb7,14850001,14900000,50000,*,1550,75124,-0.0178445199957183,CHH,AK_FK
299,Fvb7,14900001,14950000,50000,*,2030,93319,0.00792655720619038,CHH,AK_FK
300,Fvb7,14950001,15000000,50000,*,3126,78162,0.0103902893185806,CHH,AK_FK
301,Fvb7,15000001,15050000,50000,*,1539,103464,-0.00221424729503095,CHH,AK_FK
302,Fvb7,15050001,15100000,50000,*,2067,81844,-0.0128595263225163,CHH,AK_FK
303,Fvb7,15100001,15150000,50000,*,448,35512,-0.00272377910728253,CHH,AK_FK
304,Fvb7,15150001,15200000,50000,*,2411,58484,0.0150605093701728,CHH,AK_FK
305,Fvb7,15200001,15250000,50000,*,1829,96646,-0.00489695629106076,CHH,AK_FK
306,Fvb7,15250001,15300000,50000,*,2158,86824,-0.00205117477694,CHH,AK_FK
307,Fvb7,15300001,15350000,50000,*,2323,85885,-0.00719893334303885,CHH,AK_FK
308,Fvb7,15350001,15400000,50000,*,1363,105513,-0.00634349098230562,CHH,AK_FK
309,Fvb7,15400001,15450000,50000,*,1406,110601,-0.000125385242713404,CHH,AK_FK
310,Fvb7,15450001,15500000,50000,*,4019,79422,0.00603254463776479,CHH,AK_FK
311,Fvb7,15500001,15550000,50000,*,3517,80859,0.000504674427799869,CHH,AK_FK
312,Fvb7,15550001,15600000,50000,*,1555,96548,-0.00363491586504685,CHH,AK_FK
313,Fvb7,15600001,15650000,50000,*,2524,95907,-0.00160387133293982,CHH,AK_FK
314,Fvb7,15650001,15700000,50000,*,4049,80625,-0.00922169948579488,CHH,AK_FK
315,Fvb7,15700001,15750000,50000,*,800,80953,-0.00328679654591736,CHH,AK_FK
316,Fvb7,15750001,15800000,50000,*,2621,101218,0.00203107834923195,CHH,AK_FK
317,Fvb7,15800001,15850000,50000,*,5114,85856,-0.00955173430317466,CHH,AK_FK
318,Fvb7,15850001,15900000,50000,*,2073,104384,-0.00485031588128184,CHH,AK_FK
319,Fvb7,15900001,15950000,50000,*,1610,103626,-0.00629657484076121,CHH,AK_FK
320,Fvb7,15950001,16000000,50000,*,2040,103666,-0.00218442188350955,CHH,AK_FK
321,Fvb7,16000001,16050000,50000,*,3241,91276,-0.00783777303863215,CHH,AK_FK
322,Fvb7,16050001,16100000,50000,*,5569,90506,-0.00254579902842166,CHH,AK_FK
323,Fvb7,16100001,16150000,50000,*,1290,116914,-0.0042089580965355,CHH,AK_FK
324,Fvb7,16150001,16200000,50000,*,2856,76026,0.00655951180679724,CHH,AK_FK
325,Fvb7,16200001,16250000,50000,*,2412,86661,-0.00609583025657943,CHH,AK_FK
326,Fvb7,16250001,16300000,50000,*,1770,101822,-0.00202011341500808,CHH,AK_FK
327,Fvb7,16300001,16350000,50000,*,1531,87372,-0.00649679092618929,CHH,AK_FK
328,Fvb7,16350001,16400000,50000,*,1758,91929,-0.00264730878431207,CHH,AK_FK
329,Fvb7,16400001,16450000,50000,*,1476,90827,-0.00305674262480628,CHH,AK_FK
330,Fvb7,16450001,16500000,50000,*,259,24566,-0.0189462860127876,CHH,AK_FK
331,Fvb7,16500001,16550000,50000,*,2330,80319,-0.0187320976991679,CHH,AK_FK
332,Fvb7,16550001,16600000,50000,*,1736,67532,0.00327508358887355,CHH,AK_FK
333,Fvb7,16600001,16650000,50000,*,2279,86303,-0.00297182550148432,CHH,AK_FK
334,Fvb7,16650001,16700000,50000,*,2008,95538,-0.00209371505996789,CHH,AK_FK
335,Fvb7,16700001,16750000,50000,*,1105,102642,-0.00430311740570592,CHH,AK_FK
336,Fvb7,16750001,16800000,50000,*,1816,93742,-0.00488277693545618,CHH,AK_FK
337,Fvb7,16800001,16850000,50000,*,2355,90822,-0.00532618197715879,CHH,AK_FK
338,Fvb7,16850001,16900000,50000,*,2757,93537,-0.0132115214042007,CHH,AK_FK
339,Fvb7,16900001,16950000,50000,*,1201,106187,-0.00341221234378961,CHH,AK_FK
340,Fvb7,16950001,17000000,50000,*,890,66255,-0.00278903045182583,CHH,AK_FK
341,Fvb7,17000001,17050000,50000,*,35,981,-0.0135869050873979,CHH,AK_FK
342,Fvb7,17050001,17100000,50000,*,776,82070,-0.00578187404331458,CHH,AK_FK
343,Fvb7,17100001,17150000,50000,*,1418,99476,-0.00355598815835162,CHH,AK_FK
344,Fvb7,17150001,17200000,50000,*,3892,82142,-0.00435673018792847,CHH,AK_FK
345,Fvb7,17200001,17250000,50000,*,723,58527,-0.00466111373117504,CHH,AK_FK
346,Fvb7,17250001,17300000,50000,*,3483,88790,-0.00534055464210477,CHH,AK_FK
347,Fvb7,17300001,17350000,50000,*,1485,102268,-0.00519582122225687,CHH,AK_FK
348,Fvb7,17350001,17400000,50000,*,926,66141,-0.00838430527785953,CHH,AK_FK
349,Fvb7,17400001,17450000,50000,*,1734,90302,-0.00056957987037418,CHH,AK_FK
350,Fvb7,17450001,17500000,50000,*,833,95473,-0.00352353639502548,CHH,AK_FK
351,Fvb7,17500001,17550000,50000,*,701,97889,-0.00233404210699966,CHH,AK_FK
352,Fvb7,17550001,17600000,50000,*,1259,107098,-0.00184775958473155,CHH,AK_FK
353,Fvb7,17600001,17650000,50000,*,3400,105644,0.00184669034750345,CHH,AK_FK
354,Fvb7,17650001,17700000,50000,*,1622,95719,-0.0048059601114292,CHH,AK_FK
355,Fvb7,17700001,17750000,50000,*,1390,87721,0.00155608998060778,CHH,AK_FK
356,Fvb7,17750001,17800000,50000,*,1915,66755,0.000572008783344669,CHH,AK_FK
357,Fvb7,17800001,17850000,50000,*,2557,93836,-0.00357975133387915,CHH,AK_FK
358,Fvb7,17850001,17900000,50000,*,1317,107469,-0.00286457138045961,CHH,AK_FK
359,Fvb7,17900001,17950000,50000,*,1698,100295,-0.00460288887958646,CHH,AK_FK
360,Fvb7,17950001,18000000,50000,*,1951,77433,-0.0215423601685919,CHH,AK_FK
361,Fvb7,18000001,18050000,50000,*,2352,101884,-0.0016503471366815,CHH,AK_FK
362,Fvb7,18050001,18100000,50000,*,1106,100210,-0.00618897185069273,CHH,AK_FK
363,Fvb7,18100001,18150000,50000,*,880,63714,-0.00586755646734458,CHH,AK_FK
364,Fvb7,18150001,18200000,50000,*,132,12091,-0.0170351182119917,CHH,AK_FK
365,Fvb7,18200001,18250000,50000,*,789,14452,-0.00879807712087322,CHH,AK_FK
366,Fvb7,18250001,18300000,50000,*,1693,71289,-0.00960842941426795,CHH,AK_FK
367,Fvb7,18300001,18350000,50000,*,1889,76887,-0.0195229466220917,CHH,AK_FK
368,Fvb7,18350001,18400000,50000,*,1444,99839,-0.00774808331904074,CHH,AK_FK
369,Fvb7,18400001,18450000,50000,*,2610,91517,-0.00770660381904989,CHH,AK_FK
370,Fvb7,18450001,18500000,50000,*,2894,105915,-0.00433491336937,CHH,AK_FK
371,Fvb7,18500001,18550000,50000,*,1687,72944,0.000925402295769064,CHH,AK_FK
372,Fvb7,18550001,18600000,50000,*,2343,84160,-0.00603007349275872,CHH,AK_FK
373,Fvb7,18600001,18650000,50000,*,942,99174,-0.00375517584442763,CHH,AK_FK
374,Fvb7,18650001,18700000,50000,*,1635,110559,-0.00290427570190715,CHH,AK_FK
375,Fvb7,18700001,18750000,50000,*,812,77512,-0.0217414849898599,CHH,AK_FK
376,Fvb7,18750001,18800000,50000,*,1312,64164,-0.0215951426480605,CHH,AK_FK
377,Fvb7,18800001,18850000,50000,*,1357,101286,-0.00274546625189348,CHH,AK_FK
378,Fvb7,18850001,18900000,50000,*,1650,85843,-0.00246853772539122,CHH,AK_FK
379,Fvb7,18900001,18950000,50000,*,2170,85247,-0.0152715567753305,CHH,AK_FK
380,Fvb7,18950001,19000000,50000,*,459,100715,-0.0107465485762943,CHH,AK_FK
381,Fvb7,19000001,19050000,50000,*,2016,94123,-0.00871263183710223,CHH,AK_FK
382,Fvb7,19050001,19100000,50000,*,2046,96700,-0.00765018228831536,CHH,AK_FK
383,Fvb7,19100001,19150000,50000,*,2502,84467,0.000515550975656417,CHH,AK_FK
384,Fvb7,19150001,19200000,50000,*,2030,94730,-0.00402298978944111,CHH,AK_FK
385,Fvb7,19200001,19250000,50000,*,1583,92883,-0.00581546216398597,CHH,AK_FK
386,Fvb7,19250001,19300000,50000,*,3814,88515,-0.00819598963825772,CHH,AK_FK
387,Fvb7,19300001,19350000,50000,*,10023,50055,-0.00920732498150792,CHH,AK_FK
388,Fvb7,19350001,19400000,50000,*,2758,109556,-0.00837026391180823,CHH,AK_FK
389,Fvb7,19400001,19450000,50000,*,1515,109364,-0.00501629289596152,CHH,AK_FK
390,Fvb7,19450001,19500000,50000,*,3421,76771,-0.0223241486122983,CHH,AK_FK
391,Fvb7,19500001,19550000,50000,*,10437,99164,-0.0312118733061049,CHH,AK_FK
392,Fvb7,19550001,19600000,50000,*,9306,96159,-0.0282904645731671,CHH,AK_FK
393,Fvb7,19600001,19650000,50000,*,658,110140,-0.00619913072995447,CHH,AK_FK
394,Fvb7,19650001,19700000,50000,*,2852,104251,-0.00241796319261113,CHH,AK_FK
395,Fvb7,19700001,19750000,50000,*,2199,100511,-0.00521834720416518,CHH,AK_FK
396,Fvb7,19750001,19800000,50000,*,2313,99056,-0.00249814945838887,CHH,AK_FK
397,Fvb7,19800001,19850000,50000,*,623,98534,-0.00313900327394123,CHH,AK_FK
398,Fvb7,19850001,19900000,50000,*,1588,102901,-0.00676657082790162,CHH,AK_FK
399,Fvb7,19900001,19950000,50000,*,1307,104921,-0.0054264875745373,CHH,AK_FK
400,Fvb7,19950001,20000000,50000,*,1387,110954,-0.00621623300954477,CHH,AK_FK
401,Fvb7,20000001,20050000,50000,*,1066,113686,-0.00364307868550151,CHH,AK_FK
402,Fvb7,20050001,20100000,50000,*,2629,93365,0.00372628139649199,CHH,AK_FK
403,Fvb7,20100001,20150000,50000,*,2588,91698,-0.00865303397119794,CHH,AK_FK
404,Fvb7,20150001,20200000,50000,*,1327,99109,-0.00190349851710023,CHH,AK_FK
405,Fvb7,20200001,20250000,50000,*,1688,88393,-0.00675014812485624,CHH,AK_FK
406,Fvb7,20250001,20300000,50000,*,1663,98765,-0.00316583753956555,CHH,AK_FK
407,Fvb7,20300001,20350000,50000,*,819,106511,-0.00553668815725815,CHH,AK_FK
408,Fvb7,20350001,20400000,50000,*,288,47802,-0.0181708304113112,CHH,AK_FK
409,Fvb7,20400001,20450000,50000,*,697,80197,-0.0202570214701958,CHH,AK_FK
410,Fvb7,20450001,20500000,50000,*,426,92626,-0.00731300136190888,CHH,AK_FK
411,Fvb7,20500001,20550000,50000,*,765,80889,-0.00392887979441973,CHH,AK_FK
412,Fvb7,20550001,20600000,50000,*,554,82282,-0.00406536524564134,CHH,AK_FK
413,Fvb7,20600001,20650000,50000,*,352,32740,-0.00975773529443141,CHH,AK_FK
414,Fvb7,20650001,20700000,50000,*,709,87478,-0.0186403587350492,CHH,AK_FK
415,Fvb7,20700001,20750000,50000,*,832,99179,-0.00438473225858925,CHH,AK_FK
416,Fvb7,20750001,20800000,50000,*,836,86838,-0.00321166647798815,CHH,AK_FK
417,Fvb7,20800001,20850000,50000,*,474,60766,-0.00597269149230585,CHH,AK_FK
418,Fvb7,20850001,20900000,50000,*,1569,95389,-0.00209804827801669,CHH,AK_FK
419,Fvb7,20900001,20950000,50000,*,1228,100183,-0.00343223452995959,CHH,AK_FK
420,Fvb7,20950001,21000000,50000,*,789,90309,-0.00896304212262551,CHH,AK_FK
421,Fvb7,21000001,21050000,50000,*,989,101424,-0.00917183459871923,CHH,AK_FK
422,Fvb7,21050001,21100000,50000,*,932,110820,-0.0071535080063132,CHH,AK_FK
423,Fvb7,21100001,21150000,50000,*,2548,164343,-0.000732389915541977,CHH,AK_FK
424,Fvb7,21150001,21200000,50000,*,3477,84057,-0.0230698505409033,CHH,AK_FK
425,Fvb7,21200001,21250000,50000,*,2303,95334,-0.0104128268960777,CHH,AK_FK
426,Fvb7,21250001,21300000,50000,*,1103,97237,-0.00312834758393054,CHH,AK_FK
427,Fvb7,21300001,21350000,50000,*,1813,96195,-0.00378185774661539,CHH,AK_FK
428,Fvb7,21350001,21400000,50000,*,1561,87761,-0.00512685435290338,CHH,AK_FK
429,Fvb7,21400001,21450000,50000,*,1876,102472,0.000333345354696934,CHH,AK_FK
430,Fvb7,21450001,21500000,50000,*,1910,59423,-0.0127674431705263,CHH,AK_FK
431,Fvb7,21500001,21550000,50000,*,1386,100243,-0.00189376753985466,CHH,AK_FK
432,Fvb7,21550001,21600000,50000,*,1493,90240,-0.00365168131227616,CHH,AK_FK
433,Fvb7,21600001,21650000,50000,*,1630,84614,-0.011979038762793,CHH,AK_FK
434,Fvb7,21650001,21700000,50000,*,1745,91216,0.00378694585373079,CHH,AK_FK
435,Fvb7,21700001,21750000,50000,*,1148,74409,-0.00277401459498738,CHH,AK_FK
436,Fvb7,21750001,21800000,50000,*,2075,91964,-0.000780637481793866,CHH,AK_FK
437,Fvb7,21800001,21850000,50000,*,1232,82006,-0.00857072234733271,CHH,AK_FK
438,Fvb7,21850001,21900000,50000,*,1002,100363,-0.00528688767921212,CHH,AK_FK
439,Fvb7,21900001,21950000,50000,*,3254,82602,0.0016331605114427,CHH,AK_FK
440,Fvb7,21950001,22000000,50000,*,1743,87659,-0.0115928026565892,CHH,AK_FK
441,Fvb7,22000001,22050000,50000,*,2042,97724,-0.0046920905892574,CHH,AK_FK
442,Fvb7,22050001,22100000,50000,*,1329,86597,-0.0129401666600031,CHH,AK_FK
443,Fvb7,22100001,22150000,50000,*,1436,92662,-0.00623305165081382,CHH,AK_FK
444,Fvb7,22150001,22200000,50000,*,2539,101784,-0.0130895071295355,CHH,AK_FK
445,Fvb7,22200001,22250000,50000,*,11457,98453,-0.0550764478963519,CHH,AK_FK
446,Fvb7,22250001,22300000,50000,*,1359,109985,-0.00297099438954483,CHH,AK_FK
447,Fvb7,22300001,22350000,50000,*,1651,92371,-0.00603855445359297,CHH,AK_FK
448,Fvb7,22350001,22400000,50000,*,2082,102855,-0.00136911292186011,CHH,AK_FK
449,Fvb7,22400001,22450000,50000,*,1746,100097,-0.00511278640532249,CHH,AK_FK
450,Fvb7,22450001,22500000,50000,*,1239,94907,-0.00679213151937294,CHH,AK_FK
451,Fvb7,22500001,22550000,50000,*,2272,98573,-0.00609667510715509,CHH,AK_FK
452,Fvb7,22550001,22600000,50000,*,909,63635,-0.00645103811341156,CHH,AK_FK
453,Fvb7,22600001,22650000,50000,*,1156,36370,-0.0232155622766016,CHH,AK_FK
454,Fvb7,22650001,22700000,50000,*,1463,102038,-0.00473602483286163,CHH,AK_FK
455,Fvb7,22700001,22750000,50000,*,1907,94440,-0.00326575229631428,CHH,AK_FK
456,Fvb7,22750001,22800000,50000,*,1065,103240,-0.00279645613999961,CHH,AK_FK
457,Fvb7,22800001,22850000,50000,*,2045,89154,-0.00737464405151196,CHH,AK_FK
458,Fvb7,22850001,22900000,50000,*,920,78793,-0.000548413850718372,CHH,AK_FK
459,Fvb7,22900001,22950000,50000,*,1149,100900,0.00149995486484279,CHH,AK_FK
460,Fvb7,22950001,23000000,50000,*,870,79882,-0.00341978915562118,CHH,AK_FK
461,Fvb7,23000001,23050000,50000,*,1240,33969,0.00157255990409532,CHH,AK_FK
462,Fvb7,23050001,23100000,50000,*,1236,85338,-0.00314933958066512,CHH,AK_FK
463,Fvb7,23100001,23150000,50000,*,1349,91552,-0.0104928827230809,CHH,AK_FK
464,Fvb7,23150001,23200000,50000,*,953,59986,-0.018798458130404,CHH,AK_FK
465,Fvb7,23200001,23250000,50000,*,2375,95628,-0.00095432211626665,CHH,AK_FK
466,Fvb7,23250001,23300000,50000,*,3138,91097,-0.00802597740188192,CHH,AK_FK
467,Fvb7,23300001,23350000,50000,*,2129,91584,-0.00469338421388362,CHH,AK_FK
468,Fvb7,23350001,23400000,50000,*,965,107767,-0.00137345947827198,CHH,AK_FK
469,Fvb7,23400001,23450000,50000,*,1820,80884,-0.00277457714038172,CHH,AK_FK
470,Fvb7,23450001,23500000,50000,*,539,63164,-0.0213875732388812,CHH,AK_FK
471,Fvb7,23500001,23550000,50000,*,1923,70169,-0.0100765845505313,CHH,AK_FK
472,Fvb7,23550001,23600000,50000,*,2686,99912,-0.00810717222859704,CHH,AK_FK
473,Fvb7,23600001,23650000,50000,*,1070,106754,-0.00137562369750411,CHH,AK_FK
474,Fvb7,23650001,23700000,50000,*,1591,94094,-0.000365008984601067,CHH,AK_FK
475,Fvb7,23700001,23750000,50000,*,2726,64038,-0.00338951357434197,CHH,AK_FK
476,Fvb7,23750001,23800000,50000,*,717,91044,-0.00456213588816234,CHH,AK_FK
477,Fvb7,23800001,23850000,50000,*,3303,83460,0.00348855248211445,CHH,AK_FK
478,Fvb7,23850001,23900000,50000,*,1448,85208,-0.00278541868829116,CHH,AK_FK
479,Fvb7,23900001,23950000,50000,*,1037,79813,-0.00364286617396585,CHH,AK_FK
480,Fvb7,23950001,24000000,50000,*,1513,125757,-0.00316088780443833,CHH,AK_FK
481,Fvb7,24000001,24050000,50000,*,697,118503,-0.00281866799917192,CHH,AK_FK
482,Fvb7,24050001,24100000,50000,*,1034,122000,-0.0048158979860067,CHH,AK_FK
483,Fvb7,24100001,24150000,50000,*,2385,80973,-0.0559107803500174,CHH,AK_FK
484,Fvb7,24150001,24200000,50000,*,1145,105485,-0.00438714206236425,CHH,AK_FK
1,Fvb7,1,50000,50000,*,55,367,-0.260046149691926,CHH,AK_NK
2,Fvb7,50001,100000,50000,*,0,0,NA,CHH,AK_NK
3,Fvb7,100001,150000,50000,*,0,0,NA,CHH,AK_NK
4,Fvb7,150001,200000,50000,*,0,0,NA,CHH,AK_NK
5,Fvb7,200001,250000,50000,*,0,0,NA,CHH,AK_NK
6,Fvb7,250001,300000,50000,*,0,0,NA,CHH,AK_NK
7,Fvb7,300001,350000,50000,*,0,0,NA,CHH,AK_NK
8,Fvb7,350001,400000,50000,*,0,0,NA,CHH,AK_NK
9,Fvb7,400001,450000,50000,*,0,0,NA,CHH,AK_NK
10,Fvb7,450001,500000,50000,*,0,0,NA,CHH,AK_NK
11,Fvb7,500001,550000,50000,*,0,0,NA,CHH,AK_NK
12,Fvb7,550001,600000,50000,*,9,62,-0.188172043010753,CHH,AK_NK
13,Fvb7,600001,650000,50000,*,6600,70951,0.0157970472727975,CHH,AK_NK
14,Fvb7,650001,700000,50000,*,4168,80994,0.0181541464257675,CHH,AK_NK
15,Fvb7,700001,750000,50000,*,4287,53941,0.0119450582415191,CHH,AK_NK
16,Fvb7,750001,800000,50000,*,2894,93879,-0.0278836083520774,CHH,AK_NK
17,Fvb7,800001,850000,50000,*,5191,68972,0.000261646345947067,CHH,AK_NK
18,Fvb7,850001,900000,50000,*,3033,56826,0.004096992917488,CHH,AK_NK
19,Fvb7,900001,950000,50000,*,4206,64440,-0.00752768839580564,CHH,AK_NK
20,Fvb7,950001,1000000,50000,*,4954,57189,0.00901172168054495,CHH,AK_NK
21,Fvb7,1000001,1050000,50000,*,4662,74892,-0.0144067049720393,CHH,AK_NK
22,Fvb7,1050001,1100000,50000,*,4013,56523,-0.000111501150088136,CHH,AK_NK
23,Fvb7,1100001,1150000,50000,*,4049,87946,0.00627145199347614,CHH,AK_NK
24,Fvb7,1150001,1200000,50000,*,2917,93835,-0.000383290061495848,CHH,AK_NK
25,Fvb7,1200001,1250000,50000,*,3792,51064,0.00581043238978637,CHH,AK_NK
26,Fvb7,1250001,1300000,50000,*,7183,68904,0.012787096166973,CHH,AK_NK
27,Fvb7,1300001,1350000,50000,*,3639,79930,0.00519490765410236,CHH,AK_NK
28,Fvb7,1350001,1400000,50000,*,3760,77457,0.00205553363772326,CHH,AK_NK
29,Fvb7,1400001,1450000,50000,*,2745,83674,-0.00428914949152926,CHH,AK_NK
30,Fvb7,1450001,1500000,50000,*,3196,67629,-0.000155637704784148,CHH,AK_NK
31,Fvb7,1500001,1550000,50000,*,3072,82518,0.00887804074425724,CHH,AK_NK
32,Fvb7,1550001,1600000,50000,*,2800,94692,-0.00918053502160647,CHH,AK_NK
33,Fvb7,1600001,1650000,50000,*,3059,88536,-0.00481615028730292,CHH,AK_NK
34,Fvb7,1650001,1700000,50000,*,2704,94067,0.00678886885026192,CHH,AK_NK
35,Fvb7,1700001,1750000,50000,*,4845,66949,0.00797972750031843,CHH,AK_NK
36,Fvb7,1750001,1800000,50000,*,3305,93159,0.0176696397436158,CHH,AK_NK
37,Fvb7,1800001,1850000,50000,*,3628,74948,0.0195843698502407,CHH,AK_NK
38,Fvb7,1850001,1900000,50000,*,4540,84375,0.00527505990278634,CHH,AK_NK
39,Fvb7,1900001,1950000,50000,*,2738,87426,-0.00650332130410129,CHH,AK_NK
40,Fvb7,1950001,2000000,50000,*,3185,101896,0.00389265191510956,CHH,AK_NK
41,Fvb7,2000001,2050000,50000,*,2725,96212,-0.00332597022563249,CHH,AK_NK
42,Fvb7,2050001,2100000,50000,*,3191,80654,-0.00217923372171393,CHH,AK_NK
43,Fvb7,2100001,2150000,50000,*,4024,61664,-0.00487785197350939,CHH,AK_NK
44,Fvb7,2150001,2200000,50000,*,2254,100818,0.00530849741179705,CHH,AK_NK
45,Fvb7,2200001,2250000,50000,*,5219,65779,0.0116136385519513,CHH,AK_NK
46,Fvb7,2250001,2300000,50000,*,4447,85125,0.00226528771810999,CHH,AK_NK
47,Fvb7,2300001,2350000,50000,*,4614,112509,-0.00646964243025892,CHH,AK_NK
48,Fvb7,2350001,2400000,50000,*,2131,93332,0.00226356890884968,CHH,AK_NK
49,Fvb7,2400001,2450000,50000,*,3305,95721,-0.00616451044771735,CHH,AK_NK
50,Fvb7,2450001,2500000,50000,*,5076,74114,0.00349259724401388,CHH,AK_NK
51,Fvb7,2500001,2550000,50000,*,3715,80733,-0.0051306629538562,CHH,AK_NK
52,Fvb7,2550001,2600000,50000,*,5936,81697,0.0142068261427905,CHH,AK_NK
53,Fvb7,2600001,2650000,50000,*,4398,95055,0.00873666290735235,CHH,AK_NK
54,Fvb7,2650001,2700000,50000,*,3277,95727,0.0186705243262507,CHH,AK_NK
55,Fvb7,2700001,2750000,50000,*,3386,86519,0.00413224249575266,CHH,AK_NK
56,Fvb7,2750001,2800000,50000,*,2739,74174,-0.00575997513839158,CHH,AK_NK
57,Fvb7,2800001,2850000,50000,*,3352,87310,-0.0100125848429822,CHH,AK_NK
58,Fvb7,2850001,2900000,50000,*,3131,55647,-0.0265667452634204,CHH,AK_NK
59,Fvb7,2900001,2950000,50000,*,4380,105480,0.00645823368221972,CHH,AK_NK
60,Fvb7,2950001,3000000,50000,*,3493,80867,-0.000959847958692937,CHH,AK_NK
61,Fvb7,3000001,3050000,50000,*,2298,71073,-0.0112032198144676,CHH,AK_NK
62,Fvb7,3050001,3100000,50000,*,3663,75712,-0.00377112967890027,CHH,AK_NK
63,Fvb7,3100001,3150000,50000,*,3312,81521,-0.00292169674953157,CHH,AK_NK
64,Fvb7,3150001,3200000,50000,*,2241,102883,0.00145174157590251,CHH,AK_NK
65,Fvb7,3200001,3250000,50000,*,3603,78024,0.00492148433964937,CHH,AK_NK
66,Fvb7,3250001,3300000,50000,*,4165,85984,0.00616924527031186,CHH,AK_NK
67,Fvb7,3300001,3350000,50000,*,5022,74708,-0.00329278379963892,CHH,AK_NK
68,Fvb7,3350001,3400000,50000,*,5414,82338,0.0259558318587863,CHH,AK_NK
69,Fvb7,3400001,3450000,50000,*,1504,96180,0.000722182155690905,CHH,AK_NK
70,Fvb7,3450001,3500000,50000,*,5988,85355,0.00216046062882369,CHH,AK_NK
71,Fvb7,3500001,3550000,50000,*,3286,81307,0.00761644500494869,CHH,AK_NK
72,Fvb7,3550001,3600000,50000,*,4798,83367,-0.00581297705472477,CHH,AK_NK
73,Fvb7,3600001,3650000,50000,*,2544,80871,0.0011447600829671,CHH,AK_NK
74,Fvb7,3650001,3700000,50000,*,5603,82263,0.00477790865430136,CHH,AK_NK
75,Fvb7,3700001,3750000,50000,*,6273,86745,-0.0071417885318809,CHH,AK_NK
76,Fvb7,3750001,3800000,50000,*,4627,82332,-0.00290390686214839,CHH,AK_NK
77,Fvb7,3800001,3850000,50000,*,4653,89978,-0.00375566295861725,CHH,AK_NK
78,Fvb7,3850001,3900000,50000,*,2924,77146,-0.00412814802707472,CHH,AK_NK
79,Fvb7,3900001,3950000,50000,*,6106,80012,-0.00380962146528134,CHH,AK_NK
80,Fvb7,3950001,4000000,50000,*,2026,80211,0.00296099043604744,CHH,AK_NK
81,Fvb7,4000001,4050000,50000,*,5114,55198,0.00956490834915484,CHH,AK_NK
82,Fvb7,4050001,4100000,50000,*,5868,73044,0.00818052837643413,CHH,AK_NK
83,Fvb7,4100001,4150000,50000,*,3449,38462,-0.0609764267244377,CHH,AK_NK
84,Fvb7,4150001,4200000,50000,*,6046,75176,-0.015217445637971,CHH,AK_NK
85,Fvb7,4200001,4250000,50000,*,3089,85489,-0.00493020106478471,CHH,AK_NK
86,Fvb7,4250001,4300000,50000,*,1866,91209,-0.00166599447102037,CHH,AK_NK
87,Fvb7,4300001,4350000,50000,*,3300,54094,0.00445997074329884,CHH,AK_NK
88,Fvb7,4350001,4400000,50000,*,2811,92238,0.00589793604463228,CHH,AK_NK
89,Fvb7,4400001,4450000,50000,*,5380,82260,0.0125245801072625,CHH,AK_NK
90,Fvb7,4450001,4500000,50000,*,1894,82642,0.0160807452933166,CHH,AK_NK
91,Fvb7,4500001,4550000,50000,*,3809,64361,-0.0308648570932739,CHH,AK_NK
92,Fvb7,4550001,4600000,50000,*,5209,68669,-0.00187201449307436,CHH,AK_NK
93,Fvb7,4600001,4650000,50000,*,3557,75502,0.00147555491406361,CHH,AK_NK
94,Fvb7,4650001,4700000,50000,*,3921,79245,0.00686415723057483,CHH,AK_NK
95,Fvb7,4700001,4750000,50000,*,6316,92093,-0.00831111229403647,CHH,AK_NK
96,Fvb7,4750001,4800000,50000,*,864,54566,0.00106322425462177,CHH,AK_NK
97,Fvb7,4800001,4850000,50000,*,1201,53418,0.00220511636763876,CHH,AK_NK
98,Fvb7,4850001,4900000,50000,*,3062,80802,-0.00928988498877838,CHH,AK_NK
99,Fvb7,4900001,4950000,50000,*,2059,86305,0.00558304827391328,CHH,AK_NK
100,Fvb7,4950001,5000000,50000,*,646,73116,0.00157386466432355,CHH,AK_NK
101,Fvb7,5000001,5050000,50000,*,1617,99862,-0.00725955409838579,CHH,AK_NK
102,Fvb7,5050001,5100000,50000,*,2579,82810,0.0188486699588682,CHH,AK_NK
103,Fvb7,5100001,5150000,50000,*,1162,101533,-0.000764007978127689,CHH,AK_NK
104,Fvb7,5150001,5200000,50000,*,2517,77020,0.00416742067380999,CHH,AK_NK
105,Fvb7,5200001,5250000,50000,*,1925,77861,-0.00135559088465989,CHH,AK_NK
106,Fvb7,5250001,5300000,50000,*,1642,76672,0.00342567849136066,CHH,AK_NK
107,Fvb7,5300001,5350000,50000,*,2173,77938,0.00057327088131123,CHH,AK_NK
108,Fvb7,5350001,5400000,50000,*,3635,71958,0.0305311004566401,CHH,AK_NK
109,Fvb7,5400001,5450000,50000,*,2442,73273,0.0203688545033238,CHH,AK_NK
110,Fvb7,5450001,5500000,50000,*,3004,88612,0.00672024277058085,CHH,AK_NK
111,Fvb7,5500001,5550000,50000,*,3142,77547,0.0117925936754514,CHH,AK_NK
112,Fvb7,5550001,5600000,50000,*,3172,78311,0.0281531979014547,CHH,AK_NK
113,Fvb7,5600001,5650000,50000,*,2152,65731,0.0102422910732336,CHH,AK_NK
114,Fvb7,5650001,5700000,50000,*,928,24690,0.0038174945187046,CHH,AK_NK
115,Fvb7,5700001,5750000,50000,*,1975,69866,0.000532470276740801,CHH,AK_NK
116,Fvb7,5750001,5800000,50000,*,1746,99447,-0.0026206881016969,CHH,AK_NK
117,Fvb7,5800001,5850000,50000,*,2299,76966,0.00758974317995767,CHH,AK_NK
118,Fvb7,5850001,5900000,50000,*,1254,89659,-0.00873169172722917,CHH,AK_NK
119,Fvb7,5900001,5950000,50000,*,6395,66675,0.0566036651158396,CHH,AK_NK
120,Fvb7,5950001,6000000,50000,*,3038,85528,0.0102539708191784,CHH,AK_NK
121,Fvb7,6000001,6050000,50000,*,5436,66633,0.0275032960723698,CHH,AK_NK
122,Fvb7,6050001,6100000,50000,*,1383,89078,-0.0100354783530569,CHH,AK_NK
123,Fvb7,6100001,6150000,50000,*,5265,70593,0.00481958110586696,CHH,AK_NK
124,Fvb7,6150001,6200000,50000,*,3722,80104,0.00454209229938487,CHH,AK_NK
125,Fvb7,6200001,6250000,50000,*,2076,83724,0.00780858498197742,CHH,AK_NK
126,Fvb7,6250001,6300000,50000,*,2322,67724,0.0038862807401013,CHH,AK_NK
127,Fvb7,6300001,6350000,50000,*,1068,23412,0.00577514048547752,CHH,AK_NK
128,Fvb7,6350001,6400000,50000,*,1777,78284,0.00234421995564364,CHH,AK_NK
129,Fvb7,6400001,6450000,50000,*,1778,88159,0.000831054778431973,CHH,AK_NK
130,Fvb7,6450001,6500000,50000,*,4296,66391,-0.00489945762685225,CHH,AK_NK
131,Fvb7,6500001,6550000,50000,*,810,92849,-0.00250834956860729,CHH,AK_NK
132,Fvb7,6550001,6600000,50000,*,779,84086,-0.00343825316834795,CHH,AK_NK
133,Fvb7,6600001,6650000,50000,*,3766,77557,-0.00210291362932347,CHH,AK_NK
134,Fvb7,6650001,6700000,50000,*,314,19464,0.00700603171924988,CHH,AK_NK
135,Fvb7,6700001,6750000,50000,*,2943,92391,0.000319488799018074,CHH,AK_NK
136,Fvb7,6750001,6800000,50000,*,2744,98491,-0.00472761337276639,CHH,AK_NK
137,Fvb7,6800001,6850000,50000,*,2057,91557,-0.00120594881272129,CHH,AK_NK
138,Fvb7,6850001,6900000,50000,*,1334,90147,-0.00126136531448857,CHH,AK_NK
139,Fvb7,6900001,6950000,50000,*,5232,67679,-0.0146000883148065,CHH,AK_NK
140,Fvb7,6950001,7000000,50000,*,2817,82285,0.00357236637057718,CHH,AK_NK
141,Fvb7,7000001,7050000,50000,*,2695,58395,-0.000621419882676263,CHH,AK_NK
142,Fvb7,7050001,7100000,50000,*,1506,92828,-0.00752604205778734,CHH,AK_NK
143,Fvb7,7100001,7150000,50000,*,4227,80307,-0.0101145975936043,CHH,AK_NK
144,Fvb7,7150001,7200000,50000,*,3487,78534,-0.00300322049090569,CHH,AK_NK
145,Fvb7,7200001,7250000,50000,*,5079,77652,0.00342960330908607,CHH,AK_NK
146,Fvb7,7250001,7300000,50000,*,2207,80658,0.0200649533255338,CHH,AK_NK
147,Fvb7,7300001,7350000,50000,*,1910,77347,0.00132804376541984,CHH,AK_NK
148,Fvb7,7350001,7400000,50000,*,2367,94912,0.00769233707156663,CHH,AK_NK
149,Fvb7,7400001,7450000,50000,*,2792,92816,0.000530755963439985,CHH,AK_NK
150,Fvb7,7450001,7500000,50000,*,4263,65406,-0.00266938701246212,CHH,AK_NK
151,Fvb7,7500001,7550000,50000,*,4378,118229,0.00656839625834785,CHH,AK_NK
152,Fvb7,7550001,7600000,50000,*,2315,150021,0.00569620788909168,CHH,AK_NK
153,Fvb7,7600001,7650000,50000,*,3156,80494,-0.00242221359503644,CHH,AK_NK
154,Fvb7,7650001,7700000,50000,*,2780,87996,0.00351948021324629,CHH,AK_NK
155,Fvb7,7700001,7750000,50000,*,2056,86963,0.00531244907920464,CHH,AK_NK
156,Fvb7,7750001,7800000,50000,*,1493,97626,0.00133299559226362,CHH,AK_NK
157,Fvb7,7800001,7850000,50000,*,5285,84450,0.00577467646802567,CHH,AK_NK
158,Fvb7,7850001,7900000,50000,*,2336,95560,-0.00308303717029221,CHH,AK_NK
159,Fvb7,7900001,7950000,50000,*,1673,101533,-0.000606365829243366,CHH,AK_NK
160,Fvb7,7950001,8000000,50000,*,3532,73730,-0.000285896624652296,CHH,AK_NK
161,Fvb7,8000001,8050000,50000,*,2894,79154,0.0118474373720325,CHH,AK_NK
162,Fvb7,8050001,8100000,50000,*,4987,85715,0.0224533120565147,CHH,AK_NK
163,Fvb7,8100001,8150000,50000,*,1868,56014,0.01076218706989,CHH,AK_NK
164,Fvb7,8150001,8200000,50000,*,1878,89582,0.00905670246057328,CHH,AK_NK
165,Fvb7,8200001,8250000,50000,*,2174,76173,-0.000346840838146414,CHH,AK_NK
166,Fvb7,8250001,8300000,50000,*,1428,71432,0.00894039289555459,CHH,AK_NK
167,Fvb7,8300001,8350000,50000,*,1928,102794,0.00414365101799519,CHH,AK_NK
168,Fvb7,8350001,8400000,50000,*,4145,77765,-0.0133609681130766,CHH,AK_NK
169,Fvb7,8400001,8450000,50000,*,3489,79118,-0.00158410437102119,CHH,AK_NK
170,Fvb7,8450001,8500000,50000,*,1189,97409,-0.00381941000603495,CHH,AK_NK
171,Fvb7,8500001,8550000,50000,*,2544,85163,-0.000303982598037229,CHH,AK_NK
172,Fvb7,8550001,8600000,50000,*,2692,72645,0.00857431130894528,CHH,AK_NK
173,Fvb7,8600001,8650000,50000,*,1538,105476,-0.00159592507506617,CHH,AK_NK
174,Fvb7,8650001,8700000,50000,*,2839,65572,0.0114854907015826,CHH,AK_NK
175,Fvb7,8700001,8750000,50000,*,2860,76722,0.0032210068563332,CHH,AK_NK
176,Fvb7,8750001,8800000,50000,*,2167,77372,0.00119952180753173,CHH,AK_NK
177,Fvb7,8800001,8850000,50000,*,4471,80812,0.0147858720054168,CHH,AK_NK
178,Fvb7,8850001,8900000,50000,*,2714,73547,0.0140587518046421,CHH,AK_NK
179,Fvb7,8900001,8950000,50000,*,2873,82481,0.0052262617024444,CHH,AK_NK
180,Fvb7,8950001,9000000,50000,*,1947,100645,8.05660131895231e-06,CHH,AK_NK
181,Fvb7,9000001,9050000,50000,*,1476,66627,-0.00488936973664628,CHH,AK_NK
182,Fvb7,9050001,9100000,50000,*,2282,97054,-0.00501596592185099,CHH,AK_NK
183,Fvb7,9100001,9150000,50000,*,3622,85133,0.00433335246361266,CHH,AK_NK
184,Fvb7,9150001,9200000,50000,*,2999,68151,0.00772809967841231,CHH,AK_NK
185,Fvb7,9200001,9250000,50000,*,6393,67623,0.0139788302451169,CHH,AK_NK
186,Fvb7,9250001,9300000,50000,*,2350,61275,0.0120780073526553,CHH,AK_NK
187,Fvb7,9300001,9350000,50000,*,2158,77623,-0.00661837704083188,CHH,AK_NK
188,Fvb7,9350001,9400000,50000,*,1985,94410,0.00836695043295082,CHH,AK_NK
189,Fvb7,9400001,9450000,50000,*,2428,94993,-0.00350072709143911,CHH,AK_NK
190,Fvb7,9450001,9500000,50000,*,2937,97482,0.00330062567113919,CHH,AK_NK
191,Fvb7,9500001,9550000,50000,*,3790,96003,0.0191117640370305,CHH,AK_NK
192,Fvb7,9550001,9600000,50000,*,3450,101989,0.0220236605979938,CHH,AK_NK
193,Fvb7,9600001,9650000,50000,*,2700,92980,0.00701870266431354,CHH,AK_NK
194,Fvb7,9650001,9700000,50000,*,3260,76691,0.00390865926820134,CHH,AK_NK
195,Fvb7,9700001,9750000,50000,*,4148,55916,0.00615988484471869,CHH,AK_NK
196,Fvb7,9750001,9800000,50000,*,3103,73841,0.00794908335711865,CHH,AK_NK
197,Fvb7,9800001,9850000,50000,*,2327,69999,-0.0177792762195095,CHH,AK_NK
198,Fvb7,9850001,9900000,50000,*,1634,106871,-0.00126274689812281,CHH,AK_NK
199,Fvb7,9900001,9950000,50000,*,1920,109243,0.00162706009078295,CHH,AK_NK
200,Fvb7,9950001,10000000,50000,*,3257,67797,-0.00144202992912633,CHH,AK_NK
201,Fvb7,10000001,10050000,50000,*,4652,88776,-0.00548333051636332,CHH,AK_NK
202,Fvb7,10050001,10100000,50000,*,2316,76511,0.000922988032818137,CHH,AK_NK
203,Fvb7,10100001,10150000,50000,*,2191,98048,0.000982942121481291,CHH,AK_NK
204,Fvb7,10150001,10200000,50000,*,1987,60248,-0.0018678771089216,CHH,AK_NK
205,Fvb7,10200001,10250000,50000,*,4747,70136,0.00793688400139261,CHH,AK_NK
206,Fvb7,10250001,10300000,50000,*,5081,74374,0.0100327585001175,CHH,AK_NK
207,Fvb7,10300001,10350000,50000,*,3712,92590,-0.000155827855510278,CHH,AK_NK
208,Fvb7,10350001,10400000,50000,*,2313,100406,-0.00087193777122312,CHH,AK_NK
209,Fvb7,10400001,10450000,50000,*,1905,86025,0.00326024151616024,CHH,AK_NK
210,Fvb7,10450001,10500000,50000,*,1963,91702,0.00655685632413805,CHH,AK_NK
211,Fvb7,10500001,10550000,50000,*,3319,89863,-0.00957039717886181,CHH,AK_NK
212,Fvb7,10550001,10600000,50000,*,2112,95822,-0.00569120182052455,CHH,AK_NK
213,Fvb7,10600001,10650000,50000,*,2414,98071,0.00519182739147461,CHH,AK_NK
214,Fvb7,10650001,10700000,50000,*,1728,69841,-0.00296165127164603,CHH,AK_NK
215,Fvb7,10700001,10750000,50000,*,2953,79347,0.0190921904460296,CHH,AK_NK
216,Fvb7,10750001,10800000,50000,*,2242,91202,0.00792205857652399,CHH,AK_NK
217,Fvb7,10800001,10850000,50000,*,2355,95344,0.0126909899746873,CHH,AK_NK
218,Fvb7,10850001,10900000,50000,*,1875,76361,-0.00290340845234378,CHH,AK_NK
219,Fvb7,10900001,10950000,50000,*,1383,96710,-0.000692902494901724,CHH,AK_NK
220,Fvb7,10950001,11000000,50000,*,4783,74251,0.00173261568156502,CHH,AK_NK
221,Fvb7,11000001,11050000,50000,*,3353,82064,0.00158930842346462,CHH,AK_NK
222,Fvb7,11050001,11100000,50000,*,1471,77833,0.00307325339880205,CHH,AK_NK
223,Fvb7,11100001,11150000,50000,*,2769,85359,0.00397495964194813,CHH,AK_NK
224,Fvb7,11150001,11200000,50000,*,1940,86629,0.000343035448653356,CHH,AK_NK
225,Fvb7,11200001,11250000,50000,*,4196,68493,-0.0133957240917343,CHH,AK_NK
226,Fvb7,11250001,11300000,50000,*,3906,73737,-0.0100133137501291,CHH,AK_NK
227,Fvb7,11300001,11350000,50000,*,3336,71367,-0.0109695130147967,CHH,AK_NK
228,Fvb7,11350001,11400000,50000,*,5417,98056,0.00811205261588238,CHH,AK_NK
229,Fvb7,11400001,11450000,50000,*,2888,77601,-0.00555674710109137,CHH,AK_NK
230,Fvb7,11450001,11500000,50000,*,2244,94321,0.00615097752971167,CHH,AK_NK
231,Fvb7,11500001,11550000,50000,*,4958,73889,0.0109701543042837,CHH,AK_NK
232,Fvb7,11550001,11600000,50000,*,1476,112569,0.000391811054384784,CHH,AK_NK
233,Fvb7,11600001,11650000,50000,*,3364,80027,-0.00169939492121427,CHH,AK_NK
234,Fvb7,11650001,11700000,50000,*,3635,80758,0.00837931991097002,CHH,AK_NK
235,Fvb7,11700001,11750000,50000,*,2024,107938,-0.000425206355252561,CHH,AK_NK
236,Fvb7,11750001,11800000,50000,*,5337,70664,0.00217573322016781,CHH,AK_NK
237,Fvb7,11800001,11850000,50000,*,4054,85859,0.00083792541081118,CHH,AK_NK
238,Fvb7,11850001,11900000,50000,*,2848,101486,0.00428338930180256,CHH,AK_NK
239,Fvb7,11900001,11950000,50000,*,7023,87544,0.00452443639809587,CHH,AK_NK
240,Fvb7,11950001,12000000,50000,*,2619,89976,0.00887894637966654,CHH,AK_NK
241,Fvb7,12000001,12050000,50000,*,3253,105030,0.0177771263700026,CHH,AK_NK
242,Fvb7,12050001,12100000,50000,*,2505,100623,0.00165694599850283,CHH,AK_NK
243,Fvb7,12100001,12150000,50000,*,2240,101924,0.00103146774262118,CHH,AK_NK
244,Fvb7,12150001,12200000,50000,*,2591,102550,0.00659035022836322,CHH,AK_NK
245,Fvb7,12200001,12250000,50000,*,2253,107117,0.000202854352455525,CHH,AK_NK
246,Fvb7,12250001,12300000,50000,*,4978,84916,0.0264278758578709,CHH,AK_NK
247,Fvb7,12300001,12350000,50000,*,2005,104750,0.00825514937295467,CHH,AK_NK
248,Fvb7,12350001,12400000,50000,*,656,46463,-0.0104601319256113,CHH,AK_NK
249,Fvb7,12400001,12450000,50000,*,3383,105599,0.003549164402393,CHH,AK_NK
250,Fvb7,12450001,12500000,50000,*,599,60103,-0.00796038235429767,CHH,AK_NK
251,Fvb7,12500001,12550000,50000,*,413,47537,-0.02945961190979,CHH,AK_NK
252,Fvb7,12550001,12600000,50000,*,1907,98074,0.00771876919578949,CHH,AK_NK
253,Fvb7,12600001,12650000,50000,*,2394,88369,-0.0062600439185281,CHH,AK_NK
254,Fvb7,12650001,12700000,50000,*,3596,91382,0.0246047988124517,CHH,AK_NK
255,Fvb7,12700001,12750000,50000,*,3642,76029,0.017211896322229,CHH,AK_NK
256,Fvb7,12750001,12800000,50000,*,1504,122611,0.00329195944713207,CHH,AK_NK
257,Fvb7,12800001,12850000,50000,*,2545,96513,0.00914319645173573,CHH,AK_NK
258,Fvb7,12850001,12900000,50000,*,4567,92383,0.0128678298017558,CHH,AK_NK
259,Fvb7,12900001,12950000,50000,*,3622,89974,0.016723137852039,CHH,AK_NK
260,Fvb7,12950001,13000000,50000,*,2954,93606,0.00868649909600509,CHH,AK_NK
261,Fvb7,13000001,13050000,50000,*,2072,102596,0.00855522700580071,CHH,AK_NK
262,Fvb7,13050001,13100000,50000,*,3963,88702,0.00847278527698161,CHH,AK_NK
263,Fvb7,13100001,13150000,50000,*,4043,93862,0.00993754397774215,CHH,AK_NK
264,Fvb7,13150001,13200000,50000,*,745,110001,0.000404477476895464,CHH,AK_NK
265,Fvb7,13200001,13250000,50000,*,2054,82786,-0.000251519311936121,CHH,AK_NK
266,Fvb7,13250001,13300000,50000,*,4310,75060,-0.0353862149360021,CHH,AK_NK
267,Fvb7,13300001,13350000,50000,*,3033,76580,0.0146390308844404,CHH,AK_NK
268,Fvb7,13350001,13400000,50000,*,1665,100684,0.00165060393047471,CHH,AK_NK
269,Fvb7,13400001,13450000,50000,*,2125,99319,0.00209187044058751,CHH,AK_NK
270,Fvb7,13450001,13500000,50000,*,1747,70974,-0.00524838218680694,CHH,AK_NK
271,Fvb7,13500001,13550000,50000,*,1859,101634,0.00458957289127843,CHH,AK_NK
272,Fvb7,13550001,13600000,50000,*,3980,98946,0.00709723710042011,CHH,AK_NK
273,Fvb7,13600001,13650000,50000,*,3244,74937,0.0121825356831142,CHH,AK_NK
274,Fvb7,13650001,13700000,50000,*,4321,94839,0.000463230214443167,CHH,AK_NK
275,Fvb7,13700001,13750000,50000,*,2900,106488,0.00343075910779299,CHH,AK_NK
276,Fvb7,13750001,13800000,50000,*,3229,67198,0.000379536620048825,CHH,AK_NK
277,Fvb7,13800001,13850000,50000,*,2837,79904,0.00109426149753009,CHH,AK_NK
278,Fvb7,13850001,13900000,50000,*,4341,64279,0.00566056653597635,CHH,AK_NK
279,Fvb7,13900001,13950000,50000,*,2400,97915,0.000555318173819562,CHH,AK_NK
280,Fvb7,13950001,14000000,50000,*,1998,102716,0.00259239937543558,CHH,AK_NK
281,Fvb7,14000001,14050000,50000,*,1913,90126,0.00415339282460348,CHH,AK_NK
282,Fvb7,14050001,14100000,50000,*,1766,103615,-0.0022705383551658,CHH,AK_NK
283,Fvb7,14100001,14150000,50000,*,3305,85864,-0.00726921670224639,CHH,AK_NK
284,Fvb7,14150001,14200000,50000,*,3764,82480,0.00983772212882065,CHH,AK_NK
285,Fvb7,14200001,14250000,50000,*,3028,80729,-0.0063980840112187,CHH,AK_NK
286,Fvb7,14250001,14300000,50000,*,4667,86407,0.000308124041733589,CHH,AK_NK
287,Fvb7,14300001,14350000,50000,*,4245,92408,0.00642429794786831,CHH,AK_NK
288,Fvb7,14350001,14400000,50000,*,3909,85926,0.00843956954930195,CHH,AK_NK
289,Fvb7,14400001,14450000,50000,*,3212,92382,6.81578918650255e-05,CHH,AK_NK
290,Fvb7,14450001,14500000,50000,*,4139,71272,-0.00406903148290294,CHH,AK_NK
291,Fvb7,14500001,14550000,50000,*,2435,102548,0.00750030511120153,CHH,AK_NK
292,Fvb7,14550001,14600000,50000,*,1886,92088,0.00631264415268572,CHH,AK_NK
293,Fvb7,14600001,14650000,50000,*,3322,93015,-0.00381995007334994,CHH,AK_NK
294,Fvb7,14650001,14700000,50000,*,3356,101773,0.00504971822249196,CHH,AK_NK
295,Fvb7,14700001,14750000,50000,*,3150,102190,-0.000198672843746042,CHH,AK_NK
296,Fvb7,14750001,14800000,50000,*,1692,96239,0.00455195939589714,CHH,AK_NK
297,Fvb7,14800001,14850000,50000,*,2123,105639,-0.00216272438792887,CHH,AK_NK
298,Fvb7,14850001,14900000,50000,*,1550,75124,-0.000280104718108517,CHH,AK_NK
299,Fvb7,14900001,14950000,50000,*,2030,93319,0.00912241429451985,CHH,AK_NK
300,Fvb7,14950001,15000000,50000,*,3126,78162,0.00102047487800272,CHH,AK_NK
301,Fvb7,15000001,15050000,50000,*,1539,103464,0.00533391826768723,CHH,AK_NK
302,Fvb7,15050001,15100000,50000,*,2067,81844,-0.00580550979770292,CHH,AK_NK
303,Fvb7,15100001,15150000,50000,*,448,35512,-0.00320910211635723,CHH,AK_NK
304,Fvb7,15150001,15200000,50000,*,2411,58484,-0.0032743779799895,CHH,AK_NK
305,Fvb7,15200001,15250000,50000,*,1829,96646,0.0123441316276963,CHH,AK_NK
306,Fvb7,15250001,15300000,50000,*,2158,86824,-0.00116076455806797,CHH,AK_NK
307,Fvb7,15300001,15350000,50000,*,2323,85885,0.00502635868090471,CHH,AK_NK
308,Fvb7,15350001,15400000,50000,*,1363,105513,0.00338077383105403,CHH,AK_NK
309,Fvb7,15400001,15450000,50000,*,1406,110601,-0.000772033882035252,CHH,AK_NK
310,Fvb7,15450001,15500000,50000,*,4019,79422,0.0101226430919271,CHH,AK_NK
311,Fvb7,15500001,15550000,50000,*,3517,80859,0.0107431669772074,CHH,AK_NK
312,Fvb7,15550001,15600000,50000,*,1555,96548,0.00320091805869931,CHH,AK_NK
313,Fvb7,15600001,15650000,50000,*,2524,95907,0.00695668485121218,CHH,AK_NK
314,Fvb7,15650001,15700000,50000,*,4049,80625,0.00151140829328084,CHH,AK_NK
315,Fvb7,15700001,15750000,50000,*,800,80953,0.00220784970652113,CHH,AK_NK
316,Fvb7,15750001,15800000,50000,*,2621,101218,0.0133785750997563,CHH,AK_NK
317,Fvb7,15800001,15850000,50000,*,5114,85856,0.00824061308670477,CHH,AK_NK
318,Fvb7,15850001,15900000,50000,*,2073,104384,0.00172530364230335,CHH,AK_NK
319,Fvb7,15900001,15950000,50000,*,1610,103626,0.00361779567610064,CHH,AK_NK
320,Fvb7,15950001,16000000,50000,*,2040,103666,0.00282886624454464,CHH,AK_NK
321,Fvb7,16000001,16050000,50000,*,3241,91276,0.00706620147479031,CHH,AK_NK
322,Fvb7,16050001,16100000,50000,*,5569,90506,0.0185911846617109,CHH,AK_NK
323,Fvb7,16100001,16150000,50000,*,1290,116914,0.000128728413230387,CHH,AK_NK
324,Fvb7,16150001,16200000,50000,*,2856,76026,0.0118048212365415,CHH,AK_NK
325,Fvb7,16200001,16250000,50000,*,2412,86661,0.00112389191074106,CHH,AK_NK
326,Fvb7,16250001,16300000,50000,*,1770,101822,0.00365517395074756,CHH,AK_NK
327,Fvb7,16300001,16350000,50000,*,1531,87372,-0.00555449738024328,CHH,AK_NK
328,Fvb7,16350001,16400000,50000,*,1758,91929,0.0068589375284374,CHH,AK_NK
329,Fvb7,16400001,16450000,50000,*,1476,90827,0.00285623188735522,CHH,AK_NK
330,Fvb7,16450001,16500000,50000,*,259,24566,0.000350199959642295,CHH,AK_NK
331,Fvb7,16500001,16550000,50000,*,2330,80319,-0.00918706237230607,CHH,AK_NK
332,Fvb7,16550001,16600000,50000,*,1736,67532,0.00800627397968741,CHH,AK_NK
333,Fvb7,16600001,16650000,50000,*,2279,86303,-0.00211377627067929,CHH,AK_NK
334,Fvb7,16650001,16700000,50000,*,2008,95538,0.0129137657098653,CHH,AK_NK
335,Fvb7,16700001,16750000,50000,*,1105,102642,0.00239061823859961,CHH,AK_NK
336,Fvb7,16750001,16800000,50000,*,1816,93742,-0.00134481170281643,CHH,AK_NK
337,Fvb7,16800001,16850000,50000,*,2355,90822,0.00933714703534057,CHH,AK_NK
338,Fvb7,16850001,16900000,50000,*,2757,93537,0.00134547718277997,CHH,AK_NK
339,Fvb7,16900001,16950000,50000,*,1201,106187,0.000316425061188565,CHH,AK_NK
340,Fvb7,16950001,17000000,50000,*,890,66255,0.00152578767341225,CHH,AK_NK
341,Fvb7,17000001,17050000,50000,*,35,981,0.00187041733568601,CHH,AK_NK
342,Fvb7,17050001,17100000,50000,*,776,82070,-7.6325378896203e-05,CHH,AK_NK
343,Fvb7,17100001,17150000,50000,*,1418,99476,0.00438523501781612,CHH,AK_NK
344,Fvb7,17150001,17200000,50000,*,3892,82142,0.0320908441017744,CHH,AK_NK
345,Fvb7,17200001,17250000,50000,*,723,58527,-0.00212698579759831,CHH,AK_NK
346,Fvb7,17250001,17300000,50000,*,3483,88790,0.0147839867684631,CHH,AK_NK
347,Fvb7,17300001,17350000,50000,*,1485,102268,0.00425826393826661,CHH,AK_NK
348,Fvb7,17350001,17400000,50000,*,926,66141,-0.00235855506261265,CHH,AK_NK
349,Fvb7,17400001,17450000,50000,*,1734,90302,0.00633049283336167,CHH,AK_NK
350,Fvb7,17450001,17500000,50000,*,833,95473,0.00151770114697254,CHH,AK_NK
351,Fvb7,17500001,17550000,50000,*,701,97889,0.000387314061300085,CHH,AK_NK
352,Fvb7,17550001,17600000,50000,*,1259,107098,0.000279738238424412,CHH,AK_NK
353,Fvb7,17600001,17650000,50000,*,3400,105644,0.0178227893024194,CHH,AK_NK
354,Fvb7,17650001,17700000,50000,*,1622,95719,0.00285302932916098,CHH,AK_NK
355,Fvb7,17700001,17750000,50000,*,1390,87721,-0.00140204200941589,CHH,AK_NK
356,Fvb7,17750001,17800000,50000,*,1915,66755,0.0083285476600328,CHH,AK_NK
357,Fvb7,17800001,17850000,50000,*,2557,93836,0.00253657230200107,CHH,AK_NK
358,Fvb7,17850001,17900000,50000,*,1317,107469,-0.000642270518249383,CHH,AK_NK
359,Fvb7,17900001,17950000,50000,*,1698,100295,0.00305897937601328,CHH,AK_NK
360,Fvb7,17950001,18000000,50000,*,1951,77433,0.00543386297226546,CHH,AK_NK
361,Fvb7,18000001,18050000,50000,*,2352,101884,0.00340792267338585,CHH,AK_NK
362,Fvb7,18050001,18100000,50000,*,1106,100210,-0.0029046071816406,CHH,AK_NK
363,Fvb7,18100001,18150000,50000,*,880,63714,0.000913197962159324,CHH,AK_NK
364,Fvb7,18150001,18200000,50000,*,132,12091,-0.0179921186803838,CHH,AK_NK
365,Fvb7,18200001,18250000,50000,*,789,14452,-0.0764107601518016,CHH,AK_NK
366,Fvb7,18250001,18300000,50000,*,1693,71289,0.00338569838472125,CHH,AK_NK
367,Fvb7,18300001,18350000,50000,*,1889,76887,-0.00212211682321658,CHH,AK_NK
368,Fvb7,18350001,18400000,50000,*,1444,99839,0.00125758208005909,CHH,AK_NK
369,Fvb7,18400001,18450000,50000,*,2610,91517,0.00557962559883201,CHH,AK_NK
370,Fvb7,18450001,18500000,50000,*,2894,105915,0.00440296061716123,CHH,AK_NK
371,Fvb7,18500001,18550000,50000,*,1687,72944,0.00935833666328086,CHH,AK_NK
372,Fvb7,18550001,18600000,50000,*,2343,84160,0.00417078762266333,CHH,AK_NK
373,Fvb7,18600001,18650000,50000,*,942,99174,-0.000535218761979431,CHH,AK_NK
374,Fvb7,18650001,18700000,50000,*,1635,110559,0.000864288178031756,CHH,AK_NK
375,Fvb7,18700001,18750000,50000,*,812,77512,-0.00566028744675227,CHH,AK_NK
376,Fvb7,18750001,18800000,50000,*,1312,64164,-0.0180816417300344,CHH,AK_NK
377,Fvb7,18800001,18850000,50000,*,1357,101286,0.00198554554185852,CHH,AK_NK
378,Fvb7,18850001,18900000,50000,*,1650,85843,0.00376759643737348,CHH,AK_NK
379,Fvb7,18900001,18950000,50000,*,2170,85247,-0.00194049759426116,CHH,AK_NK
380,Fvb7,18950001,19000000,50000,*,459,100715,-0.00292926315053399,CHH,AK_NK
381,Fvb7,19000001,19050000,50000,*,2016,94123,-0.00198357798548401,CHH,AK_NK
382,Fvb7,19050001,19100000,50000,*,2046,96700,0.0031901744983185,CHH,AK_NK
383,Fvb7,19100001,19150000,50000,*,2502,84467,0.00471894329750381,CHH,AK_NK
384,Fvb7,19150001,19200000,50000,*,2030,94730,0.00317956443624827,CHH,AK_NK
385,Fvb7,19200001,19250000,50000,*,1583,92883,0.0107987315840579,CHH,AK_NK
386,Fvb7,19250001,19300000,50000,*,3814,88515,0.00722922708672156,CHH,AK_NK
387,Fvb7,19300001,19350000,50000,*,10023,50055,0.0490208354941919,CHH,AK_NK
388,Fvb7,19350001,19400000,50000,*,2758,109556,0.0122529168011557,CHH,AK_NK
389,Fvb7,19400001,19450000,50000,*,1515,109364,0.00312238809440974,CHH,AK_NK
390,Fvb7,19450001,19500000,50000,*,3421,76771,0.00304231891542439,CHH,AK_NK
391,Fvb7,19500001,19550000,50000,*,10437,99164,0.0352982832653442,CHH,AK_NK
392,Fvb7,19550001,19600000,50000,*,9306,96159,0.0357414632309695,CHH,AK_NK
393,Fvb7,19600001,19650000,50000,*,658,110140,-0.00202587104103712,CHH,AK_NK
394,Fvb7,19650001,19700000,50000,*,2852,104251,0.00702416071981183,CHH,AK_NK
395,Fvb7,19700001,19750000,50000,*,2199,100511,0.000484753262166678,CHH,AK_NK
396,Fvb7,19750001,19800000,50000,*,2313,99056,-0.00331981037343987,CHH,AK_NK
397,Fvb7,19800001,19850000,50000,*,623,98534,-0.00132920519799706,CHH,AK_NK
398,Fvb7,19850001,19900000,50000,*,1588,102901,-0.00160928635339739,CHH,AK_NK
399,Fvb7,19900001,19950000,50000,*,1307,104921,0.000793429010334395,CHH,AK_NK
400,Fvb7,19950001,20000000,50000,*,1387,110954,0.000966866307302146,CHH,AK_NK
401,Fvb7,20000001,20050000,50000,*,1066,113686,-0.00211221065779767,CHH,AK_NK
402,Fvb7,20050001,20100000,50000,*,2629,93365,-0.00712911241394767,CHH,AK_NK
403,Fvb7,20100001,20150000,50000,*,2588,91698,0.00331175453132146,CHH,AK_NK
404,Fvb7,20150001,20200000,50000,*,1327,99109,0.00100618625695227,CHH,AK_NK
405,Fvb7,20200001,20250000,50000,*,1688,88393,0.00534533556098792,CHH,AK_NK
406,Fvb7,20250001,20300000,50000,*,1663,98765,0.00299110984144839,CHH,AK_NK
407,Fvb7,20300001,20350000,50000,*,819,106511,-0.000384269481550412,CHH,AK_NK
408,Fvb7,20350001,20400000,50000,*,288,47802,-4.87451968379932e-05,CHH,AK_NK
409,Fvb7,20400001,20450000,50000,*,697,80197,-0.00154553901076812,CHH,AK_NK
410,Fvb7,20450001,20500000,50000,*,426,92626,-0.00621671810158038,CHH,AK_NK
411,Fvb7,20500001,20550000,50000,*,765,80889,0.00111126962798165,CHH,AK_NK
412,Fvb7,20550001,20600000,50000,*,554,82282,-0.00074604766387247,CHH,AK_NK
413,Fvb7,20600001,20650000,50000,*,352,32740,-0.00600620653210919,CHH,AK_NK
414,Fvb7,20650001,20700000,50000,*,709,87478,-0.00640455280989742,CHH,AK_NK
415,Fvb7,20700001,20750000,50000,*,832,99179,-0.00117372499004598,CHH,AK_NK
416,Fvb7,20750001,20800000,50000,*,836,86838,0.00198121371349593,CHH,AK_NK
417,Fvb7,20800001,20850000,50000,*,474,60766,0.0029615226761968,CHH,AK_NK
418,Fvb7,20850001,20900000,50000,*,1569,95389,0.00741065692119303,CHH,AK_NK
419,Fvb7,20900001,20950000,50000,*,1228,100183,0.00426385719695902,CHH,AK_NK
420,Fvb7,20950001,21000000,50000,*,789,90309,-0.000406706748256352,CHH,AK_NK
421,Fvb7,21000001,21050000,50000,*,989,101424,5.54121797853701e-05,CHH,AK_NK
422,Fvb7,21050001,21100000,50000,*,932,110820,0.000237278118574515,CHH,AK_NK
423,Fvb7,21100001,21150000,50000,*,2548,164343,0.00670986056688264,CHH,AK_NK
424,Fvb7,21150001,21200000,50000,*,3477,84057,0.0266212150311337,CHH,AK_NK
425,Fvb7,21200001,21250000,50000,*,2303,95334,0.00372297656558445,CHH,AK_NK
426,Fvb7,21250001,21300000,50000,*,1103,97237,0.000790860038151245,CHH,AK_NK
427,Fvb7,21300001,21350000,50000,*,1813,96195,0.00415987671363177,CHH,AK_NK
428,Fvb7,21350001,21400000,50000,*,1561,87761,0.00166048480174017,CHH,AK_NK
429,Fvb7,21400001,21450000,50000,*,1876,102472,-0.000821093729111655,CHH,AK_NK
430,Fvb7,21450001,21500000,50000,*,1910,59423,-0.013353080434788,CHH,AK_NK
431,Fvb7,21500001,21550000,50000,*,1386,100243,0.00264691569701862,CHH,AK_NK
432,Fvb7,21550001,21600000,50000,*,1493,90240,-0.00122807448788706,CHH,AK_NK
433,Fvb7,21600001,21650000,50000,*,1630,84614,-0.00440733023030693,CHH,AK_NK
434,Fvb7,21650001,21700000,50000,*,1745,91216,0.00367138012409735,CHH,AK_NK
435,Fvb7,21700001,21750000,50000,*,1148,74409,-0.00944636761501382,CHH,AK_NK
436,Fvb7,21750001,21800000,50000,*,2075,91964,0.00529586901574525,CHH,AK_NK
437,Fvb7,21800001,21850000,50000,*,1232,82006,-0.00202710170178984,CHH,AK_NK
438,Fvb7,21850001,21900000,50000,*,1002,100363,0.00144236605091979,CHH,AK_NK
439,Fvb7,21900001,21950000,50000,*,3254,82602,0.00568239012915289,CHH,AK_NK
440,Fvb7,21950001,22000000,50000,*,1743,87659,-0.00170358776678516,CHH,AK_NK
441,Fvb7,22000001,22050000,50000,*,2042,97724,0.00206792531819139,CHH,AK_NK
442,Fvb7,22050001,22100000,50000,*,1329,86597,0.00312620004641228,CHH,AK_NK
443,Fvb7,22100001,22150000,50000,*,1436,92662,0.00334976721091624,CHH,AK_NK
444,Fvb7,22150001,22200000,50000,*,2539,101784,-0.00206690158462362,CHH,AK_NK
445,Fvb7,22200001,22250000,50000,*,11457,98453,0.0206102111182889,CHH,AK_NK
446,Fvb7,22250001,22300000,50000,*,1359,109985,-0.00146224508612519,CHH,AK_NK
447,Fvb7,22300001,22350000,50000,*,1651,92371,-0.00367647758887802,CHH,AK_NK
448,Fvb7,22350001,22400000,50000,*,2082,102855,0.00856123310065825,CHH,AK_NK
449,Fvb7,22400001,22450000,50000,*,1746,100097,0.00152060868853302,CHH,AK_NK
450,Fvb7,22450001,22500000,50000,*,1239,94907,-0.000782499665815442,CHH,AK_NK
451,Fvb7,22500001,22550000,50000,*,2272,98573,-0.00286368542590102,CHH,AK_NK
452,Fvb7,22550001,22600000,50000,*,909,63635,-0.0166751950252281,CHH,AK_NK
453,Fvb7,22600001,22650000,50000,*,1156,36370,-0.0332533441706947,CHH,AK_NK
454,Fvb7,22650001,22700000,50000,*,1463,102038,0.00914026253166114,CHH,AK_NK
455,Fvb7,22700001,22750000,50000,*,1907,94440,0.00206040353539832,CHH,AK_NK
456,Fvb7,22750001,22800000,50000,*,1065,103240,0.000621982187119367,CHH,AK_NK
457,Fvb7,22800001,22850000,50000,*,2045,89154,0.00780167741618947,CHH,AK_NK
458,Fvb7,22850001,22900000,50000,*,920,78793,0.00305350236336047,CHH,AK_NK
459,Fvb7,22900001,22950000,50000,*,1149,100900,0.00332687464673661,CHH,AK_NK
460,Fvb7,22950001,23000000,50000,*,870,79882,-0.00392643278325681,CHH,AK_NK
461,Fvb7,23000001,23050000,50000,*,1240,33969,0.0151628036904051,CHH,AK_NK
462,Fvb7,23050001,23100000,50000,*,1236,85338,0.00286552084062959,CHH,AK_NK
463,Fvb7,23100001,23150000,50000,*,1349,91552,0.00169216575024731,CHH,AK_NK
464,Fvb7,23150001,23200000,50000,*,953,59986,-0.0123105768627095,CHH,AK_NK
465,Fvb7,23200001,23250000,50000,*,2375,95628,-0.00251061910870671,CHH,AK_NK
466,Fvb7,23250001,23300000,50000,*,3138,91097,0.0191824542637386,CHH,AK_NK
467,Fvb7,23300001,23350000,50000,*,2129,91584,0.00971427975867913,CHH,AK_NK
468,Fvb7,23350001,23400000,50000,*,965,107767,0.00186454376092224,CHH,AK_NK
469,Fvb7,23400001,23450000,50000,*,1820,80884,0.00401889929507215,CHH,AK_NK
470,Fvb7,23450001,23500000,50000,*,539,63164,0.000971760719104008,CHH,AK_NK
471,Fvb7,23500001,23550000,50000,*,1923,70169,-0.000622522703405144,CHH,AK_NK
472,Fvb7,23550001,23600000,50000,*,2686,99912,0.00664437546516508,CHH,AK_NK
473,Fvb7,23600001,23650000,50000,*,1070,106754,0.0016141894086564,CHH,AK_NK
474,Fvb7,23650001,23700000,50000,*,1591,94094,0.00365058253540265,CHH,AK_NK
475,Fvb7,23700001,23750000,50000,*,2726,64038,-0.0259935853968919,CHH,AK_NK
476,Fvb7,23750001,23800000,50000,*,717,91044,-0.000279670421947429,CHH,AK_NK
477,Fvb7,23800001,23850000,50000,*,3303,83460,0.0232838517885247,CHH,AK_NK
478,Fvb7,23850001,23900000,50000,*,1448,85208,0.000825784460442819,CHH,AK_NK
479,Fvb7,23900001,23950000,50000,*,1037,79813,-4.81422054348767e-05,CHH,AK_NK
480,Fvb7,23950001,24000000,50000,*,1513,125757,0.0045623709291695,CHH,AK_NK
481,Fvb7,24000001,24050000,50000,*,697,118503,-0.00070952073794177,CHH,AK_NK
482,Fvb7,24050001,24100000,50000,*,1034,122000,0.000684992738513006,CHH,AK_NK
483,Fvb7,24100001,24150000,50000,*,2385,80973,-0.000227483917282147,CHH,AK_NK
484,Fvb7,24150001,24200000,50000,*,1145,105485,0.00158226655045642,CHH,AK_NK
